사업장번호,사업장명,납부자번호,팩스번호,수신건수,최초수신일,최근수신일,예시파일명(최대3개),비고
,,,0151801027719825,1,2026-06-23,2026-06-23,0151801027719825_20260623232140.tif,샘플 1건을 열어 사업장명을 확인 후 채워주세요
,,,0151801073731932,1,2026-06-22,2026-06-22,0151801073731932_20260622111150.tif,샘플 1건을 열어 사업장명을 확인 후 채워주세요
,,,0151801087756396,1,2026-06-08,2026-06-08,0151801087756396_20260608165853.tif,샘플 1건을 열어 사업장명을 확인 후 채워주세요
,,,0151801089493019,2,2026-05-27,2026-06-24,0151801089493019_20260527170714.tif; 0151801089493019_20260624171817.tif,샘플 1건을 열어 사업장명을 확인 후 채워주세요
,,,0151801092477935,2,2026-06-25,2026-06-26,0151801092477935_20260625110748.tif; 0151801092477935_20260626154244.tif,샘플 1건을 열어 사업장명을 확인 후 채워주세요
,,,023763736,1,2026-06-19,2026-06-19,023763736_20260619095444.tif,샘플 1건을 열어 사업장명을 확인 후 채워주세요
,,,023819437,1,2026-06-19,2026-06-19,023819437_20260619170906.tif,샘플 1건을 열어 사업장명을 확인 후 채워주세요
,,,0260086038,1,2026-06-01,2026-06-01,0260086038_20260601083657.tif,샘플 1건을 열어 사업장명을 확인 후 채워주세요
,,,0262231286,2,2026-06-22,2026-06-22,0262231286_20260622153440.tif; 0262231286_20260622161627.tif,샘플 1건을 열어 사업장명을 확인 후 채워주세요
,,,027340685,1,2026-06-18,2026-06-18,027340685_20260618160435.tif,샘플 1건을 열어 사업장명을 확인 후 채워주세요
,,,029514608,1,2026-06-24,2026-06-24,029514608_20260624145553.tif,샘플 1건을 열어 사업장명을 확인 후 채워주세요
,,,0314263379,1,2026-06-22,2026-06-22,0314263379_20260622153353.tif,샘플 1건을 열어 사업장명을 확인 후 채워주세요
,,,0315110195,2,2026-05-27,2026-06-29,0315110195_20260527104426.tif; 0315110195_20260629130102.tif,샘플 1건을 열어 사업장명을 확인 후 채워주세요
,,,0315110478,1,2026-06-19,2026-06-19,0315110478_20260619101618.tif,샘플 1건을 열어 사업장명을 확인 후 채워주세요
,,,0315111708,1,2026-06-22,2026-06-22,0315111708_20260622132948.tif,샘플 1건을 열어 사업장명을 확인 후 채워주세요
,,,0315119332,1,2026-06-22,2026-06-22,0315119332_20260622164919.tif,샘플 1건을 열어 사업장명을 확인 후 채워주세요
,,,0315120019,1,2026-06-22,2026-06-22,0315120019_20260622162014.tif,샘플 1건을 열어 사업장명을 확인 후 채워주세요
,,,0315124744,1,2026-06-22,2026-06-22,0315124744_20260622091403.tif,샘플 1건을 열어 사업장명을 확인 후 채워주세요
,,,0315126448,1,2026-06-18,2026-06-18,0315126448_20260618130852.tif,샘플 1건을 열어 사업장명을 확인 후 채워주세요
,,,0315127568,1,2026-06-23,2026-06-23,0315127568_20260623172927.tif,샘플 1건을 열어 사업장명을 확인 후 채워주세요
,,,0315133500,1,2026-06-23,2026-06-23,0315133500_20260623095344.tif,샘플 1건을 열어 사업장명을 확인 후 채워주세요
,,,0315133625,1,2026-06-23,2026-06-23,0315133625_20260623095657.tif,샘플 1건을 열어 사업장명을 확인 후 채워주세요
,,,0315140091,1,2026-06-22,2026-06-22,0315140091_20260622100300.tif,샘플 1건을 열어 사업장명을 확인 후 채워주세요
,,,0315141367,1,2026-06-22,2026-06-22,0315141367_20260622100043.tif,샘플 1건을 열어 사업장명을 확인 후 채워주세요
,,,0315143132,1,2026-06-24,2026-06-24,0315143132_20260624102323.tif,샘플 1건을 열어 사업장명을 확인 후 채워주세요
,,,0315147566,1,2026-06-22,2026-06-22,0315147566_20260622091436.tif,샘플 1건을 열어 사업장명을 확인 후 채워주세요
,,,0315147723,1,2026-06-22,2026-06-22,0315147723_20260622090517.tif,샘플 1건을 열어 사업장명을 확인 후 채워주세요
,,,0315150002,1,2026-06-22,2026-06-22,0315150002_20260622085601.tif,샘플 1건을 열어 사업장명을 확인 후 채워주세요
,,,0315150558,2,2026-05-27,2026-06-22,0315150558_20260527171718.tif; 0315150558_20260622142904.tif,샘플 1건을 열어 사업장명을 확인 후 채워주세요
,,,0315154076,1,2026-06-26,2026-06-26,0315154076_20260626103422.tif,샘플 1건을 열어 사업장명을 확인 후 채워주세요
,,,0315156605,1,2026-06-18,2026-06-18,0315156605_20260618145451.tif,샘플 1건을 열어 사업장명을 확인 후 채워주세요
,,,0315158826,1,2026-06-17,2026-06-17,0315158826_20260617091537.tif,샘플 1건을 열어 사업장명을 확인 후 채워주세요
,,,0315159097,2,2026-05-27,2026-06-26,0315159097_20260527161844.tif; 0315159097_20260626092122.tif,샘플 1건을 열어 사업장명을 확인 후 채워주세요
,,,0315163402,1,2026-06-15,2026-06-15,0315163402_20260615105537.tif,샘플 1건을 열어 사업장명을 확인 후 채워주세요
,,,0315164647,1,2026-06-18,2026-06-18,0315164647_20260618111355.tif,샘플 1건을 열어 사업장명을 확인 후 채워주세요
,,,0315234096,1,2026-06-24,2026-06-24,0315234096_20260624102225.tif,샘플 1건을 열어 사업장명을 확인 후 채워주세요
,,,0315270205,1,2026-06-22,2026-06-22,0315270205_20260622093816.tif,샘플 1건을 열어 사업장명을 확인 후 채워주세요
,,,0315270263,1,2026-06-23,2026-06-23,0315270263_20260623171339.tif,샘플 1건을 열어 사업장명을 확인 후 채워주세요
,,,0315270991,1,2026-06-22,2026-06-22,0315270991_20260622100750.tif,샘플 1건을 열어 사업장명을 확인 후 채워주세요
,,,0315271649,1,2026-06-23,2026-06-23,0315271649_20260623090843.tif,샘플 1건을 열어 사업장명을 확인 후 채워주세요
,,,0315272462,1,2026-06-24,2026-06-24,0315272462_20260624100942.tif,샘플 1건을 열어 사업장명을 확인 후 채워주세요
,,,0315272481,1,2026-06-23,2026-06-23,0315272481_20260623133018.tif,샘플 1건을 열어 사업장명을 확인 후 채워주세요
,,,0315273073,1,2026-06-23,2026-06-23,0315273073_20260623172803.tif,샘플 1건을 열어 사업장명을 확인 후 채워주세요
,,,0315280796,1,2026-06-22,2026-06-22,0315280796_20260622091425.tif,샘플 1건을 열어 사업장명을 확인 후 채워주세요
,,,0315282016,1,2026-06-23,2026-06-23,0315282016_20260623150946.tif,샘플 1건을 열어 사업장명을 확인 후 채워주세요
,,,0315282611,1,2026-06-22,2026-06-22,0315282611_20260622101303.tif,샘플 1건을 열어 사업장명을 확인 후 채워주세요
,,,0315283013,2,2026-06-01,2026-06-18,0315283013_20260601152632.tif; 0315283013_20260618115301.tif,샘플 1건을 열어 사업장명을 확인 후 채워주세요
,,,0315283249,1,2026-06-23,2026-06-23,0315283249_20260623132626.tif,샘플 1건을 열어 사업장명을 확인 후 채워주세요
,,,0315289452,1,2026-06-22,2026-06-22,0315289452_20260622093817.tif,샘플 1건을 열어 사업장명을 확인 후 채워주세요
,,,0315296098,1,2026-06-23,2026-06-23,0315296098_20260623101819.tif,샘플 1건을 열어 사업장명을 확인 후 채워주세요
,,,0315340994,1,2026-06-19,2026-06-19,0315340994_20260619143411.tif,샘플 1건을 열어 사업장명을 확인 후 채워주세요
,,,0315414868,1,2026-06-24,2026-06-24,0315414868_20260624092810.tif,샘플 1건을 열어 사업장명을 확인 후 채워주세요
,,,0315416218,1,2026-06-18,2026-06-18,0315416218_20260618112453.tif,샘플 1건을 열어 사업장명을 확인 후 채워주세요
,,,0315416968,1,2026-06-19,2026-06-19,0315416968_20260619144347.tif,샘플 1건을 열어 사업장명을 확인 후 채워주세요
,,,0315511653,1,2026-06-23,2026-06-23,0315511653_20260623145713.tif,샘플 1건을 열어 사업장명을 확인 후 채워주세요
,,,0315512090,2,2026-05-28,2026-06-29,0315512090_20260528152844.tif; 0315512090_20260629112814.tif,샘플 1건을 열어 사업장명을 확인 후 채워주세요
,,,0315517395,1,2026-06-24,2026-06-24,0315517395_20260624140246.tif,샘플 1건을 열어 사업장명을 확인 후 채워주세요
,,,0315519742,1,2026-06-19,2026-06-19,0315519742_20260619175422.tif,샘플 1건을 열어 사업장명을 확인 후 채워주세요
,,,0315523332,1,2026-06-05,2026-06-05,0315523332_20260605141649.tif,샘플 1건을 열어 사업장명을 확인 후 채워주세요
,,,0315524183,1,2026-06-18,2026-06-18,0315524183_20260618090414.tif,샘플 1건을 열어 사업장명을 확인 후 채워주세요
,,,0315550228,1,2026-06-18,2026-06-18,0315550228_20260618160611.tif,샘플 1건을 열어 사업장명을 확인 후 채워주세요
,,,0315551679,1,2026-06-24,2026-06-24,0315551679_20260624152216.tif,샘플 1건을 열어 사업장명을 확인 후 채워주세요
,,,0315552063,1,2026-05-29,2026-05-29,0315552063_20260529102550.tif,샘플 1건을 열어 사업장명을 확인 후 채워주세요
,,,0315554889,2,2026-06-19,2026-06-23,0315554889_20260619134202.tif; 0315554889_20260623162730.tif,샘플 1건을 열어 사업장명을 확인 후 채워주세요
,,,0315564054,1,2026-06-17,2026-06-17,0315564054_20260617111106.tif,샘플 1건을 열어 사업장명을 확인 후 채워주세요
,,,0315566172,1,2026-06-23,2026-06-23,0315566172_20260623111459.tif,샘플 1건을 열어 사업장명을 확인 후 채워주세요
,,,0315567333,1,2026-06-19,2026-06-19,0315567333_20260619140343.tif,샘플 1건을 열어 사업장명을 확인 후 채워주세요
,,,0315578463,1,2026-06-19,2026-06-19,0315578463_20260619151619.tif,샘플 1건을 열어 사업장명을 확인 후 채워주세요
,,,0315579288,1,2026-06-19,2026-06-19,0315579288_20260619144703.tif,샘플 1건을 열어 사업장명을 확인 후 채워주세요
,,,0315585201,1,2026-06-19,2026-06-19,0315585201_20260619092103.tif,샘플 1건을 열어 사업장명을 확인 후 채워주세요
,,,0315593096,1,2026-06-19,2026-06-19,0315593096_20260619092011.tif,샘플 1건을 열어 사업장명을 확인 후 채워주세요
,,,0315599523,1,2026-06-08,2026-06-08,0315599523_20260608140339.tif,샘플 1건을 열어 사업장명을 확인 후 채워주세요
,,,0315599548,1,2026-06-22,2026-06-22,0315599548_20260622134921.tif,샘플 1건을 열어 사업장명을 확인 후 채워주세요
,,,0315629943,1,2026-06-18,2026-06-18,0315629943_20260618152259.tif,샘플 1건을 열어 사업장명을 확인 후 채워주세요
,,,0315631060,1,2026-06-23,2026-06-23,0315631060_20260623160323.tif,샘플 1건을 열어 사업장명을 확인 후 채워주세요
,,,0315669198,1,2026-06-09,2026-06-09,0315669198_20260609150326.tif,샘플 1건을 열어 사업장명을 확인 후 채워주세요
,,,0315670084,1,2026-06-22,2026-06-22,0315670084_20260622140531.tif,샘플 1건을 열어 사업장명을 확인 후 채워주세요
,,,0315681755,1,2026-06-19,2026-06-19,0315681755_20260619102458.tif,샘플 1건을 열어 사업장명을 확인 후 채워주세요
,,,0315687903,1,2026-06-17,2026-06-17,0315687903_20260617152620.tif,샘플 1건을 열어 사업장명을 확인 후 채워주세요
,,,0315692941,1,2026-06-01,2026-06-01,0315692941_20260601182105.tif,샘플 1건을 열어 사업장명을 확인 후 채워주세요
,,,0315697339,1,2026-06-19,2026-06-19,0315697339_20260619134047.tif,샘플 1건을 열어 사업장명을 확인 후 채워주세요
,,,0315711728,1,2026-06-22,2026-06-22,0315711728_20260622164656.tif,샘플 1건을 열어 사업장명을 확인 후 채워주세요
,,,0315727198,1,2026-06-18,2026-06-18,0315727198_20260618144408.tif,샘플 1건을 열어 사업장명을 확인 후 채워주세요
,,,0315740412,1,2026-06-23,2026-06-23,0315740412_20260623093304.tif,샘플 1건을 열어 사업장명을 확인 후 채워주세요
,,,0315742703,1,2026-06-22,2026-06-22,0315742703_20260622141102.tif,샘플 1건을 열어 사업장명을 확인 후 채워주세요
,,,0315748471,1,2026-06-19,2026-06-19,0315748471_20260619163621.tif,샘플 1건을 열어 사업장명을 확인 후 채워주세요
,,,0315748625,1,2026-06-18,2026-06-18,0315748625_20260618161956.tif,샘플 1건을 열어 사업장명을 확인 후 채워주세요
,,,0315749379,1,2026-06-22,2026-06-22,0315749379_20260622095054.tif,샘플 1건을 열어 사업장명을 확인 후 채워주세요
,,,0315750231,1,2026-06-15,2026-06-15,0315750231_20260615152611.tif,샘플 1건을 열어 사업장명을 확인 후 채워주세요
,,,0315750244,1,2026-06-24,2026-06-24,0315750244_20260624091521.tif,샘플 1건을 열어 사업장명을 확인 후 채워주세요
,,,0315755325,1,2026-06-22,2026-06-22,0315755325_20260622154104.tif,샘플 1건을 열어 사업장명을 확인 후 채워주세요
,,,0315757739,1,2026-06-24,2026-06-24,0315757739_20260624092536.tif,샘플 1건을 열어 사업장명을 확인 후 채워주세요
,,,0315762432,1,2026-06-23,2026-06-23,0315762432_20260623105627.tif,샘플 1건을 열어 사업장명을 확인 후 채워주세요
,,,0315766345,1,2026-06-22,2026-06-22,0315766345_20260622110117.tif,샘플 1건을 열어 사업장명을 확인 후 채워주세요
,,,0315766833,1,2026-06-22,2026-06-22,0315766833_20260622113632.tif,샘플 1건을 열어 사업장명을 확인 후 채워주세요
,,,0315771206,1,2026-06-24,2026-06-24,0315771206_20260624093836.tif,샘플 1건을 열어 사업장명을 확인 후 채워주세요
,,,0315773186,1,2026-06-22,2026-06-22,0315773186_20260622095856.tif,샘플 1건을 열어 사업장명을 확인 후 채워주세요
,,,0315777641,2,2026-06-15,2026-06-15,0315777641_20260615105012.tif; 0315777641_20260615110644.tif,샘플 1건을 열어 사업장명을 확인 후 채워주세요
,,,0315859027,1,2026-06-23,2026-06-23,0315859027_20260623155459.tif,샘플 1건을 열어 사업장명을 확인 후 채워주세요
,,,0315911563,1,2026-06-22,2026-06-22,0315911563_20260622093638.tif,샘플 1건을 열어 사업장명을 확인 후 채워주세요
,,,0315920046,1,2026-06-17,2026-06-17,0315920046_20260617091110.tif,샘플 1건을 열어 사업장명을 확인 후 채워주세요
,,,0315921158,2,2026-06-22,2026-06-24,0315921158_20260622143830.tif; 0315921158_20260624093550.tif,샘플 1건을 열어 사업장명을 확인 후 채워주세요
,,,0315925092,1,2026-06-23,2026-06-23,0315925092_20260623091531.tif,샘플 1건을 열어 사업장명을 확인 후 채워주세요
,,,0315930894,1,2026-06-19,2026-06-19,0315930894_20260619110111.tif,샘플 1건을 열어 사업장명을 확인 후 채워주세요
,,,0315931737,1,2026-06-19,2026-06-19,0315931737_20260619104154.tif,샘플 1건을 열어 사업장명을 확인 후 채워주세요
,,,0315932664,1,2026-06-08,2026-06-08,0315932664_20260608133247.tif,샘플 1건을 열어 사업장명을 확인 후 채워주세요
,,,0315934421,1,2026-06-24,2026-06-24,0315934421_20260624160208.tif,샘플 1건을 열어 사업장명을 확인 후 채워주세요
,,,0315936613,1,2026-06-17,2026-06-17,0315936613_20260617143025.tif,샘플 1건을 열어 사업장명을 확인 후 채워주세요
,,,0315948883,1,2026-06-22,2026-06-22,0315948883_20260622092621.tif,샘플 1건을 열어 사업장명을 확인 후 채워주세요
,,,0315949525,1,2026-06-19,2026-06-19,0315949525_20260619170715.tif,샘플 1건을 열어 사업장명을 확인 후 채워주세요
,,,0315950572,1,2026-06-23,2026-06-23,0315950572_20260623110552.tif,샘플 1건을 열어 사업장명을 확인 후 채워주세요
,,,0317710406,1,2026-06-15,2026-06-15,0317710406_20260615083209.tif,샘플 1건을 열어 사업장명을 확인 후 채워주세요
,,,0317717066,1,2026-06-19,2026-06-19,0317717066_20260619155157.tif,샘플 1건을 열어 사업장명을 확인 후 채워주세요
,,,0317729963,4,2026-06-24,2026-06-25,0317729963_20260624151050.tif; 0317729963_20260624152123.tif; 0317729963_20260625094527.tif,샘플 1건을 열어 사업장명을 확인 후 채워주세요
,,,0317741054,1,2026-06-22,2026-06-22,0317741054_20260622100526.tif,샘플 1건을 열어 사업장명을 확인 후 채워주세요
,,,03180711051,1,2026-06-22,2026-06-22,03180711051_20260622160523.tif,샘플 1건을 열어 사업장명을 확인 후 채워주세요
,,,03180711705,1,2026-06-23,2026-06-23,03180711705_20260623154724.tif,샘플 1건을 열어 사업장명을 확인 후 채워주세요
,,,0318110380,1,2026-06-22,2026-06-22,0318110380_20260622152030.tif,샘플 1건을 열어 사업장명을 확인 후 채워주세요
,,,0318110769,1,2026-06-19,2026-06-19,0318110769_20260619093043.tif,샘플 1건을 열어 사업장명을 확인 후 채워주세요
,,,0318111073,1,2026-06-17,2026-06-17,0318111073_20260617092622.tif,샘플 1건을 열어 사업장명을 확인 후 채워주세요
,,,0318116546,1,2026-06-22,2026-06-22,0318116546_20260622155424.tif,샘플 1건을 열어 사업장명을 확인 후 채워주세요
,,,0318117112,1,2026-06-22,2026-06-22,0318117112_20260622115129.tif,샘플 1건을 열어 사업장명을 확인 후 채워주세요
,,,0318117942,1,2026-06-02,2026-06-02,0318117942_20260602100135.tif,샘플 1건을 열어 사업장명을 확인 후 채워주세요
,,,0318119398,1,2026-06-18,2026-06-18,0318119398_20260618144213.tif,샘플 1건을 열어 사업장명을 확인 후 채워주세요
,,,0318124339,1,2026-06-19,2026-06-19,0318124339_20260619171810.tif,샘플 1건을 열어 사업장명을 확인 후 채워주세요
,,,0318130117,1,2026-06-23,2026-06-23,0318130117_20260623144131.tif,샘플 1건을 열어 사업장명을 확인 후 채워주세요
,,,0318134252,1,2026-06-19,2026-06-19,0318134252_20260619092011.tif,샘플 1건을 열어 사업장명을 확인 후 채워주세요
,,,0318134541,1,2026-06-18,2026-06-18,0318134541_20260618132332.tif,샘플 1건을 열어 사업장명을 확인 후 채워주세요
,,,0318136138,1,2026-06-18,2026-06-18,0318136138_20260618111201.tif,샘플 1건을 열어 사업장명을 확인 후 채워주세요
,,,0318136353,1,2026-06-22,2026-06-22,0318136353_20260622090530.tif,샘플 1건을 열어 사업장명을 확인 후 채워주세요
,,,0318139993,1,2026-06-19,2026-06-19,0318139993_20260619095445.tif,샘플 1건을 열어 사업장명을 확인 후 채워주세요
,,,0318141038,2,2026-06-22,2026-06-22,0318141038_20260622094522.tif; 0318141038_20260622094839.tif,샘플 1건을 열어 사업장명을 확인 후 채워주세요
,,,0318141181,1,2026-06-19,2026-06-19,0318141181_20260619100056.tif,샘플 1건을 열어 사업장명을 확인 후 채워주세요
,,,0318141533,1,2026-06-18,2026-06-18,0318141533_20260618163858.tif,샘플 1건을 열어 사업장명을 확인 후 채워주세요
,,,0318143764,1,2026-06-23,2026-06-23,0318143764_20260623092058.tif,샘플 1건을 열어 사업장명을 확인 후 채워주세요
,,,0318146022,1,2026-06-15,2026-06-15,0318146022_20260615161715.tif,샘플 1건을 열어 사업장명을 확인 후 채워주세요
,,,0318146667,1,2026-06-12,2026-06-12,0318146667_20260612160505.tif,샘플 1건을 열어 사업장명을 확인 후 채워주세요
,,,0318148788,1,2026-06-22,2026-06-22,0318148788_20260622090517.tif,샘플 1건을 열어 사업장명을 확인 후 채워주세요
,,,0318149964,1,2026-06-02,2026-06-02,0318149964_20260602153755.tif,샘플 1건을 열어 사업장명을 확인 후 채워주세요
,,,0318150054,1,2026-06-17,2026-06-17,0318150054_20260617133208.tif,샘플 1건을 열어 사업장명을 확인 후 채워주세요
,,,0318150595,1,2026-06-19,2026-06-19,0318150595_20260619090030.tif,샘플 1건을 열어 사업장명을 확인 후 채워주세요
,,,0318150833,1,2026-06-22,2026-06-22,0318150833_20260622105811.tif,샘플 1건을 열어 사업장명을 확인 후 채워주세요
,,,0318151890,1,2026-06-01,2026-06-01,0318151890_20260601133127.tif,샘플 1건을 열어 사업장명을 확인 후 채워주세요
,,,0318152314,1,2026-06-19,2026-06-19,0318152314_20260619134157.tif,샘플 1건을 열어 사업장명을 확인 후 채워주세요
,,,0318154023,1,2026-06-22,2026-06-22,0318154023_20260622090031.tif,샘플 1건을 열어 사업장명을 확인 후 채워주세요
,,,0318156223,1,2026-06-25,2026-06-25,0318156223_20260625170119.tif,샘플 1건을 열어 사업장명을 확인 후 채워주세요
,,,0318162133,2,2026-05-27,2026-06-24,0318162133_20260527134822.tif; 0318162133_20260624090808.tif,샘플 1건을 열어 사업장명을 확인 후 채워주세요
,,,0318163053,1,2026-06-17,2026-06-17,0318163053_20260617134350.tif,샘플 1건을 열어 사업장명을 확인 후 채워주세요
,,,0318164815,1,2026-06-26,2026-06-26,0318164815_20260626103006.tif,샘플 1건을 열어 사업장명을 확인 후 채워주세요
,,,0318168448,1,2026-06-22,2026-06-22,0318168448_20260622101551.tif,샘플 1건을 열어 사업장명을 확인 후 채워주세요
,,,0318168546,1,2026-06-18,2026-06-18,0318168546_20260618090639.tif,샘플 1건을 열어 사업장명을 확인 후 채워주세요
,,,0318168787,1,2026-06-23,2026-06-23,0318168787_20260623094728.tif,샘플 1건을 열어 사업장명을 확인 후 채워주세요
,,,0318169650,1,2026-06-22,2026-06-22,0318169650_20260622152608.tif,샘플 1건을 열어 사업장명을 확인 후 채워주세요
,,,0318170110,1,2026-06-19,2026-06-19,0318170110_20260619095852.tif,샘플 1건을 열어 사업장명을 확인 후 채워주세요
,,,0318174591,1,2026-06-17,2026-06-17,0318174591_20260617132451.tif,샘플 1건을 열어 사업장명을 확인 후 채워주세요
,,,0318175535,1,2026-06-22,2026-06-22,0318175535_20260622153447.tif,샘플 1건을 열어 사업장명을 확인 후 채워주세요
,,,0318177111,1,2026-06-24,2026-06-24,0318177111_20260624125718.tif,샘플 1건을 열어 사업장명을 확인 후 채워주세요
,,,0318177810,1,2026-06-02,2026-06-02,0318177810_20260602151832.tif,샘플 1건을 열어 사업장명을 확인 후 채워주세요
,,,0318179757,1,2026-06-22,2026-06-22,0318179757_20260622150009.tif,샘플 1건을 열어 사업장명을 확인 후 채워주세요
,,,0318190250,3,2026-06-12,2026-06-25,0318190250_20260612152426.tif; 0318190250_20260622162905.tif; 0318190250_20260625161712.tif,샘플 1건을 열어 사업장명을 확인 후 채워주세요
,,,0318190254,1,2026-06-22,2026-06-22,0318190254_20260622094601.tif,샘플 1건을 열어 사업장명을 확인 후 채워주세요
,,,0318191479,2,2026-06-19,2026-06-19,0318191479_20260619174700.tif; 0318191479_20260619174847.tif,샘플 1건을 열어 사업장명을 확인 후 채워주세요
,,,0318193343,2,2026-05-27,2026-06-22,0318193343_20260527134657.tif; 0318193343_20260622143927.tif,샘플 1건을 열어 사업장명을 확인 후 채워주세요
,,,0318195445,1,2026-06-19,2026-06-19,0318195445_20260619171400.tif,샘플 1건을 열어 사업장명을 확인 후 채워주세요
,,,0318196468,1,2026-06-23,2026-06-23,0318196468_20260623153633.tif,샘플 1건을 열어 사업장명을 확인 후 채워주세요
,,,0318199241,1,2026-06-19,2026-06-19,0318199241_20260619172159.tif,샘플 1건을 열어 사업장명을 확인 후 채워주세요
,,,0318214787,1,2026-05-28,2026-05-28,0318214787_20260528101503.tif,샘플 1건을 열어 사업장명을 확인 후 채워주세요
,,,0318217773,1,2026-06-22,2026-06-22,0318217773_20260622170011.tif,샘플 1건을 열어 사업장명을 확인 후 채워주세요
,,,0318234152,1,2026-06-24,2026-06-24,0318234152_20260624151814.tif,샘플 1건을 열어 사업장명을 확인 후 채워주세요
,,,0318244546,1,2026-06-23,2026-06-23,0318244546_20260623133614.tif,샘플 1건을 열어 사업장명을 확인 후 채워주세요
,,,0318263451,1,2026-06-18,2026-06-18,0318263451_20260618140618.tif,샘플 1건을 열어 사업장명을 확인 후 채워주세요
,,,0318273495,1,2026-06-23,2026-06-23,0318273495_20260623150011.tif,샘플 1건을 열어 사업장명을 확인 후 채워주세요
,,,0318296675,1,2026-06-18,2026-06-18,0318296675_20260618172741.tif,샘플 1건을 열어 사업장명을 확인 후 채워주세요
,,,0318350809,1,2026-06-24,2026-06-24,0318350809_20260624091931.tif,샘플 1건을 열어 사업장명을 확인 후 채워주세요
,,,0318367054,1,2026-06-25,2026-06-25,0318367054_20260625142855.tif,샘플 1건을 열어 사업장명을 확인 후 채워주세요
,,,0318373743,1,2026-06-23,2026-06-23,0318373743_20260623093345.tif,샘플 1건을 열어 사업장명을 확인 후 채워주세요
,,,0318373778,1,2026-06-18,2026-06-18,0318373778_20260618112911.tif,샘플 1건을 열어 사업장명을 확인 후 채워주세요
,,,0318389335,3,2026-05-28,2026-06-29,0318389335_20260528115642.tif; 0318389335_20260528120531.tif; 0318389335_20260629110421.tif,샘플 1건을 열어 사업장명을 확인 후 채워주세요
,,,0318401778,1,2026-06-17,2026-06-17,0318401778_20260617160207.tif,샘플 1건을 열어 사업장명을 확인 후 채워주세요
,,,0318420775,1,2026-06-26,2026-06-26,0318420775_20260626095133.tif,샘플 1건을 열어 사업장명을 확인 후 채워주세요
,,,0318423525,1,2026-06-23,2026-06-23,0318423525_20260623104308.tif,샘플 1건을 열어 사업장명을 확인 후 채워주세요
,,,0318423595,1,2026-06-23,2026-06-23,0318423595_20260623135349.tif,샘플 1건을 열어 사업장명을 확인 후 채워주세요
,,,0318423719,1,2026-06-22,2026-06-22,0318423719_20260622101413.tif,샘플 1건을 열어 사업장명을 확인 후 채워주세요
,,,0318427302,2,2026-06-22,2026-06-22,0318427302_20260622140353.tif; 0318427302_20260622140558.tif,샘플 1건을 열어 사업장명을 확인 후 채워주세요
,,,0318435688,1,2026-06-23,2026-06-23,0318435688_20260623152335.tif,샘플 1건을 열어 사업장명을 확인 후 채워주세요
,,,0318436084,1,2026-06-22,2026-06-22,0318436084_20260622092834.tif,샘플 1건을 열어 사업장명을 확인 후 채워주세요
,,,0318439821,1,2026-06-09,2026-06-09,0318439821_20260609135000.tif,샘플 1건을 열어 사업장명을 확인 후 채워주세요
,,,0318442617,1,2026-06-19,2026-06-19,0318442617_20260619111553.tif,샘플 1건을 열어 사업장명을 확인 후 채워주세요
,,,0318443744,1,2026-06-23,2026-06-23,0318443744_20260623102901.tif,샘플 1건을 열어 사업장명을 확인 후 채워주세요
,,,0318450958,1,2026-06-19,2026-06-19,0318450958_20260619134529.tif,샘플 1건을 열어 사업장명을 확인 후 채워주세요
,,,0318460613,5,2026-06-01,2026-06-23,0318460613_20260601142543.tif; 0318460613_20260601161025.tif; 0318460613_20260602102631.tif,샘플 1건을 열어 사업장명을 확인 후 채워주세요
,,,0318461339,2,2026-06-22,2026-06-22,0318461339_20260622143148.tif; 0318461339_20260622143656.tif,샘플 1건을 열어 사업장명을 확인 후 채워주세요
,,,0318463823,1,2026-06-23,2026-06-23,0318463823_20260623135357.tif,샘플 1건을 열어 사업장명을 확인 후 채워주세요
,,,0318470158,1,2026-06-26,2026-06-26,0318470158_20260626170420.tif,샘플 1건을 열어 사업장명을 확인 후 채워주세요
,,,0318471262,1,2026-06-24,2026-06-24,0318471262_20260624110721.tif,샘플 1건을 열어 사업장명을 확인 후 채워주세요
,,,0318475989,2,2026-06-02,2026-06-23,0318475989_20260602101218.tif; 0318475989_20260623133122.tif,샘플 1건을 열어 사업장명을 확인 후 채워주세요
,,,0318477371,1,2026-06-22,2026-06-22,0318477371_20260622092753.tif,샘플 1건을 열어 사업장명을 확인 후 채워주세요
,,,0318480457,1,2026-06-19,2026-06-19,0318480457_20260619102901.tif,샘플 1건을 열어 사업장명을 확인 후 채워주세요
,,,0318485547,1,2026-06-15,2026-06-15,0318485547_20260615154954.tif,샘플 1건을 열어 사업장명을 확인 후 채워주세요
,,,0318487871,1,2026-06-19,2026-06-19,0318487871_20260619141145.tif,샘플 1건을 열어 사업장명을 확인 후 채워주세요
,,,0318521856,1,2026-06-22,2026-06-22,0318521856_20260622085651.tif,샘플 1건을 열어 사업장명을 확인 후 채워주세요
,,,0318527172,1,2026-06-23,2026-06-23,0318527172_20260623091215.tif,샘플 1건을 열어 사업장명을 확인 후 채워주세요
,,,0318527506,1,2026-06-22,2026-06-22,0318527506_20260622095243.tif,샘플 1건을 열어 사업장명을 확인 후 채워주세요
,,,0318527587,1,2026-06-11,2026-06-11,0318527587_20260611100346.tif,샘플 1건을 열어 사업장명을 확인 후 채워주세요
,,,0318528572,1,2026-06-18,2026-06-18,0318528572_20260618140141.tif,샘플 1건을 열어 사업장명을 확인 후 채워주세요
,,,0318529606,1,2026-06-23,2026-06-23,0318529606_20260623135129.tif,샘플 1건을 열어 사업장명을 확인 후 채워주세요
,,,0318530351,2,2026-05-27,2026-06-26,0318530351_20260527111149.tif; 0318530351_20260626151804.tif,샘플 1건을 열어 사업장명을 확인 후 채워주세요
,,,0318532250,1,2026-06-24,2026-06-24,0318532250_20260624181233.tif,샘플 1건을 열어 사업장명을 확인 후 채워주세요
,,,0318532641,1,2026-06-15,2026-06-15,0318532641_20260615142025.tif,샘플 1건을 열어 사업장명을 확인 후 채워주세요
,,,0318533444,1,2026-06-18,2026-06-18,0318533444_20260618093703.tif,샘플 1건을 열어 사업장명을 확인 후 채워주세요
,,,0318533544,1,2026-06-24,2026-06-24,0318533544_20260624082429.tif,샘플 1건을 열어 사업장명을 확인 후 채워주세요
,,,0318535492,2,2026-05-28,2026-06-26,0318535492_20260528152146.tif; 0318535492_20260626152000.tif,샘플 1건을 열어 사업장명을 확인 후 채워주세요
,,,0318535916,1,2026-06-16,2026-06-16,0318535916_20260616155152.tif,샘플 1건을 열어 사업장명을 확인 후 채워주세요
,,,0318536231,1,2026-06-18,2026-06-18,0318536231_20260618145615.tif,샘플 1건을 열어 사업장명을 확인 후 채워주세요
,,,0318539108,2,2026-06-19,2026-06-19,0318539108_20260619111427.tif; 0318539108_20260619112944.tif,샘플 1건을 열어 사업장명을 확인 후 채워주세요
,,,0318550602,1,2026-06-24,2026-06-24,0318550602_20260624103147.tif,샘플 1건을 열어 사업장명을 확인 후 채워주세요
,,,0318550612,1,2026-06-23,2026-06-23,0318550612_20260623103526.tif,샘플 1건을 열어 사업장명을 확인 후 채워주세요
,,,0318550841,1,2026-06-22,2026-06-22,0318550841_20260622165225.tif,샘플 1건을 열어 사업장명을 확인 후 채워주세요
,,,0318551640,1,2026-06-23,2026-06-23,0318551640_20260623134911.tif,샘플 1건을 열어 사업장명을 확인 후 채워주세요
,,,0318552352,2,2026-06-24,2026-06-24,0318552352_20260624103746.tif; 0318552352_20260624154011.tif,샘플 1건을 열어 사업장명을 확인 후 채워주세요
,,,0318559138,1,2026-06-23,2026-06-23,0318559138_20260623100753.tif,샘플 1건을 열어 사업장명을 확인 후 채워주세요
,,,0318599504,1,2026-06-22,2026-06-22,0318599504_20260622152031.tif,샘플 1건을 열어 사업장명을 확인 후 채워주세요
,,,0318612375,1,2026-06-22,2026-06-22,0318612375_20260622153559.tif,샘플 1건을 열어 사업장명을 확인 후 채워주세요
,,,0318613509,1,2026-06-22,2026-06-22,0318613509_20260622134746.tif,샘플 1건을 열어 사업장명을 확인 후 채워주세요
,,,0318616323,2,2026-06-24,2026-06-24,0318616323_20260624145545.tif; 0318616323_20260624150427.tif,샘플 1건을 열어 사업장명을 확인 후 채워주세요
,,,0318624705,1,2026-06-22,2026-06-22,0318624705_20260622145638.tif,샘플 1건을 열어 사업장명을 확인 후 채워주세요
,,,0318660081,1,2026-06-22,2026-06-22,0318660081_20260622091842.tif,샘플 1건을 열어 사업장명을 확인 후 채워주세요
,,,0318666032,1,2026-06-23,2026-06-23,0318666032_20260623142708.tif,샘플 1건을 열어 사업장명을 확인 후 채워주세요
,,,0318674094,1,2026-06-19,2026-06-19,0318674094_20260619162050.tif,샘플 1건을 열어 사업장명을 확인 후 채워주세요
,,,0318677873,1,2026-06-17,2026-06-17,0318677873_20260617142200.tif,샘플 1건을 열어 사업장명을 확인 후 채워주세요
,,,0318683434,1,2026-06-19,2026-06-19,0318683434_20260619154719.tif,샘플 1건을 열어 사업장명을 확인 후 채워주세요
,,,0318686435,1,2026-06-17,2026-06-17,0318686435_20260617131453.tif,샘플 1건을 열어 사업장명을 확인 후 채워주세요
,,,0318716836,1,2026-06-24,2026-06-24,0318716836_20260624103315.tif,샘플 1건을 열어 사업장명을 확인 후 채워주세요
,,,0318718398,1,2026-06-22,2026-06-22,0318718398_20260622093247.tif,샘플 1건을 열어 사업장명을 확인 후 채워주세요
,,,0318732955,2,2026-05-27,2026-06-26,0318732955_20260527164933.tif; 0318732955_20260626112951.tif,샘플 1건을 열어 사업장명을 확인 후 채워주세요
,,,0318735990,1,2026-06-22,2026-06-22,0318735990_20260622105327.tif,샘플 1건을 열어 사업장명을 확인 후 채워주세요
,,,0318739336,1,2026-06-26,2026-06-26,0318739336_20260626141306.tif,샘플 1건을 열어 사업장명을 확인 후 채워주세요
,,,0318749983,1,2026-06-25,2026-06-25,0318749983_20260625112445.tif,샘플 1건을 열어 사업장명을 확인 후 채워주세요
,,,0318753835,1,2026-06-25,2026-06-25,0318753835_20260625132134.tif,샘플 1건을 열어 사업장명을 확인 후 채워주세요
,,,0318762344,1,2026-06-22,2026-06-22,0318762344_20260622134758.tif,샘플 1건을 열어 사업장명을 확인 후 채워주세요
,,,0318762560,1,2026-06-15,2026-06-15,0318762560_20260615091525.tif,샘플 1건을 열어 사업장명을 확인 후 채워주세요
,,,0318765063,1,2026-06-12,2026-06-12,0318765063_20260612081614.tif,샘플 1건을 열어 사업장명을 확인 후 채워주세요
,,,0318768883,1,2026-06-18,2026-06-18,0318768883_20260618154837.tif,샘플 1건을 열어 사업장명을 확인 후 채워주세요
,,,0318771350,1,2026-06-19,2026-06-19,0318771350_20260619131544.tif,샘플 1건을 열어 사업장명을 확인 후 채워주세요
,,,0318774330,1,2026-06-19,2026-06-19,0318774330_20260619135113.tif,샘플 1건을 열어 사업장명을 확인 후 채워주세요
,,,0318783475,1,2026-06-22,2026-06-22,0318783475_20260622100244.tif,샘플 1건을 열어 사업장명을 확인 후 채워주세요
,,,0318784700,1,2026-06-18,2026-06-18,0318784700_20260618170839.tif,샘플 1건을 열어 사업장명을 확인 후 채워주세요
,,,0318788036,1,2026-06-23,2026-06-23,0318788036_20260623112331.tif,샘플 1건을 열어 사업장명을 확인 후 채워주세요
,,,0318792557,2,2026-05-27,2026-06-25,0318792557_20260527144707.tif; 0318792557_20260625131910.tif,샘플 1건을 열어 사업장명을 확인 후 채워주세요
,,,0318899603,2,2026-05-28,2026-06-26,0318899603_20260528134213.tif; 0318899603_20260626103530.tif,샘플 1건을 열어 사업장명을 확인 후 채워주세요
,,,0319007901,1,2026-06-22,2026-06-22,0319007901_20260622180842.tif,샘플 1건을 열어 사업장명을 확인 후 채워주세요
,,,0319008445,1,2026-06-17,2026-06-17,0319008445_20260617140851.tif,샘플 1건을 열어 사업장명을 확인 후 채워주세요
,,,0319011417,1,2026-06-26,2026-06-26,0319011417_20260626092101.tif,샘플 1건을 열어 사업장명을 확인 후 채워주세요
,,,0319013146,1,2026-06-19,2026-06-19,0319013146_20260619100600.tif,샘플 1건을 열어 사업장명을 확인 후 채워주세요
,,,0319019093,1,2026-06-18,2026-06-18,0319019093_20260618142208.tif,샘플 1건을 열어 사업장명을 확인 후 채워주세요
,,,0319019946,1,2026-06-01,2026-06-01,0319019946_20260601085845.tif,샘플 1건을 열어 사업장명을 확인 후 채워주세요
,,,0319019972,1,2026-06-23,2026-06-23,0319019972_20260623151650.tif,샘플 1건을 열어 사업장명을 확인 후 채워주세요
,,,0319020714,1,2026-06-18,2026-06-18,0319020714_20260618134016.tif,샘플 1건을 열어 사업장명을 확인 후 채워주세요
,,,0319021008,1,2026-06-19,2026-06-19,0319021008_20260619092918.tif,샘플 1건을 열어 사업장명을 확인 후 채워주세요
,,,0319029867,1,2026-06-17,2026-06-17,0319029867_20260617144300.tif,샘플 1건을 열어 사업장명을 확인 후 채워주세요
,,,0319031780,1,2026-06-17,2026-06-17,0319031780_20260617104745.tif,샘플 1건을 열어 사업장명을 확인 후 채워주세요
,,,0319032572,1,2026-06-22,2026-06-22,0319032572_20260622161820.tif,샘플 1건을 열어 사업장명을 확인 후 채워주세요
,,,0319033164,1,2026-06-24,2026-06-24,0319033164_20260624093223.tif,샘플 1건을 열어 사업장명을 확인 후 채워주세요
,,,0319033593,1,2026-06-22,2026-06-22,0319033593_20260622095728.tif,샘플 1건을 열어 사업장명을 확인 후 채워주세요
,,,0319037268,1,2026-06-18,2026-06-18,0319037268_20260618103011.tif,샘플 1건을 열어 사업장명을 확인 후 채워주세요
,,,0319039094,1,2026-06-02,2026-06-02,0319039094_20260602114634.tif,샘플 1건을 열어 사업장명을 확인 후 채워주세요
,,,0319042132,1,2026-06-23,2026-06-23,0319042132_20260623154118.tif,샘플 1건을 열어 사업장명을 확인 후 채워주세요
,,,0319042763,1,2026-06-23,2026-06-23,0319042763_20260623150849.tif,샘플 1건을 열어 사업장명을 확인 후 채워주세요
,,,0319043514,1,2026-06-19,2026-06-19,0319043514_20260619140230.tif,샘플 1건을 열어 사업장명을 확인 후 채워주세요
,,,0319044155,2,2026-06-23,2026-06-23,0319044155_20260623133531.tif; 0319044155_20260623133728.tif,샘플 1건을 열어 사업장명을 확인 후 채워주세요
,,,0319044431,1,2026-06-17,2026-06-17,0319044431_20260617143358.tif,샘플 1건을 열어 사업장명을 확인 후 채워주세요
,,,0319045805,1,2026-06-18,2026-06-18,0319045805_20260618141218.tif,샘플 1건을 열어 사업장명을 확인 후 채워주세요
,,,0319048878,1,2026-06-12,2026-06-12,0319048878_20260612162433.tif,샘플 1건을 열어 사업장명을 확인 후 채워주세요
,,,0319050068,1,2026-06-17,2026-06-17,0319050068_20260617111459.tif,샘플 1건을 열어 사업장명을 확인 후 채워주세요
,,,0319052206,1,2026-06-08,2026-06-08,0319052206_20260608164323.tif,샘플 1건을 열어 사업장명을 확인 후 채워주세요
,,,0319052231,2,2026-06-10,2026-06-10,0319052231_20260610155548.tif; 0319052231_20260610160411.tif,샘플 1건을 열어 사업장명을 확인 후 채워주세요
,,,0319053381,1,2026-06-18,2026-06-18,0319053381_20260618172559.tif,샘플 1건을 열어 사업장명을 확인 후 채워주세요
,,,0319054053,1,2026-06-17,2026-06-17,0319054053_20260617145328.tif,샘플 1건을 열어 사업장명을 확인 후 채워주세요
,,,0319054337,1,2026-06-23,2026-06-23,0319054337_20260623154127.tif,샘플 1건을 열어 사업장명을 확인 후 채워주세요
,,,0319055966,1,2026-06-09,2026-06-09,0319055966_20260609140833.tif,샘플 1건을 열어 사업장명을 확인 후 채워주세요
,,,0319057115,1,2026-06-19,2026-06-19,0319057115_20260619154301.tif,샘플 1건을 열어 사업장명을 확인 후 채워주세요
,,,0319061980,1,2026-06-19,2026-06-19,0319061980_20260619110452.tif,샘플 1건을 열어 사업장명을 확인 후 채워주세요
,,,0319072869,1,2026-06-19,2026-06-19,0319072869_20260619100332.tif,샘플 1건을 열어 사업장명을 확인 후 채워주세요
,,,0319072977,1,2026-06-22,2026-06-22,0319072977_20260622141423.tif,샘플 1건을 열어 사업장명을 확인 후 채워주세요
,,,0319073944,1,2026-06-22,2026-06-22,0319073944_20260622112631.tif,샘플 1건을 열어 사업장명을 확인 후 채워주세요
,,,0319074451,1,2026-06-25,2026-06-25,0319074451_20260625175438.tif,샘플 1건을 열어 사업장명을 확인 후 채워주세요
,,,0319075889,1,2026-06-12,2026-06-12,0319075889_20260612145139.tif,샘플 1건을 열어 사업장명을 확인 후 채워주세요
,,,0319077442,2,2026-06-22,2026-06-22,0319077442_20260622132635.tif; 0319077442_20260622132842.tif,샘플 1건을 열어 사업장명을 확인 후 채워주세요
,,,0319077445,1,2026-06-26,2026-06-26,0319077445_20260626103718.tif,샘플 1건을 열어 사업장명을 확인 후 채워주세요
,,,0319078579,1,2026-06-22,2026-06-22,0319078579_20260622120030.tif,샘플 1건을 열어 사업장명을 확인 후 채워주세요
,,,0319082260,1,2026-06-15,2026-06-15,0319082260_20260615175401.tif,샘플 1건을 열어 사업장명을 확인 후 채워주세요
,,,0319087228,2,2026-06-10,2026-06-22,0319087228_20260610110555.tif; 0319087228_20260622092952.tif,샘플 1건을 열어 사업장명을 확인 후 채워주세요
,,,0319089097,1,2026-06-18,2026-06-18,0319089097_20260618101217.tif,샘플 1건을 열어 사업장명을 확인 후 채워주세요
,,,0319091112,1,2026-06-16,2026-06-16,0319091112_20260616145216.tif,샘플 1건을 열어 사업장명을 확인 후 채워주세요
,,,0319095115,1,2026-06-18,2026-06-18,0319095115_20260618133840.tif,샘플 1건을 열어 사업장명을 확인 후 채워주세요
,,,0319097771,1,2026-06-17,2026-06-17,0319097771_20260617140310.tif,샘플 1건을 열어 사업장명을 확인 후 채워주세요
,,,0319098112,1,2026-06-15,2026-06-15,0319098112_20260615104458.tif,샘플 1건을 열어 사업장명을 확인 후 채워주세요
,,,0319111499,1,2026-06-23,2026-06-23,0319111499_20260623135111.tif,샘플 1건을 열어 사업장명을 확인 후 채워주세요
,,,0319112465,1,2026-06-19,2026-06-19,0319112465_20260619150455.tif,샘플 1건을 열어 사업장명을 확인 후 채워주세요
,,,0319112531,1,2026-06-05,2026-06-05,0319112531_20260605111056.tif,샘플 1건을 열어 사업장명을 확인 후 채워주세요
,,,0319114253,1,2026-06-16,2026-06-16,0319114253_20260616151900.tif,샘플 1건을 열어 사업장명을 확인 후 채워주세요
,,,0319115087,1,2026-06-22,2026-06-22,0319115087_20260622100034.tif,샘플 1건을 열어 사업장명을 확인 후 채워주세요
,,,0319116523,1,2026-06-19,2026-06-19,0319116523_20260619135553.tif,샘플 1건을 열어 사업장명을 확인 후 채워주세요
,,,0319117608,1,2026-06-01,2026-06-01,0319117608_20260601172016.tif,샘플 1건을 열어 사업장명을 확인 후 채워주세요
,,,0319120463,3,2026-06-18,2026-06-26,0319120463_20260618113034.tif; 0319120463_20260618113226.tif; 0319120463_20260626091848.tif,샘플 1건을 열어 사업장명을 확인 후 채워주세요
,,,0319120898,1,2026-06-02,2026-06-02,0319120898_20260602102840.tif,샘플 1건을 열어 사업장명을 확인 후 채워주세요
,,,0319126332,1,2026-06-24,2026-06-24,0319126332_20260624164238.tif,샘플 1건을 열어 사업장명을 확인 후 채워주세요
,,,0319128078,1,2026-06-10,2026-06-10,0319128078_20260610132426.tif,샘플 1건을 열어 사업장명을 확인 후 채워주세요
,,,0319129965,2,2026-06-19,2026-06-25,0319129965_20260619112841.tif; 0319129965_20260625153832.tif,샘플 1건을 열어 사업장명을 확인 후 채워주세요
,,,0319130591,1,2026-06-19,2026-06-19,0319130591_20260619090121.tif,샘플 1건을 열어 사업장명을 확인 후 채워주세요
,,,0319132210,1,2026-06-22,2026-06-22,0319132210_20260622085729.tif,샘플 1건을 열어 사업장명을 확인 후 채워주세요
,,,0319136712,1,2026-06-23,2026-06-23,0319136712_20260623100443.tif,샘플 1건을 열어 사업장명을 확인 후 채워주세요
,,,0319141343,1,2026-06-19,2026-06-19,0319141343_20260619104736.tif,샘플 1건을 열어 사업장명을 확인 후 채워주세요
,,,0319142066,1,2026-06-23,2026-06-23,0319142066_20260623115008.tif,샘플 1건을 열어 사업장명을 확인 후 채워주세요
,,,0319143998,10,2026-06-05,2026-06-22,0319143998_20260605122715.tif; 0319143998_20260616095219.tif; 0319143998_20260616115723.tif,샘플 1건을 열어 사업장명을 확인 후 채워주세요
,,,0319144254,1,2026-06-19,2026-06-19,0319144254_20260619093841.tif,샘플 1건을 열어 사업장명을 확인 후 채워주세요
,,,0319144858,1,2026-06-17,2026-06-17,0319144858_20260617094019.tif,샘플 1건을 열어 사업장명을 확인 후 채워주세요
,,,0319145987,1,2026-06-02,2026-06-02,0319145987_20260602135929.tif,샘플 1건을 열어 사업장명을 확인 후 채워주세요
,,,0319146001,1,2026-06-23,2026-06-23,0319146001_20260623143143.tif,샘플 1건을 열어 사업장명을 확인 후 채워주세요
,,,0319151080,1,2026-06-15,2026-06-15,0319151080_20260615171004.tif,샘플 1건을 열어 사업장명을 확인 후 채워주세요
,,,0319154017,1,2026-06-23,2026-06-23,0319154017_20260623151337.tif,샘플 1건을 열어 사업장명을 확인 후 채워주세요
,,,0319155696,1,2026-06-19,2026-06-19,0319155696_20260619134302.tif,샘플 1건을 열어 사업장명을 확인 후 채워주세요
,,,0319159626,2,2026-06-22,2026-06-22,0319159626_20260622084346.tif; 0319159626_20260622092646.tif,샘플 1건을 열어 사업장명을 확인 후 채워주세요
,,,0319161877,1,2026-06-19,2026-06-19,0319161877_20260619142637.tif,샘플 1건을 열어 사업장명을 확인 후 채워주세요
,,,0319163193,1,2026-06-18,2026-06-18,0319163193_20260618085524.tif,샘플 1건을 열어 사업장명을 확인 후 채워주세요
,,,0319170164,1,2026-06-02,2026-06-02,0319170164_20260602092519.tif,샘플 1건을 열어 사업장명을 확인 후 채워주세요
,,,0319170668,1,2026-06-16,2026-06-16,0319170668_20260616101958.tif,샘플 1건을 열어 사업장명을 확인 후 채워주세요
,,,0319170845,2,2026-05-27,2026-06-19,0319170845_20260527143027.tif; 0319170845_20260619165125.tif,샘플 1건을 열어 사업장명을 확인 후 채워주세요
,,,0319178368,1,2026-06-17,2026-06-17,0319178368_20260617095411.tif,샘플 1건을 열어 사업장명을 확인 후 채워주세요
,,,0319179551,1,2026-06-17,2026-06-17,0319179551_20260617091441.tif,샘플 1건을 열어 사업장명을 확인 후 채워주세요
,,,0319185050,1,2026-06-12,2026-06-12,0319185050_20260612142625.tif,샘플 1건을 열어 사업장명을 확인 후 채워주세요
,,,0319189578,1,2026-06-18,2026-06-18,0319189578_20260618091726.tif,샘플 1건을 열어 사업장명을 확인 후 채워주세요
,,,0319191454,1,2026-06-24,2026-06-24,0319191454_20260624154119.tif,샘플 1건을 열어 사업장명을 확인 후 채워주세요
,,,0319194575,1,2026-06-22,2026-06-22,0319194575_20260622104858.tif,샘플 1건을 열어 사업장명을 확인 후 채워주세요
,,,0319196443,1,2026-06-19,2026-06-19,0319196443_20260619120213.tif,샘플 1건을 열어 사업장명을 확인 후 채워주세요
,,,0319198015,1,2026-06-19,2026-06-19,0319198015_20260619110508.tif,샘플 1건을 열어 사업장명을 확인 후 채워주세요
,,,0319208402,1,2026-06-16,2026-06-16,0319208402_20260616160951.tif,샘플 1건을 열어 사업장명을 확인 후 채워주세요
,,,0319213289,3,2026-06-01,2026-06-01,0319213289_20260601172227.tif; 0319213289_20260601172423.tif; 0319213289_20260601172539.tif,샘플 1건을 열어 사업장명을 확인 후 채워주세요
,,,0319216223,1,2026-06-25,2026-06-25,0319216223_20260625132921.tif,샘플 1건을 열어 사업장명을 확인 후 채워주세요
,,,0319224087,1,2026-06-15,2026-06-15,0319224087_20260615141219.tif,샘플 1건을 열어 사업장명을 확인 후 채워주세요
,,,0319228598,1,2026-06-22,2026-06-22,0319228598_20260622174235.tif,샘플 1건을 열어 사업장명을 확인 후 채워주세요
,,,0319231195,1,2026-06-19,2026-06-19,0319231195_20260619103108.tif,샘플 1건을 열어 사업장명을 확인 후 채워주세요
,,,0319233441,1,2026-06-22,2026-06-22,0319233441_20260622172631.tif,샘플 1건을 열어 사업장명을 확인 후 채워주세요
,,,0319236237,1,2026-06-19,2026-06-19,0319236237_20260619132953.tif,샘플 1건을 열어 사업장명을 확인 후 채워주세요
,,,0319236712,1,2026-06-15,2026-06-15,0319236712_20260615113747.tif,샘플 1건을 열어 사업장명을 확인 후 채워주세요
,,,0319240268,1,2026-06-02,2026-06-02,0319240268_20260602084438.tif,샘플 1건을 열어 사업장명을 확인 후 채워주세요
,,,0319297003,2,2026-06-22,2026-06-22,0319297003_20260622101028.tif; 0319297003_20260622101715.tif,샘플 1건을 열어 사업장명을 확인 후 채워주세요
,,,0319298001,1,2026-06-19,2026-06-19,0319298001_20260619094805.tif,샘플 1건을 열어 사업장명을 확인 후 채워주세요
,,,0319308502,1,2026-06-18,2026-06-18,0319308502_20260618133908.tif,샘플 1건을 열어 사업장명을 확인 후 채워주세요
,,,0319315107,1,2026-06-22,2026-06-22,0319315107_20260622105214.tif,샘플 1건을 열어 사업장명을 확인 후 채워주세요
,,,0319318203,1,2026-06-19,2026-06-19,0319318203_20260619134219.tif,샘플 1건을 열어 사업장명을 확인 후 채워주세요
,,,0319319004,1,2026-06-22,2026-06-22,0319319004_20260622094537.tif,샘플 1건을 열어 사업장명을 확인 후 채워주세요
,,,0319320093,1,2026-06-19,2026-06-19,0319320093_20260619150124.tif,샘플 1건을 열어 사업장명을 확인 후 채워주세요
,,,0319320731,2,2026-06-04,2026-06-19,0319320731_20260604155519.tif; 0319320731_20260619152805.tif,샘플 1건을 열어 사업장명을 확인 후 채워주세요
,,,0319320756,1,2026-06-18,2026-06-18,0319320756_20260618092312.tif,샘플 1건을 열어 사업장명을 확인 후 채워주세요
,,,0319322026,1,2026-06-17,2026-06-17,0319322026_20260617105015.tif,샘플 1건을 열어 사업장명을 확인 후 채워주세요
,,,0319323776,1,2026-06-16,2026-06-16,0319323776_20260616134342.tif,샘플 1건을 열어 사업장명을 확인 후 채워주세요
,,,0319329425,1,2026-06-22,2026-06-22,0319329425_20260622142500.tif,샘플 1건을 열어 사업장명을 확인 후 채워주세요
,,,0319369968,1,2026-06-23,2026-06-23,0319369968_20260623144628.tif,샘플 1건을 열어 사업장명을 확인 후 채워주세요
,,,0319380727,1,2026-06-22,2026-06-22,0319380727_20260622135347.tif,샘플 1건을 열어 사업장명을 확인 후 채워주세요
,,,0319380935,1,2026-06-01,2026-06-01,0319380935_20260601110806.tif,샘플 1건을 열어 사업장명을 확인 후 채워주세요
,,,0319383113,1,2026-06-19,2026-06-19,0319383113_20260619092924.tif,샘플 1건을 열어 사업장명을 확인 후 채워주세요
,,,0319383503,1,2026-06-22,2026-06-22,0319383503_20260622104205.tif,샘플 1건을 열어 사업장명을 확인 후 채워주세요
,,,0319384059,1,2026-06-17,2026-06-17,0319384059_20260617080331.tif,샘플 1건을 열어 사업장명을 확인 후 채워주세요
,,,0319385248,1,2026-06-16,2026-06-16,0319385248_20260616143758.tif,샘플 1건을 열어 사업장명을 확인 후 채워주세요
,,,0319386666,1,2026-06-25,2026-06-25,0319386666_20260625135120.tif,샘플 1건을 열어 사업장명을 확인 후 채워주세요
,,,0319388065,1,2026-06-23,2026-06-23,0319388065_20260623102120.tif,샘플 1건을 열어 사업장명을 확인 후 채워주세요
,,,0319391009,1,2026-06-22,2026-06-22,0319391009_20260622144050.tif,샘플 1건을 열어 사업장명을 확인 후 채워주세요
,,,0319414404,1,2026-06-15,2026-06-15,0319414404_20260615162024.tif,샘플 1건을 열어 사업장명을 확인 후 채워주세요
,,,0319416605,1,2026-06-11,2026-06-11,0319416605_20260611140343.tif,샘플 1건을 열어 사업장명을 확인 후 채워주세요
,,,0319419023,2,2026-06-22,2026-06-22,0319419023_20260622131658.tif; 0319419023_20260622131807.tif,샘플 1건을 열어 사업장명을 확인 후 채워주세요
,,,0319420614,1,2026-06-23,2026-06-23,0319420614_20260623165320.tif,샘플 1건을 열어 사업장명을 확인 후 채워주세요
,,,0319424066,1,2026-06-17,2026-06-17,0319424066_20260617082747.tif,샘플 1건을 열어 사업장명을 확인 후 채워주세요
,,,0319434428,1,2026-06-19,2026-06-19,0319434428_20260619152017.tif,샘플 1건을 열어 사업장명을 확인 후 채워주세요
,,,0319436046,1,2026-06-23,2026-06-23,0319436046_20260623143205.tif,샘플 1건을 열어 사업장명을 확인 후 채워주세요
,,,0319445106,1,2026-06-15,2026-06-15,0319445106_20260615093557.tif,샘플 1건을 열어 사업장명을 확인 후 채워주세요
,,,0319457476,1,2026-06-16,2026-06-16,0319457476_20260616131510.tif,샘플 1건을 열어 사업장명을 확인 후 채워주세요
,,,0319460654,1,2026-06-22,2026-06-22,0319460654_20260622151554.tif,샘플 1건을 열어 사업장명을 확인 후 채워주세요
,,,0319467197,1,2026-06-22,2026-06-22,0319467197_20260622095647.tif,샘플 1건을 열어 사업장명을 확인 후 채워주세요
,,,0319467382,2,2026-06-05,2026-06-22,0319467382_20260605101019.tif; 0319467382_20260622130947.tif,샘플 1건을 열어 사업장명을 확인 후 채워주세요
,,,0319472084,1,2026-06-24,2026-06-24,0319472084_20260624105717.tif,샘플 1건을 열어 사업장명을 확인 후 채워주세요
,,,0319472391,1,2026-06-19,2026-06-19,0319472391_20260619144051.tif,샘플 1건을 열어 사업장명을 확인 후 채워주세요
,,,0319480886,1,2026-06-01,2026-06-01,0319480886_20260601101645.tif,샘플 1건을 열어 사업장명을 확인 후 채워주세요
,,,0319489353,1,2026-06-02,2026-06-02,0319489353_20260602105351.tif,샘플 1건을 열어 사업장명을 확인 후 채워주세요
,,,0319495102,1,2026-06-19,2026-06-19,0319495102_20260619145313.tif,샘플 1건을 열어 사업장명을 확인 후 채워주세요
,,,0319495860,1,2026-06-18,2026-06-18,0319495860_20260618113748.tif,샘플 1건을 열어 사업장명을 확인 후 채워주세요
,,,0319499722,1,2026-06-22,2026-06-22,0319499722_20260622091933.tif,샘플 1건을 열어 사업장명을 확인 후 채워주세요
,,,0319520796,2,2026-06-10,2026-06-11,0319520796_20260610100202.tif; 0319520796_20260611090004.tif,샘플 1건을 열어 사업장명을 확인 후 채워주세요
,,,0319570462,1,2026-06-24,2026-06-24,0319570462_20260624101321.tif,샘플 1건을 열어 사업장명을 확인 후 채워주세요
,,,0319571147,1,2026-06-17,2026-06-17,0319571147_20260617145638.tif,샘플 1건을 열어 사업장명을 확인 후 채워주세요
,,,0319575124,1,2026-06-10,2026-06-10,0319575124_20260610151534.tif,샘플 1건을 열어 사업장명을 확인 후 채워주세요
,,,0319577705,1,2026-06-24,2026-06-24,0319577705_20260624102116.tif,샘플 1건을 열어 사업장명을 확인 후 채워주세요
,,,0319621059,1,2026-06-23,2026-06-23,0319621059_20260623103602.tif,샘플 1건을 열어 사업장명을 확인 후 채워주세요
,,,0319622299,1,2026-06-02,2026-06-02,0319622299_20260602092210.tif,샘플 1건을 열어 사업장명을 확인 후 채워주세요
,,,0319626777,1,2026-06-09,2026-06-09,0319626777_20260609150303.tif,샘플 1건을 열어 사업장명을 확인 후 채워주세요
,,,0319627795,1,2026-06-22,2026-06-22,0319627795_20260622145236.tif,샘플 1건을 열어 사업장명을 확인 후 채워주세요
,,,0319629527,3,2026-06-08,2026-06-24,0319629527_20260608132319.tif; 0319629527_20260618160506.tif; 0319629527_20260624103429.tif,샘플 1건을 열어 사업장명을 확인 후 채워주세요
,,,0319630955,1,2026-06-19,2026-06-19,0319630955_20260619152413.tif,샘플 1건을 열어 사업장명을 확인 후 채워주세요
,,,0319637682,1,2026-06-23,2026-06-23,0319637682_20260623105712.tif,샘플 1건을 열어 사업장명을 확인 후 채워주세요
,,,0319638827,1,2026-06-17,2026-06-17,0319638827_20260617090719.tif,샘플 1건을 열어 사업장명을 확인 후 채워주세요
,,,0319644092,1,2026-06-22,2026-06-22,0319644092_20260622102840.tif,샘플 1건을 열어 사업장명을 확인 후 채워주세요
,,,0319644668,2,2026-06-16,2026-06-16,0319644668_20260616131010.tif; 0319644668_20260616131151.tif,샘플 1건을 열어 사업장명을 확인 후 채워주세요
,,,0319653315,1,2026-06-09,2026-06-09,0319653315_20260609151352.tif,샘플 1건을 열어 사업장명을 확인 후 채워주세요
,,,0319653331,1,2026-06-01,2026-06-01,0319653331_20260601153606.tif,샘플 1건을 열어 사업장명을 확인 후 채워주세요
,,,0319657227,1,2026-06-16,2026-06-16,0319657227_20260616142652.tif,샘플 1건을 열어 사업장명을 확인 후 채워주세요
,,,0319657656,1,2026-06-23,2026-06-23,0319657656_20260623170708.tif,샘플 1건을 열어 사업장명을 확인 후 채워주세요
,,,0319665916,1,2026-06-23,2026-06-23,0319665916_20260623163430.tif,샘플 1건을 열어 사업장명을 확인 후 채워주세요
,,,0319666206,1,2026-06-23,2026-06-23,0319666206_20260623103606.tif,샘플 1건을 열어 사업장명을 확인 후 채워주세요
,,,0319670075,1,2026-06-22,2026-06-22,0319670075_20260622131121.tif,샘플 1건을 열어 사업장명을 확인 후 채워주세요
,,,0319670773,1,2026-06-24,2026-06-24,0319670773_20260624130031.tif,샘플 1건을 열어 사업장명을 확인 후 채워주세요
,,,0319673998,1,2026-06-09,2026-06-09,0319673998_20260609141810.tif,샘플 1건을 열어 사업장명을 확인 후 채워주세요
,,,0319676630,1,2026-06-19,2026-06-19,0319676630_20260619093701.tif,샘플 1건을 열어 사업장명을 확인 후 채워주세요
,,,0319686004,1,2026-06-22,2026-06-22,0319686004_20260622154116.tif,샘플 1건을 열어 사업장명을 확인 후 채워주세요
,,,0319691155,1,2026-06-25,2026-06-25,0319691155_20260625161050.tif,샘플 1건을 열어 사업장명을 확인 후 채워주세요
,,,0319691742,1,2026-06-22,2026-06-22,0319691742_20260622140902.tif,샘플 1건을 열어 사업장명을 확인 후 채워주세요
,,,0319697034,1,2026-06-04,2026-06-04,0319697034_20260604141829.tif,샘플 1건을 열어 사업장명을 확인 후 채워주세요
,,,0319699339,1,2026-06-22,2026-06-22,0319699339_20260622142454.tif,샘플 1건을 열어 사업장명을 확인 후 채워주세요
,,,0319703340,1,2026-06-22,2026-06-22,0319703340_20260622094418.tif,샘플 1건을 열어 사업장명을 확인 후 채워주세요
,,,0319707324,1,2026-06-23,2026-06-23,0319707324_20260623104900.tif,샘플 1건을 열어 사업장명을 확인 후 채워주세요
,,,0319708960,1,2026-06-22,2026-06-22,0319708960_20260622095307.tif,샘플 1건을 열어 사업장명을 확인 후 채워주세요
,,,0319710132,1,2026-06-24,2026-06-24,0319710132_20260624103617.tif,샘플 1건을 열어 사업장명을 확인 후 채워주세요
,,,0319712791,2,2026-06-11,2026-06-12,0319712791_20260611173541.tif; 0319712791_20260612143536.tif,샘플 1건을 열어 사업장명을 확인 후 채워주세요
,,,0319715231,1,2026-06-22,2026-06-22,0319715231_20260622155605.tif,샘플 1건을 열어 사업장명을 확인 후 채워주세요
,,,0319718039,1,2026-06-22,2026-06-22,0319718039_20260622160115.tif,샘플 1건을 열어 사업장명을 확인 후 채워주세요
,,,0319718367,1,2026-06-08,2026-06-08,0319718367_20260608144135.tif,샘플 1건을 열어 사업장명을 확인 후 채워주세요
,,,0319718580,1,2026-06-22,2026-06-22,0319718580_20260622131244.tif,샘플 1건을 열어 사업장명을 확인 후 채워주세요
,,,0319721322,1,2026-06-24,2026-06-24,0319721322_20260624095954.tif,샘플 1건을 열어 사업장명을 확인 후 채워주세요
,,,0319725857,1,2026-06-22,2026-06-22,0319725857_20260622093913.tif,샘플 1건을 열어 사업장명을 확인 후 채워주세요
,,,0319733203,1,2026-06-22,2026-06-22,0319733203_20260622155736.tif,샘플 1건을 열어 사업장명을 확인 후 채워주세요
,,,0319734464,1,2026-06-24,2026-06-24,0319734464_20260624091232.tif,샘플 1건을 열어 사업장명을 확인 후 채워주세요
,,,0319736665,1,2026-06-24,2026-06-24,0319736665_20260624095750.tif,샘플 1건을 열어 사업장명을 확인 후 채워주세요
,,,0319737891,1,2026-06-05,2026-06-05,0319737891_20260605154445.tif,샘플 1건을 열어 사업장명을 확인 후 채워주세요
,,,0319742070,1,2026-06-18,2026-06-18,0319742070_20260618115437.tif,샘플 1건을 열어 사업장명을 확인 후 채워주세요
,,,0319742320,1,2026-06-22,2026-06-22,0319742320_20260622131620.tif,샘플 1건을 열어 사업장명을 확인 후 채워주세요
,,,0319745995,1,2026-06-25,2026-06-25,0319745995_20260625162315.tif,샘플 1건을 열어 사업장명을 확인 후 채워주세요
,,,0319746508,1,2026-06-15,2026-06-15,0319746508_20260615102829.tif,샘플 1건을 열어 사업장명을 확인 후 채워주세요
,,,0319751806,1,2026-06-01,2026-06-01,0319751806_20260601162759.tif,샘플 1건을 열어 사업장명을 확인 후 채워주세요
,,,0319755732,1,2026-06-18,2026-06-18,0319755732_20260618092056.tif,샘플 1건을 열어 사업장명을 확인 후 채워주세요
,,,0319759214,1,2026-06-23,2026-06-23,0319759214_20260623143811.tif,샘플 1건을 열어 사업장명을 확인 후 채워주세요
,,,0319763977,1,2026-06-24,2026-06-24,0319763977_20260624104659.tif,샘플 1건을 열어 사업장명을 확인 후 채워주세요
,,,0319771643,1,2026-06-20,2026-06-20,0319771643_20260620162953.tif,샘플 1건을 열어 사업장명을 확인 후 채워주세요
,,,0319773320,1,2026-06-15,2026-06-15,0319773320_20260615141437.tif,샘플 1건을 열어 사업장명을 확인 후 채워주세요
,,,0319773547,1,2026-06-22,2026-06-22,0319773547_20260622162132.tif,샘플 1건을 열어 사업장명을 확인 후 채워주세요
,,,0319781205,2,2026-06-24,2026-06-24,0319781205_20260624142121.tif; 0319781205_20260624172133.tif,샘플 1건을 열어 사업장명을 확인 후 채워주세요
,,,0319781261,1,2026-06-17,2026-06-17,0319781261_20260617135637.tif,샘플 1건을 열어 사업장명을 확인 후 채워주세요
,,,0319784190,1,2026-06-15,2026-06-15,0319784190_20260615133131.tif,샘플 1건을 열어 사업장명을 확인 후 채워주세요
,,,0319785821,2,2026-05-29,2026-06-23,0319785821_20260529131202.tif; 0319785821_20260623151940.tif,샘플 1건을 열어 사업장명을 확인 후 채워주세요
,,,0319787088,2,2026-05-29,2026-06-22,0319787088_20260529112001.tif; 0319787088_20260622151632.tif,샘플 1건을 열어 사업장명을 확인 후 채워주세요
,,,0319788504,1,2026-06-18,2026-06-18,0319788504_20260618105317.tif,샘플 1건을 열어 사업장명을 확인 후 채워주세요
,,,0319790239,1,2026-06-12,2026-06-12,0319790239_20260612152007.tif,샘플 1건을 열어 사업장명을 확인 후 채워주세요
,,,0319792140,1,2026-06-22,2026-06-22,0319792140_20260622100544.tif,샘플 1건을 열어 사업장명을 확인 후 채워주세요
,,,0319794054,1,2026-06-19,2026-06-19,0319794054_20260619131518.tif,샘플 1건을 열어 사업장명을 확인 후 채워주세요
,,,0319798852,1,2026-06-22,2026-06-22,0319798852_20260622133326.tif,샘플 1건을 열어 사업장명을 확인 후 채워주세요
,,,0319947871,1,2026-06-16,2026-06-16,0319947871_20260616105458.tif,샘플 1건을 열어 사업장명을 확인 후 채워주세요
,,,0319973451,1,2026-06-19,2026-06-19,0319973451_20260619134454.tif,샘플 1건을 열어 사업장명을 확인 후 채워주세요
,,,05050414202,1,2026-06-23,2026-06-23,05050414202_20260623133206.tif,샘플 1건을 열어 사업장명을 확인 후 채워주세요
,,,05080880230,1,2026-06-19,2026-06-19,05080880230_20260619105502.tif,샘플 1건을 열어 사업장명을 확인 후 채워주세요
,,,05080891124,1,2026-06-08,2026-06-08,05080891124_20260608115824.tif,샘플 1건을 열어 사업장명을 확인 후 채워주세요
,,,05080893777,1,2026-06-12,2026-06-12,05080893777_20260612102753.tif,샘플 1건을 열어 사업장명을 확인 후 채워주세요
,,,05080895490,1,2026-06-23,2026-06-23,05080895490_20260623135110.tif,샘플 1건을 열어 사업장명을 확인 후 채워주세요
,,,07075891400,1,2026-06-19,2026-06-19,07075891400_20260619091812.tif,샘플 1건을 열어 사업장명을 확인 후 채워주세요
,로스텔오피스텔,,,,,,6월_로스텔오피스텔.tif,파일명에서 사업장명 추정됨 - 팩스번호/사업장번호 수동 확인 필요
,크리스탈빌딩,,,,,,6월_크리스탈빌딩.tif,파일명에서 사업장명 추정됨 - 팩스번호/사업장번호 수동 확인 필요
,흥화오피스텔,,,,,,6월_흥화오피스텔.tif,파일명에서 사업장명 추정됨 - 팩스번호/사업장번호 수동 확인 필요
,로스텔오피스텔,,,,,,로스텔오피스텔.tif,파일명에서 사업장명 추정됨 - 팩스번호/사업장번호 수동 확인 필요
,크리스탈빌딩,,,,,,크리스탈빌딩.tif,파일명에서 사업장명 추정됨 - 팩스번호/사업장번호 수동 확인 필요
BPS010203046,(덕양)신원당6태영_아파트,,,,,,,"경기북부 엑셀양식.xlsx에 이미 기재된 사업장 (참고용, 팩스번호와 매칭 필요)"
BPS010207090,양지마을4단지건영빌라,,,,,,,"경기북부 엑셀양식.xlsx에 이미 기재된 사업장 (참고용, 팩스번호와 매칭 필요)"
BPS010206009,(일산)산들6단지베르빌_아파트,,,,,,,"경기북부 엑셀양식.xlsx에 이미 기재된 사업장 (참고용, 팩스번호와 매칭 필요)"
BPS010404063,(구리-남양주)V004_평내대명_아파트,,,,,,,"경기북부 엑셀양식.xlsx에 이미 기재된 사업장 (참고용, 팩스번호와 매칭 필요)"
BPD110106650,[의정부]금강프라자(131-81-43689),,,,,,,"경기북부 엑셀양식.xlsx에 이미 기재된 사업장 (참고용, 팩스번호와 매칭 필요)"
BPS010203035,화정씨네마플러스9999호,,,,,,,"경기북부 엑셀양식.xlsx에 이미 기재된 사업장 (참고용, 팩스번호와 매칭 필요)"
BPS010409053,(양평)삼익아파트,,,,,,,"경기북부 엑셀양식.xlsx에 이미 기재된 사업장 (참고용, 팩스번호와 매칭 필요)"
BPD110106290,(일산)문촌주공7단지(분양),,,,,,,"경기북부 엑셀양식.xlsx에 이미 기재된 사업장 (참고용, 팩스번호와 매칭 필요)"
BPS010201017,(일산)남정골드프라자_빌딩,,,,,,,"경기북부 엑셀양식.xlsx에 이미 기재된 사업장 (참고용, 팩스번호와 매칭 필요)"
BPD110115565,(구리)리버뷰오피스텔,,,,,,,"경기북부 엑셀양식.xlsx에 이미 기재된 사업장 (참고용, 팩스번호와 매칭 필요)"
BPS010208020,(파주)대방아파트,,,,,,,"경기북부 엑셀양식.xlsx에 이미 기재된 사업장 (참고용, 팩스번호와 매칭 필요)"
BPD110106417,(구리)구리두산아파트[ ],,,,,,,"경기북부 엑셀양식.xlsx에 이미 기재된 사업장 (참고용, 팩스번호와 매칭 필요)"
BPD110106764,(의정부)궁전오피스텔,,,,,,,"경기북부 엑셀양식.xlsx에 이미 기재된 사업장 (참고용, 팩스번호와 매칭 필요)"
BPD110106281,(일산)양지마을1단지건영빌라,,,,,,,"경기북부 엑셀양식.xlsx에 이미 기재된 사업장 (참고용, 팩스번호와 매칭 필요)"
BPD110106415,(구리)고덕프라자[ ],,,,,,,"경기북부 엑셀양식.xlsx에 이미 기재된 사업장 (참고용, 팩스번호와 매칭 필요)"
BPS010207087,(일산)양우로데오랜드_빌딩,,,,,,,"경기북부 엑셀양식.xlsx에 이미 기재된 사업장 (참고용, 팩스번호와 매칭 필요)"
BPS010203011,(덕양)관산동신성_아파트,,,,,,,"경기북부 엑셀양식.xlsx에 이미 기재된 사업장 (참고용, 팩스번호와 매칭 필요)"
BPD110106521,(구리)유현아파트,,,,,,,"경기북부 엑셀양식.xlsx에 이미 기재된 사업장 (참고용, 팩스번호와 매칭 필요)"
BPD110106195,(덕양)서정마을10단지_신동아타운,,,,,,,"경기북부 엑셀양식.xlsx에 이미 기재된 사업장 (참고용, 팩스번호와 매칭 필요)"
BPS010201102,(일산)현대밀라트1차,,,,,,,"경기북부 엑셀양식.xlsx에 이미 기재된 사업장 (참고용, 팩스번호와 매칭 필요)"
BPS010403084,(구리)V026LG아름마을,,,,,,,"경기북부 엑셀양식.xlsx에 이미 기재된 사업장 (참고용, 팩스번호와 매칭 필요)"
BPS010202019,무원신우아파트705동101호,,,,,,,"경기북부 엑셀양식.xlsx에 이미 기재된 사업장 (참고용, 팩스번호와 매칭 필요)"
BPS010201056,(일산)백송7임광_아파트,,,,,,,"경기북부 엑셀양식.xlsx에 이미 기재된 사업장 (참고용, 팩스번호와 매칭 필요)"
BPS010203045,(덕양)신원당5단지_대명아파트,,,,,,,"경기북부 엑셀양식.xlsx에 이미 기재된 사업장 (참고용, 팩스번호와 매칭 필요)"
BPS010201097,(일산)하이베라스,,,,,,,"경기북부 엑셀양식.xlsx에 이미 기재된 사업장 (참고용, 팩스번호와 매칭 필요)"
BPS010207131,(일산)탄현 일산동문1차_아파트,,,,,,,"경기북부 엑셀양식.xlsx에 이미 기재된 사업장 (참고용, 팩스번호와 매칭 필요)"
BPS010207055,(일산)문촌02라이프_아파트,,,,,,,"경기북부 엑셀양식.xlsx에 이미 기재된 사업장 (참고용, 팩스번호와 매칭 필요)"
BPD110106523,(의정부)호원미도,,,,,,,"경기북부 엑셀양식.xlsx에 이미 기재된 사업장 (참고용, 팩스번호와 매칭 필요)"
BPD110106179,(덕양)푸른마을_동익미라벨1단지,,,,,,,"경기북부 엑셀양식.xlsx에 이미 기재된 사업장 (참고용, 팩스번호와 매칭 필요)"
BPS010201088,(일산)중앙하이츠빌_(주)엠피에스(128-82-83829),,,,,,,"경기북부 엑셀양식.xlsx에 이미 기재된 사업장 (참고용, 팩스번호와 매칭 필요)"
BPS010402026,(의정부)금오거성,,,,,,,"경기북부 엑셀양식.xlsx에 이미 기재된 사업장 (참고용, 팩스번호와 매칭 필요)"
BPD110112141,(일산)밤가시9단지,,,,,,,"경기북부 엑셀양식.xlsx에 이미 기재된 사업장 (참고용, 팩스번호와 매칭 필요)"
BPD110189489,(일산)정발건영1단지,,,,,,,"경기북부 엑셀양식.xlsx에 이미 기재된 사업장 (참고용, 팩스번호와 매칭 필요)"
BPD110112144,(일산)정발건영2단지,,,,,,,"경기북부 엑셀양식.xlsx에 이미 기재된 사업장 (참고용, 팩스번호와 매칭 필요)"
BPD110205445,경중앙(제일시장BBC),,,,,,,"경기북부 엑셀양식.xlsx에 이미 기재된 사업장 (참고용, 팩스번호와 매칭 필요)"
BPD110116831,(덕양)동화빌딩,,,,,,,"경기북부 엑셀양식.xlsx에 이미 기재된 사업장 (참고용, 팩스번호와 매칭 필요)"
BPS010201030,장항라페스타관리사무소(128-82-70246),,,,,,,"경기북부 엑셀양식.xlsx에 이미 기재된 사업장 (참고용, 팩스번호와 매칭 필요)"
BPS010201030,장항라페스타관리사무소(128-82-70246) 1288270246,,,,,,,"경기북부 엑셀양식.xlsx에 이미 기재된 사업장 (참고용, 팩스번호와 매칭 필요)"
BPD110106158,(일산)백송10단지건영,,,,,,,"경기북부 엑셀양식.xlsx에 이미 기재된 사업장 (참고용, 팩스번호와 매칭 필요)"
BPS010207083,[일산]신동아노블타워,,,,,,,"경기북부 엑셀양식.xlsx에 이미 기재된 사업장 (참고용, 팩스번호와 매칭 필요)"
BPD110106222,(일산)하늘빌딩,,,,,,,"경기북부 엑셀양식.xlsx에 이미 기재된 사업장 (참고용, 팩스번호와 매칭 필요)"
BPD110106423,(구리-남양주)창현대주피오레아파트,,,,,,,"경기북부 엑셀양식.xlsx에 이미 기재된 사업장 (참고용, 팩스번호와 매칭 필요)"
BPS010201141,(일산)플로스타위너스21-II,,,,,,,"경기북부 엑셀양식.xlsx에 이미 기재된 사업장 (참고용, 팩스번호와 매칭 필요)"
BPS010201065,[일산]삼성마이다스오피스텔(176-82-71375),,,,,,,"경기북부 엑셀양식.xlsx에 이미 기재된 사업장 (참고용, 팩스번호와 매칭 필요)"
BPS010203088,(덕양)달빛3단지 신안상가지하_BB-H,,,,,,,"경기북부 엑셀양식.xlsx에 이미 기재된 사업장 (참고용, 팩스번호와 매칭 필요)"
BPS010208114,노을빛마을2단지225동102호,,,,,,,"경기북부 엑셀양식.xlsx에 이미 기재된 사업장 (참고용, 팩스번호와 매칭 필요)"
BPS010201095,(일산)풍동에이스12차아파트 무응3/26,,,,,,,"경기북부 엑셀양식.xlsx에 이미 기재된 사업장 (참고용, 팩스번호와 매칭 필요)"
BPD110106144,(일산)장항이스턴시티,,,,,,,"경기북부 엑셀양식.xlsx에 이미 기재된 사업장 (참고용, 팩스번호와 매칭 필요)"
BPN,[덕양]요진타워_빌딩(128-81-18729),,,,,,,"경기북부 엑셀양식.xlsx에 이미 기재된 사업장 (참고용, 팩스번호와 매칭 필요)"
BPD110106311,[일산]일산현해프라자1동801호(128-86-25851) 1288625851,,,,,,,"경기북부 엑셀양식.xlsx에 이미 기재된 사업장 (참고용, 팩스번호와 매칭 필요)"
BPD110106311,[일산]일산현해프라자1동801호(128-86-25851) 본사,,,,,,,"경기북부 엑셀양식.xlsx에 이미 기재된 사업장 (참고용, 팩스번호와 매칭 필요)"
BPS010207067,(일산)문촌15부영_아파트,,,,,,,"경기북부 엑셀양식.xlsx에 이미 기재된 사업장 (참고용, 팩스번호와 매칭 필요)"
BPS010404074,(구리-남양주)창현두산1차_아파트,,,,,,,"경기북부 엑셀양식.xlsx에 이미 기재된 사업장 (참고용, 팩스번호와 매칭 필요)"
BPD110108518,(덕양)행신프라자,,,,,,,"경기북부 엑셀양식.xlsx에 이미 기재된 사업장 (참고용, 팩스번호와 매칭 필요)"
BPS010208074,(파주)새꽃마을금촌주공3단지,,,,,,,"경기북부 엑셀양식.xlsx에 이미 기재된 사업장 (참고용, 팩스번호와 매칭 필요)"
BPD110106684,(파주)봉일천동문1차아파트,,,,,,,"경기북부 엑셀양식.xlsx에 이미 기재된 사업장 (참고용, 팩스번호와 매칭 필요)"
BPS010207149,(일산)후곡07동성_아파트,,,,,,,"경기북부 엑셀양식.xlsx에 이미 기재된 사업장 (참고용, 팩스번호와 매칭 필요)"
BPS010203048,(덕양)어울림마을삼보아파트_신원당8단지,,,,,,,"경기북부 엑셀양식.xlsx에 이미 기재된 사업장 (참고용, 팩스번호와 매칭 필요)"
BPS010202038,(덕양)소만7대명_아파트,,,,,,,"경기북부 엑셀양식.xlsx에 이미 기재된 사업장 (참고용, 팩스번호와 매칭 필요)"
BPD110114092,(파주)문산선유5단지휴먼시아,,,,,,,"경기북부 엑셀양식.xlsx에 이미 기재된 사업장 (참고용, 팩스번호와 매칭 필요)"
BPD110114086,(일산)호선오피스텔,,,,,,,"경기북부 엑셀양식.xlsx에 이미 기재된 사업장 (참고용, 팩스번호와 매칭 필요)"
BPD110115464,(일산)유진스웰1차아파트,,,,,,,"경기북부 엑셀양식.xlsx에 이미 기재된 사업장 (참고용, 팩스번호와 매칭 필요)"
BPS010203096,(덕양)고양우방유쉘_아파트,,,,,,,"경기북부 엑셀양식.xlsx에 이미 기재된 사업장 (참고용, 팩스번호와 매칭 필요)"
BPS010201008,(일산)강촌7단지(코오롱)아파트,,,,,,,"경기북부 엑셀양식.xlsx에 이미 기재된 사업장 (참고용, 팩스번호와 매칭 필요)"
BPS010202040,(덕양)소만8단지(풍림)상가_BB-H / 7호,,,,,,,"경기북부 엑셀양식.xlsx에 이미 기재된 사업장 (참고용, 팩스번호와 매칭 필요)"
BPN,(덕양)글로리아프라자_빌딩,,,,,,,"경기북부 엑셀양식.xlsx에 이미 기재된 사업장 (참고용, 팩스번호와 매칭 필요)"
BPD110128138,[양평]오리온 양평연수원부대시설709-81-00727,,,,,,,"경기북부 엑셀양식.xlsx에 이미 기재된 사업장 (참고용, 팩스번호와 매칭 필요)"
BPD110128075,[양평]오리온 양평연수원,,,,,,,"경기북부 엑셀양식.xlsx에 이미 기재된 사업장 (참고용, 팩스번호와 매칭 필요)"
BPD110119071,(덕양)능곡 세신훼미리타운212호(128-82-78817),,,,,,,"경기북부 엑셀양식.xlsx에 이미 기재된 사업장 (참고용, 팩스번호와 매칭 필요)"
BPD110106654,[의정부]신곡세명프라자302호(127-47-49074=>851-88-01633),,,,,,,"경기북부 엑셀양식.xlsx에 이미 기재된 사업장 (참고용, 팩스번호와 매칭 필요)"
BPS010207143,(일산)후곡1단지대우벽산_아파트,,,,,,,"경기북부 엑셀양식.xlsx에 이미 기재된 사업장 (참고용, 팩스번호와 매칭 필요)"
BPD110106201,(덕양)무원마을2단지_삼보8888동102호,,,,,,,"경기북부 엑셀양식.xlsx에 이미 기재된 사업장 (참고용, 팩스번호와 매칭 필요)"
BPS010201025,(일산)동양메이저타워,,,,,,,"경기북부 엑셀양식.xlsx에 이미 기재된 사업장 (참고용, 팩스번호와 매칭 필요)"
BPS010203077,(덕양)대동피렌체_아파트,,,,,,,"경기북부 엑셀양식.xlsx에 이미 기재된 사업장 (참고용, 팩스번호와 매칭 필요)"
BPS010201116,(일산)효성레제스,,,,,,,"경기북부 엑셀양식.xlsx에 이미 기재된 사업장 (참고용, 팩스번호와 매칭 필요)"
BPS010201034,(일산)로스텔_오피스텔(128-80-14463),,,,,,,"경기북부 엑셀양식.xlsx에 이미 기재된 사업장 (참고용, 팩스번호와 매칭 필요)"
BPD110106461,(의정부)호원한승,,,,,,,"경기북부 엑셀양식.xlsx에 이미 기재된 사업장 (참고용, 팩스번호와 매칭 필요)"
BPS010206036,(일산)중산9단지두산한성_아파트,,,,,,,"경기북부 엑셀양식.xlsx에 이미 기재된 사업장 (참고용, 팩스번호와 매칭 필요)"
BPS010206031,(일산)중산12단지현대_아파트,,,,,,,"경기북부 엑셀양식.xlsx에 이미 기재된 사업장 (참고용, 팩스번호와 매칭 필요)"
BPS010207103,(일산)장성04대명_아파트,,,,,,,"경기북부 엑셀양식.xlsx에 이미 기재된 사업장 (참고용, 팩스번호와 매칭 필요)"
BPS010207108,(일산)청원레이크빌2_빌딩,,,,,,,"경기북부 엑셀양식.xlsx에 이미 기재된 사업장 (참고용, 팩스번호와 매칭 필요)"
BPD110137533,(의정부)우미쁘띠린1차,,,,,,,"경기북부 엑셀양식.xlsx에 이미 기재된 사업장 (참고용, 팩스번호와 매칭 필요)"
BPD110214304,(의정부)우미쁘띠린2차,,,,,,,"경기북부 엑셀양식.xlsx에 이미 기재된 사업장 (참고용, 팩스번호와 매칭 필요)"
BPS010402059,(의정부)신곡신성벽산,,,,,,,"경기북부 엑셀양식.xlsx에 이미 기재된 사업장 (참고용, 팩스번호와 매칭 필요)"
BPS010208010,"(파주)금촌두보1,2차아파트",,,,,,,"경기북부 엑셀양식.xlsx에 이미 기재된 사업장 (참고용, 팩스번호와 매칭 필요)"
BPS010207156,(일산)후곡15건영_아파트,,,,,,,"경기북부 엑셀양식.xlsx에 이미 기재된 사업장 (참고용, 팩스번호와 매칭 필요)"
BPS010405027,(구리-덕소)벽산_아파트,,,,,,,"경기북부 엑셀양식.xlsx에 이미 기재된 사업장 (참고용, 팩스번호와 매칭 필요)"
BPS010208080,(파주)금촌후곡마을6단지,,,,,,,"경기북부 엑셀양식.xlsx에 이미 기재된 사업장 (참고용, 팩스번호와 매칭 필요)"
BPS010207144,(일산)후곡02동양대창_아파트,,,,,,,"경기북부 엑셀양식.xlsx에 이미 기재된 사업장 (참고용, 팩스번호와 매칭 필요)"
BPD110106402,(의정부)녹양현대9999동101호,,,,,,,"경기북부 엑셀양식.xlsx에 이미 기재된 사업장 (참고용, 팩스번호와 매칭 필요)"
BPS010402103,(의정부)용현금용,,,,,,,"경기북부 엑셀양식.xlsx에 이미 기재된 사업장 (참고용, 팩스번호와 매칭 필요)"
BPD110106602,(의정부)호원롯데,,,,,,,"경기북부 엑셀양식.xlsx에 이미 기재된 사업장 (참고용, 팩스번호와 매칭 필요)"
BPD110191300,구리_삼성생명,,,,,,,"경기북부 엑셀양식.xlsx에 이미 기재된 사업장 (참고용, 팩스번호와 매칭 필요)"
BPD110107222,(파주)금촌1단지주공아파트,,,,,,,"경기북부 엑셀양식.xlsx에 이미 기재된 사업장 (참고용, 팩스번호와 매칭 필요)"
BPS010203041,(덕양)신원당2단지_태영아파트,,,,,,,"경기북부 엑셀양식.xlsx에 이미 기재된 사업장 (참고용, 팩스번호와 매칭 필요)"
BPD110108511,(덕양)행신동 골드프라자,,,,,,,"경기북부 엑셀양식.xlsx에 이미 기재된 사업장 (참고용, 팩스번호와 매칭 필요)"
BPD110106324,(덕양)행신동_GL프라자,,,,,,,"경기북부 엑셀양식.xlsx에 이미 기재된 사업장 (참고용, 팩스번호와 매칭 필요)"
BPS010201110,(일산)대우로얄마트_아파트,,,,,,,"경기북부 엑셀양식.xlsx에 이미 기재된 사업장 (참고용, 팩스번호와 매칭 필요)"
BPD110106234,(일산)성저건영5단지,,,,,,,"경기북부 엑셀양식.xlsx에 이미 기재된 사업장 (참고용, 팩스번호와 매칭 필요)"
BPD110106233,(일산)성저건영6단지,,,,,,,"경기북부 엑셀양식.xlsx에 이미 기재된 사업장 (참고용, 팩스번호와 매칭 필요)"
BPS010201079,(일산)영림브레아-II(212-82-72103) 2128272103,,,,,,,"경기북부 엑셀양식.xlsx에 이미 기재된 사업장 (참고용, 팩스번호와 매칭 필요)"
BPD110106327,(덕양)행신동_탑프라자,,,,,,,"경기북부 엑셀양식.xlsx에 이미 기재된 사업장 (참고용, 팩스번호와 매칭 필요)"
BPD110112905,[일산]서륭빌딩(110-81-62511),,,,,,,"경기북부 엑셀양식.xlsx에 이미 기재된 사업장 (참고용, 팩스번호와 매칭 필요)"
BPD110106412,(의정부)탑석드림캐슬,,,,,,,"경기북부 엑셀양식.xlsx에 이미 기재된 사업장 (참고용, 팩스번호와 매칭 필요)"
BPD110106145,[일산]동양생명빌딩,,,,,,,"경기북부 엑셀양식.xlsx에 이미 기재된 사업장 (참고용, 팩스번호와 매칭 필요)"
BPD110106145,[일산]동양생명빌딩(128-85-26964),,,,,,,"경기북부 엑셀양식.xlsx에 이미 기재된 사업장 (참고용, 팩스번호와 매칭 필요)"
BPN,(덕양)고양서정2단지 주공아파트(108-81-38338),,,,,,,"경기북부 엑셀양식.xlsx에 이미 기재된 사업장 (참고용, 팩스번호와 매칭 필요)"
BPS010201059,[일산]비잔티움오피스텔99동9901호(128-82-81,,,,,,,"경기북부 엑셀양식.xlsx에 이미 기재된 사업장 (참고용, 팩스번호와 매칭 필요)"
BPN,(덕양)고양행신3단지_아파트(108-81-38338) 1088138338,,,,,,,"경기북부 엑셀양식.xlsx에 이미 기재된 사업장 (참고용, 팩스번호와 매칭 필요)"
BPN,(파주)봉일천성원아파트,,,,,,,"경기북부 엑셀양식.xlsx에 이미 기재된 사업장 (참고용, 팩스번호와 매칭 필요)"
BPD110116455,(일산)크리스탈빌딩_128-80-17932종이,,,,,,,"경기북부 엑셀양식.xlsx에 이미 기재된 사업장 (참고용, 팩스번호와 매칭 필요)"
BPS010202046,(덕양)행신동 예일센스빌2차_아파트,,,,,,,"경기북부 엑셀양식.xlsx에 이미 기재된 사업장 (참고용, 팩스번호와 매칭 필요)"
BPD110106317,(일산)예일센스빌3차,,,,,,,"경기북부 엑셀양식.xlsx에 이미 기재된 사업장 (참고용, 팩스번호와 매칭 필요)"
BPS010207125,(일산)탄현15효성_아파트,,,,,,,"경기북부 엑셀양식.xlsx에 이미 기재된 사업장 (참고용, 팩스번호와 매칭 필요)"
BPS010208011,(파주)두보3차 아파트,,,,,,,"경기북부 엑셀양식.xlsx에 이미 기재된 사업장 (참고용, 팩스번호와 매칭 필요)"
BPD110109618,(의정부)아크라티움,,,,,,,"경기북부 엑셀양식.xlsx에 이미 기재된 사업장 (참고용, 팩스번호와 매칭 필요)"
BPS010201108,"(일산)현대타운빌_아파트,1",,,,,,,"경기북부 엑셀양식.xlsx에 이미 기재된 사업장 (참고용, 팩스번호와 매칭 필요)"
BPS010207199,(일산)탄현01경남진로_아파트,,,,,,,"경기북부 엑셀양식.xlsx에 이미 기재된 사업장 (참고용, 팩스번호와 매칭 필요)"
BPD110106653,[의정부]비콘드림시티,,,,,,,"경기북부 엑셀양식.xlsx에 이미 기재된 사업장 (참고용, 팩스번호와 매칭 필요)"
BPD110208062,파주출판문화 LH1단지999동103호,,,,,,,"경기북부 엑셀양식.xlsx에 이미 기재된 사업장 (참고용, 팩스번호와 매칭 필요)"
BPD110106323,(덕양)행신동SK VIEW3차_아파트,,,,,,,"경기북부 엑셀양식.xlsx에 이미 기재된 사업장 (참고용, 팩스번호와 매칭 필요)"
BPN,(덕양)GL리치빌_빌딩,,,,,,,"경기북부 엑셀양식.xlsx에 이미 기재된 사업장 (참고용, 팩스번호와 매칭 필요)"
BPS010202025,(덕양)별빛마을8단지부영_아파트,,,,,,,"경기북부 엑셀양식.xlsx에 이미 기재된 사업장 (참고용, 팩스번호와 매칭 필요)"
BPS010208110,(파주)광탄동신라메르,,,,,,,"경기북부 엑셀양식.xlsx에 이미 기재된 사업장 (참고용, 팩스번호와 매칭 필요)"
BPS010201053,(일산)백송3단지우성_아파트,,,,,,,"경기북부 엑셀양식.xlsx에 이미 기재된 사업장 (참고용, 팩스번호와 매칭 필요)"
BPS010403040,(구리)E018삼성래미안_아파트,,,,,,,"경기북부 엑셀양식.xlsx에 이미 기재된 사업장 (참고용, 팩스번호와 매칭 필요)"
BPS010207139,[일산]한강세이프빌(220-87-88348),,,,,,,"경기북부 엑셀양식.xlsx에 이미 기재된 사업장 (참고용, 팩스번호와 매칭 필요)"
BPS010406066,(동두천)_에이스5차_아파트(V021),,,,,,,"경기북부 엑셀양식.xlsx에 이미 기재된 사업장 (참고용, 팩스번호와 매칭 필요)"
BPS010409071,(양평)SK뷰아파트,,,,,,,"경기북부 엑셀양식.xlsx에 이미 기재된 사업장 (참고용, 팩스번호와 매칭 필요)"
BPS010207158,(일산)후곡17태영_아파트,,,,,,,"경기북부 엑셀양식.xlsx에 이미 기재된 사업장 (참고용, 팩스번호와 매칭 필요)"
BPS010406042,(동두천)_생연건영_아파트(V008),,,,,,,"경기북부 엑셀양식.xlsx에 이미 기재된 사업장 (참고용, 팩스번호와 매칭 필요)"
BPS010403086,(구리)토평SK신일_아파트,,,,,,,"경기북부 엑셀양식.xlsx에 이미 기재된 사업장 (참고용, 팩스번호와 매칭 필요)"
BPD110106428,(구리)수택성원상떼빌,,,,,,,"경기북부 엑셀양식.xlsx에 이미 기재된 사업장 (참고용, 팩스번호와 매칭 필요)"
BPS010206023,(일산)중산3단지 일신건영_아파트,,,,,,,"경기북부 엑셀양식.xlsx에 이미 기재된 사업장 (참고용, 팩스번호와 매칭 필요)"
BPS010411046,(의정부)백석동화3차,,,,,,,"경기북부 엑셀양식.xlsx에 이미 기재된 사업장 (참고용, 팩스번호와 매칭 필요)"
BPS010206043,(일산)현대홈타운3차_아파트,,,,,,,"경기북부 엑셀양식.xlsx에 이미 기재된 사업장 (참고용, 팩스번호와 매칭 필요)"
BPS010206038,(일산)청원네이처빌_아파트,,,,,,,"경기북부 엑셀양식.xlsx에 이미 기재된 사업장 (참고용, 팩스번호와 매칭 필요)"
BPD110106430,(의정부)신도브래뉴2차3차,,,,,,,"경기북부 엑셀양식.xlsx에 이미 기재된 사업장 (참고용, 팩스번호와 매칭 필요)"
BPS010404068,(구리-남양주)V009_세종_아파트,,,,,,,"경기북부 엑셀양식.xlsx에 이미 기재된 사업장 (참고용, 팩스번호와 매칭 필요)"
BPN,(일산)킨텍스존_빌딩128-86-27859,,,,,,,"경기북부 엑셀양식.xlsx에 이미 기재된 사업장 (참고용, 팩스번호와 매칭 필요)"
BPS010402068,(의정부)신곡신일2차,,,,,,,"경기북부 엑셀양식.xlsx에 이미 기재된 사업장 (참고용, 팩스번호와 매칭 필요)"
BPD110106374,(양평_가평)가평파란채아파트,,,,,,,"경기북부 엑셀양식.xlsx에 이미 기재된 사업장 (참고용, 팩스번호와 매칭 필요)"
BPS010403088,(구리)한가람E034_아파트,,,,,,,"경기북부 엑셀양식.xlsx에 이미 기재된 사업장 (참고용, 팩스번호와 매칭 필요)"
BPD110106425,(구리-남양주)금곡명지 해뜨는터,,,,,,,"경기북부 엑셀양식.xlsx에 이미 기재된 사업장 (참고용, 팩스번호와 매칭 필요)"
BPD110113133,(구리-남양주)호평두산위브,,,,,,,"경기북부 엑셀양식.xlsx에 이미 기재된 사업장 (참고용, 팩스번호와 매칭 필요)"
BPD110106277,(일산)일산일송노블레스,,,,,,,"경기북부 엑셀양식.xlsx에 이미 기재된 사업장 (참고용, 팩스번호와 매칭 필요)"
BPS010203057,(덕양)장원프라자_BB-H,,,,,,,"경기북부 엑셀양식.xlsx에 이미 기재된 사업장 (참고용, 팩스번호와 매칭 필요)"
BPS010201032,[일산]고양로데오탑(112-81-39490신),,,,,,,"경기북부 엑셀양식.xlsx에 이미 기재된 사업장 (참고용, 팩스번호와 매칭 필요)"
BPS010207049,(일산)중앙하이츠빌II_관리사무소,,,,,,,"경기북부 엑셀양식.xlsx에 이미 기재된 사업장 (참고용, 팩스번호와 매칭 필요)"
BPD110106288,(일산)한라밀라트3,,,,,,,"경기북부 엑셀양식.xlsx에 이미 기재된 사업장 (참고용, 팩스번호와 매칭 필요)"
BPD110111294,(덕양)행신윤창2차,,,,,,,"경기북부 엑셀양식.xlsx에 이미 기재된 사업장 (참고용, 팩스번호와 매칭 필요)"
BPD110189148,(일산)백송3단지(한신),,,,,,,"경기북부 엑셀양식.xlsx에 이미 기재된 사업장 (참고용, 팩스번호와 매칭 필요)"
BPD110222108,구리(남양주)호평오네뜨센트럴아파트9999동109호,,,,,,,"경기북부 엑셀양식.xlsx에 이미 기재된 사업장 (참고용, 팩스번호와 매칭 필요)"
BPD110106626,(의정부)청학주공1단지,,,,,,,"경기북부 엑셀양식.xlsx에 이미 기재된 사업장 (참고용, 팩스번호와 매칭 필요)"
BPD110106237,(일산)가좌1단지양우아파트,,,,,,,"경기북부 엑셀양식.xlsx에 이미 기재된 사업장 (참고용, 팩스번호와 매칭 필요)"
BPS010206042,(일산)현대홈타운2차_아파트,,,,,,,"경기북부 엑셀양식.xlsx에 이미 기재된 사업장 (참고용, 팩스번호와 매칭 필요)"
BPS010201047,[일산]백석역동문굿모닝힐1차,,,,,,,"경기북부 엑셀양식.xlsx에 이미 기재된 사업장 (참고용, 팩스번호와 매칭 필요)"
BPS010207221,(일산)문촌19신우_아파트,,,,,,,"경기북부 엑셀양식.xlsx에 이미 기재된 사업장 (참고용, 팩스번호와 매칭 필요)"
BPD110106400,(동두천)-송우-세창선단마을아파트,,,,,,,"경기북부 엑셀양식.xlsx에 이미 기재된 사업장 (참고용, 팩스번호와 매칭 필요)"
BPS010202047,(덕양)옥빛12신덕_아파트,,,,,,,"경기북부 엑셀양식.xlsx에 이미 기재된 사업장 (참고용, 팩스번호와 매칭 필요)"
BPD110108082,산내들우미린아파트생활지원센터,,,,,,,"경기북부 엑셀양식.xlsx에 이미 기재된 사업장 (참고용, 팩스번호와 매칭 필요)"
BPS010201111,(일산)호수2현대,,,,,,,"경기북부 엑셀양식.xlsx에 이미 기재된 사업장 (참고용, 팩스번호와 매칭 필요)"
BPS010201115,(일산)호수그린_아파트,,,,,,,"경기북부 엑셀양식.xlsx에 이미 기재된 사업장 (참고용, 팩스번호와 매칭 필요)"
BPS010201137,[일산]백석동문타워2차7777동101호(128-82-80953) 1288280953,,,,,,,"경기북부 엑셀양식.xlsx에 이미 기재된 사업장 (참고용, 팩스번호와 매칭 필요)"
BPD110106791,(일산)강선10단지한양,,,,,,,"경기북부 엑셀양식.xlsx에 이미 기재된 사업장 (참고용, 팩스번호와 매칭 필요)"
BPS010203012,(덕양)관산유승_아파트,,,,,,,"경기북부 엑셀양식.xlsx에 이미 기재된 사업장 (참고용, 팩스번호와 매칭 필요)"
BPD110188829,(동의정부)민락폴리프라자 (고지서),,,,,,,"경기북부 엑셀양식.xlsx에 이미 기재된 사업장 (참고용, 팩스번호와 매칭 필요)"
BPS010411081,(의정부)송추푸른마을,,,,,,,"경기북부 엑셀양식.xlsx에 이미 기재된 사업장 (참고용, 팩스번호와 매칭 필요)"
BPS010201048,(일산)백석우림보보카운티,,,,,,,"경기북부 엑셀양식.xlsx에 이미 기재된 사업장 (참고용, 팩스번호와 매칭 필요)"
BPS010207024,(일산)킨텍스자이,,,,,,,"경기북부 엑셀양식.xlsx에 이미 기재된 사업장 (참고용, 팩스번호와 매칭 필요)"
BPD110106497,(구리-퇴계원)오남두산1차아파트,,,,,,,"경기북부 엑셀양식.xlsx에 이미 기재된 사업장 (참고용, 팩스번호와 매칭 필요)"
BPS010208012,(파주)성원포레스타운,,,,,,,"경기북부 엑셀양식.xlsx에 이미 기재된 사업장 (참고용, 팩스번호와 매칭 필요)"
BPS010208116,(파주)교하진흥효자,,,,,,,"경기북부 엑셀양식.xlsx에 이미 기재된 사업장 (참고용, 팩스번호와 매칭 필요)"
BPS010207005,(일산)강선01대우벽산_아파트,,,,,,,"경기북부 엑셀양식.xlsx에 이미 기재된 사업장 (참고용, 팩스번호와 매칭 필요)"
BPS010201049,(일산)백석윈스턴파크 1차,,,,,,,"경기북부 엑셀양식.xlsx에 이미 기재된 사업장 (참고용, 팩스번호와 매칭 필요)"
BPD110106518,(의정부)호원신도5차,,,,,,,"경기북부 엑셀양식.xlsx에 이미 기재된 사업장 (참고용, 팩스번호와 매칭 필요)"
BPD110106605,(의정부)광사나래아파트,,,,,,,"경기북부 엑셀양식.xlsx에 이미 기재된 사업장 (참고용, 팩스번호와 매칭 필요)"
BPD110106530,(구리)흥화브라운오피스텔,,,,,,,"경기북부 엑셀양식.xlsx에 이미 기재된 사업장 (참고용, 팩스번호와 매칭 필요)"
BPN,(덕양)동익미라벨4단지_아파트,,,,,,,"경기북부 엑셀양식.xlsx에 이미 기재된 사업장 (참고용, 팩스번호와 매칭 필요)"
BPS010203039,(덕양)식사동은행마을SK_아파트,,,,,,,"경기북부 엑셀양식.xlsx에 이미 기재된 사업장 (참고용, 팩스번호와 매칭 필요)"
BPD110162090,(구리-남양주)신성푸른솔아파트,,,,,,,"경기북부 엑셀양식.xlsx에 이미 기재된 사업장 (참고용, 팩스번호와 매칭 필요)"
BPS010202060,"(덕양)능곡 풍림아이원1,2차_아파트",,,,,,,"경기북부 엑셀양식.xlsx에 이미 기재된 사업장 (참고용, 팩스번호와 매칭 필요)"
BPD110106468,(의정부)호원신일엘리시움,,,,,,,"경기북부 엑셀양식.xlsx에 이미 기재된 사업장 (참고용, 팩스번호와 매칭 필요)"
BPD110106142,[일산]남정씨티프라자1차(128-24-86281),,,,,,,"경기북부 엑셀양식.xlsx에 이미 기재된 사업장 (참고용, 팩스번호와 매칭 필요)"
BPS010414061,(구리-퇴계원)양지청구9999동4호,,,,,,,"경기북부 엑셀양식.xlsx에 이미 기재된 사업장 (참고용, 팩스번호와 매칭 필요)"
BPS010201080,(일산)우림보보카운티1차,,,,,,,"경기북부 엑셀양식.xlsx에 이미 기재된 사업장 (참고용, 팩스번호와 매칭 필요)"
BPD110106225,(일산)중산1단지두산,,,,,,,"경기북부 엑셀양식.xlsx에 이미 기재된 사업장 (참고용, 팩스번호와 매칭 필요)"
BPD110106442,(구리-남양주)금곡신도브레뉴,,,,,,,"경기북부 엑셀양식.xlsx에 이미 기재된 사업장 (참고용, 팩스번호와 매칭 필요)"
BPS010202073,(덕양)행신벽산_아파트,,,,,,,"경기북부 엑셀양식.xlsx에 이미 기재된 사업장 (참고용, 팩스번호와 매칭 필요)"
BPD110106149,(일산)건영빌라밤가시7단지7777동3호,,,,,,,"경기북부 엑셀양식.xlsx에 이미 기재된 사업장 (참고용, 팩스번호와 매칭 필요)"
BPS010207025,(일산)대화02한라비발디,,,,,,,"경기북부 엑셀양식.xlsx에 이미 기재된 사업장 (참고용, 팩스번호와 매칭 필요)"
BPD110106788,(덕양)신영프라자,,,,,,,"경기북부 엑셀양식.xlsx에 이미 기재된 사업장 (참고용, 팩스번호와 매칭 필요)"
BPS010207089,(일산)양우로데오시티플러스_빌딩,,,,,,,"경기북부 엑셀양식.xlsx에 이미 기재된 사업장 (참고용, 팩스번호와 매칭 필요)"
BPS010207078,(일산)성저03풍림_아파트,,,,,,,"경기북부 엑셀양식.xlsx에 이미 기재된 사업장 (참고용, 팩스번호와 매칭 필요)"
BPS010202042,(덕양)소만9단지부영아파트(999-7),,,,,,,"경기북부 엑셀양식.xlsx에 이미 기재된 사업장 (참고용, 팩스번호와 매칭 필요)"
BPS010202054,(덕양)장미7차_BB-H,,,,,,,"경기북부 엑셀양식.xlsx에 이미 기재된 사업장 (참고용, 팩스번호와 매칭 필요)"
BPD110106384,(동두천)-송우-대방샤인빌아파트,,,,,,,"경기북부 엑셀양식.xlsx에 이미 기재된 사업장 (참고용, 팩스번호와 매칭 필요)"
BPS010404080,(구리-남양주)V021_삼창_아파트,,,,,,,"경기북부 엑셀양식.xlsx에 이미 기재된 사업장 (참고용, 팩스번호와 매칭 필요)"
BPS010207236,(일산)성저마을13단지건영_아파트,,,,,,,"경기북부 엑셀양식.xlsx에 이미 기재된 사업장 (참고용, 팩스번호와 매칭 필요)"
BPS010201143,(일산)백석대우이안,,,,,,,"경기북부 엑셀양식.xlsx에 이미 기재된 사업장 (참고용, 팩스번호와 매칭 필요)"
BPS010201138,(일산)백석브라운스톤,,,,,,,"경기북부 엑셀양식.xlsx에 이미 기재된 사업장 (참고용, 팩스번호와 매칭 필요)"
BPS010201151,(일산)숲속마을4단지,,,,,,,"경기북부 엑셀양식.xlsx에 이미 기재된 사업장 (참고용, 팩스번호와 매칭 필요)"
BPS010207038,(일산)영림브레아_빌딩,,,,,,,"경기북부 엑셀양식.xlsx에 이미 기재된 사업장 (참고용, 팩스번호와 매칭 필요)"
BPD110106187,(덕양)푸른마을6단지_풍림아이원아파트,,,,,,,"경기북부 엑셀양식.xlsx에 이미 기재된 사업장 (참고용, 팩스번호와 매칭 필요)"
BPS010201078,(일산)양우드라마시티,,,,,,,"경기북부 엑셀양식.xlsx에 이미 기재된 사업장 (참고용, 팩스번호와 매칭 필요)"
BPS010207154,(일산)후곡13태영_아파트,,,,,,,"경기북부 엑셀양식.xlsx에 이미 기재된 사업장 (참고용, 팩스번호와 매칭 필요)"
BPS010202077,(덕양)능곡2차현대홈타운_아파트,,,,,,,"경기북부 엑셀양식.xlsx에 이미 기재된 사업장 (참고용, 팩스번호와 매칭 필요)"
BPS010206017,(일산)월드메르디앙_아파트,,,,,,,"경기북부 엑셀양식.xlsx에 이미 기재된 사업장 (참고용, 팩스번호와 매칭 필요)"
BPS010403081,(구리)E011_토평한일,,,,,,,"경기북부 엑셀양식.xlsx에 이미 기재된 사업장 (참고용, 팩스번호와 매칭 필요)"
BPD110106811,(덕양)능곡대림1차_아파트,,,,,,,"경기북부 엑셀양식.xlsx에 이미 기재된 사업장 (참고용, 팩스번호와 매칭 필요)"
BPS010208145,(파주)교하우남퍼스트빌9999동105호,,,,,,,"경기북부 엑셀양식.xlsx에 이미 기재된 사업장 (참고용, 팩스번호와 매칭 필요)"
BPS010207116,(일산)탄현07부영_아파트,,,,,,,"경기북부 엑셀양식.xlsx에 이미 기재된 사업장 (참고용, 팩스번호와 매칭 필요)"
BPS010202005,(덕양)토당동 고양대림2차_아파트,,,,,,,"경기북부 엑셀양식.xlsx에 이미 기재된 사업장 (참고용, 팩스번호와 매칭 필요)"
BPD110109928,(의정부)LH고읍6단지,,,,,,,"경기북부 엑셀양식.xlsx에 이미 기재된 사업장 (참고용, 팩스번호와 매칭 필요)"
BPD110207302,별사랑마을 2-5단지,,,,,,,"경기북부 엑셀양식.xlsx에 이미 기재된 사업장 (참고용, 팩스번호와 매칭 필요)"
BPS010201021,(일산)동문굿모닝힐2차_아파트,,,,,,,"경기북부 엑셀양식.xlsx에 이미 기재된 사업장 (참고용, 팩스번호와 매칭 필요)"
BPS010201156,(일산)숲속마을6단지 두산위브,,,,,,,"경기북부 엑셀양식.xlsx에 이미 기재된 사업장 (참고용, 팩스번호와 매칭 필요)"
BPS010403044,(구리)인창성원2차_아파트,,,,,,,"경기북부 엑셀양식.xlsx에 이미 기재된 사업장 (참고용, 팩스번호와 매칭 필요)"
BPS010207209,(일산)성저01동익_아파트,,,,,,,"경기북부 엑셀양식.xlsx에 이미 기재된 사업장 (참고용, 팩스번호와 매칭 필요)"
BPS010207088,(일산)양우로데오시티_오피스텔,,,,,,,"경기북부 엑셀양식.xlsx에 이미 기재된 사업장 (참고용, 팩스번호와 매칭 필요)"
BPD110106390,(동두천)-포천-극동2차스타클래스,,,,,,,"경기북부 엑셀양식.xlsx에 이미 기재된 사업장 (참고용, 팩스번호와 매칭 필요)"
BPS010202043,(덕양)송악모노빌_아파트,,,,,,,"경기북부 엑셀양식.xlsx에 이미 기재된 사업장 (참고용, 팩스번호와 매칭 필요)"
BPD110106502,(구리-남양주)마석삼신16차아파트,,,,,,,"경기북부 엑셀양식.xlsx에 이미 기재된 사업장 (참고용, 팩스번호와 매칭 필요)"
BPS010201139,(일산)성우아뜨리움,,,,,,,"경기북부 엑셀양식.xlsx에 이미 기재된 사업장 (참고용, 팩스번호와 매칭 필요)"
BPD110106621,(의정부)금오주공3단지,,,,,,,"경기북부 엑셀양식.xlsx에 이미 기재된 사업장 (참고용, 팩스번호와 매칭 필요)"
BPS010203044,(덕양)신원당3단지 동신2차_아파트,,,,,,,"경기북부 엑셀양식.xlsx에 이미 기재된 사업장 (참고용, 팩스번호와 매칭 필요)"
BPS010207147,(일산)후곡05영풍한진_아파트,,,,,,,"경기북부 엑셀양식.xlsx에 이미 기재된 사업장 (참고용, 팩스번호와 매칭 필요)"
BPS010203037,(덕양)식사동 은행마을2단지동문_아파트,,,,,,,"경기북부 엑셀양식.xlsx에 이미 기재된 사업장 (참고용, 팩스번호와 매칭 필요)"
BPS010207051,(일산)동아넥서스_빌딩(동하넥서스),,,,,,,"경기북부 엑셀양식.xlsx에 이미 기재된 사업장 (참고용, 팩스번호와 매칭 필요)"
BPS010201005,(일산)강촌5-1라이프_아파트,,,,,,,"경기북부 엑셀양식.xlsx에 이미 기재된 사업장 (참고용, 팩스번호와 매칭 필요)"
BPS010201009,(일산)강촌8우방_아파트,,,,,,,"경기북부 엑셀양식.xlsx에 이미 기재된 사업장 (참고용, 팩스번호와 매칭 필요)"
BPS010207155,(일산)후곡14청구_아파트,,,,,,,"경기북부 엑셀양식.xlsx에 이미 기재된 사업장 (참고용, 팩스번호와 매칭 필요)"
BPS010202021,(덕양)백산오피스텔_아파트141-81-04548,,,,,,,"경기북부 엑셀양식.xlsx에 이미 기재된 사업장 (참고용, 팩스번호와 매칭 필요)"
BPD110115823,글로벌테마프라자,,,,,,,"경기북부 엑셀양식.xlsx에 이미 기재된 사업장 (참고용, 팩스번호와 매칭 필요)"
BPS010207168,(일산)월드메르디앙,,,,,,,"경기북부 엑셀양식.xlsx에 이미 기재된 사업장 (참고용, 팩스번호와 매칭 필요)"
BPS010409047,(양평)그린1차_아파트,,,,,,,"경기북부 엑셀양식.xlsx에 이미 기재된 사업장 (참고용, 팩스번호와 매칭 필요)"
BPD110189149,(일산)중산5단지건영동부9999동4호,,,,,,,"경기북부 엑셀양식.xlsx에 이미 기재된 사업장 (참고용, 팩스번호와 매칭 필요)"
BPD110106230,(일산)한솔빌딩(한솔코아),,,,,,,"경기북부 엑셀양식.xlsx에 이미 기재된 사업장 (참고용, 팩스번호와 매칭 필요)"
BPS010207012,(일산)강선08럭키롯데_아파트,,,,,,,"경기북부 엑셀양식.xlsx에 이미 기재된 사업장 (참고용, 팩스번호와 매칭 필요)"
BPS010203016,(덕양)달빛2단지라이프_아파트,,,,,,,"경기북부 엑셀양식.xlsx에 이미 기재된 사업장 (참고용, 팩스번호와 매칭 필요)"
BPS010202062,(덕양)햇빛18-1단지_아파트,,,,,,,"경기북부 엑셀양식.xlsx에 이미 기재된 사업장 (참고용, 팩스번호와 매칭 필요)"
BPS010202039,(덕양)소만8단지_풍림아파트,,,,,,,"경기북부 엑셀양식.xlsx에 이미 기재된 사업장 (참고용, 팩스번호와 매칭 필요)"
BPD110106800,(구리)경기도 구리시 건원대로 76번길,,,,,,,"경기북부 엑셀양식.xlsx에 이미 기재된 사업장 (참고용, 팩스번호와 매칭 필요)"
BPD110106395,(동두천)-포천-대방2차노블랜드아파트(9999-101),,,,,,,"경기북부 엑셀양식.xlsx에 이미 기재된 사업장 (참고용, 팩스번호와 매칭 필요)"
BPS010207010,(일산)강선06금호한양_아파트,,,,,,,"경기북부 엑셀양식.xlsx에 이미 기재된 사업장 (참고용, 팩스번호와 매칭 필요)"
BPD110156517,(일산)두산위브더제니스,,,,,,,"경기북부 엑셀양식.xlsx에 이미 기재된 사업장 (참고용, 팩스번호와 매칭 필요)"
BPD110106522,(구리-남양주)다남프라자(132-82-64272),,,,,,,"경기북부 엑셀양식.xlsx에 이미 기재된 사업장 (참고용, 팩스번호와 매칭 필요)"
BPD110106522,(구리-남양주)다남프라자,,,,,,,"경기북부 엑셀양식.xlsx에 이미 기재된 사업장 (참고용, 팩스번호와 매칭 필요)"
BPS010207047,(일산)덕이동문3차_아파트,,,,,,,"경기북부 엑셀양식.xlsx에 이미 기재된 사업장 (참고용, 팩스번호와 매칭 필요)"
BPS010207115,탄현마을6단지(888동102호),,,,,,,"경기북부 엑셀양식.xlsx에 이미 기재된 사업장 (참고용, 팩스번호와 매칭 필요)"
BPS010201046,[일산]동문굿모닝타워1차(128-82-81 63,,,,,,,"경기북부 엑셀양식.xlsx에 이미 기재된 사업장 (참고용, 팩스번호와 매칭 필요)"
BPS010202016,무원마을행신동신아파트999동104호,,,,,,,"경기북부 엑셀양식.xlsx에 이미 기재된 사업장 (참고용, 팩스번호와 매칭 필요)"
BPS010201016,(일산)낙원프라자1101호137-82-85888,,,,,,,"경기북부 엑셀양식.xlsx에 이미 기재된 사업장 (참고용, 팩스번호와 매칭 필요)"
BPS010404145,(구리-남양주)창현두산2차_아파트,,,,,,,"경기북부 엑셀양식.xlsx에 이미 기재된 사업장 (참고용, 팩스번호와 매칭 필요)"
BPS010208067,(파주)유승앙브와즈2단지,,,,,,,"경기북부 엑셀양식.xlsx에 이미 기재된 사업장 (참고용, 팩스번호와 매칭 필요)"
BPS010207152,(일산)후곡마을10임광서안_아파트,,,,,,,"경기북부 엑셀양식.xlsx에 이미 기재된 사업장 (참고용, 팩스번호와 매칭 필요)"
BPD110119771,(구리-남양주)마석장미아파트,,,,,,,"경기북부 엑셀양식.xlsx에 이미 기재된 사업장 (참고용, 팩스번호와 매칭 필요)"
BPD110106155,[일산]일산재능빌딩(128-85-12515),,,,,,,"경기북부 엑셀양식.xlsx에 이미 기재된 사업장 (참고용, 팩스번호와 매칭 필요)"
BPD110110495,(양평)코아루리버펠리스999동201호,,,,,,,"경기북부 엑셀양식.xlsx에 이미 기재된 사업장 (참고용, 팩스번호와 매칭 필요)"
BPS010201038,(일산)백마1단지삼성_아파트,,,,,,,"경기북부 엑셀양식.xlsx에 이미 기재된 사업장 (참고용, 팩스번호와 매칭 필요)"
BPD110106203,(덕양)무원마을9단지_기산,,,,,,,"경기북부 엑셀양식.xlsx에 이미 기재된 사업장 (참고용, 팩스번호와 매칭 필요)"
BPS010414049,(구리-퇴계원)V009-E031_오남성도,,,,,,,"경기북부 엑셀양식.xlsx에 이미 기재된 사업장 (참고용, 팩스번호와 매칭 필요)"
BPS010206015,(일산)에이스9차_아파트,,,,,,,"경기북부 엑셀양식.xlsx에 이미 기재된 사업장 (참고용, 팩스번호와 매칭 필요)"
BPS010202044,(덕양)행신동 SK아파트 9999동_VIEW,,,,,,,"경기북부 엑셀양식.xlsx에 이미 기재된 사업장 (참고용, 팩스번호와 매칭 필요)"
BPS010202049,(덕양)옥빛13일신건영_아파트,,,,,,,"경기북부 엑셀양식.xlsx에 이미 기재된 사업장 (참고용, 팩스번호와 매칭 필요)"
BPS010207079,(일산)성저4단지삼익_아파트(삼익샤인빌),,,,,,,"경기북부 엑셀양식.xlsx에 이미 기재된 사업장 (참고용, 팩스번호와 매칭 필요)"
BPS010201107,(일산)현대에뜨레보_아파트,,,,,,,"경기북부 엑셀양식.xlsx에 이미 기재된 사업장 (참고용, 팩스번호와 매칭 필요)"
BPD110108026,(덕양)고양동풍림10단지(푸른마을),,,,,,,"경기북부 엑셀양식.xlsx에 이미 기재된 사업장 (참고용, 팩스번호와 매칭 필요)"
BPD110137122,(의정부)양주프라자1차127-80-29828,,,,,,,"경기북부 엑셀양식.xlsx에 이미 기재된 사업장 (참고용, 팩스번호와 매칭 필요)"
BPD110209716,동의정부(폴리프라자4),,,,,,,"경기북부 엑셀양식.xlsx에 이미 기재된 사업장 (참고용, 팩스번호와 매칭 필요)"
BPS010208095,(파주)한빛마을3단지 자유로I_park(999-1,,,,,,,"경기북부 엑셀양식.xlsx에 이미 기재된 사업장 (참고용, 팩스번호와 매칭 필요)"
BPD110112975,(파주)가람마을남양휴튼,,,,,,,"경기북부 엑셀양식.xlsx에 이미 기재된 사업장 (참고용, 팩스번호와 매칭 필요)"
BPD110106375,(동두천)_양주패션칼라산업단지,,,,,,,"경기북부 엑셀양식.xlsx에 이미 기재된 사업장 (참고용, 팩스번호와 매칭 필요)"
BPD110106601,(의정부)호원월드한아름,,,,,,,"경기북부 엑셀양식.xlsx에 이미 기재된 사업장 (참고용, 팩스번호와 매칭 필요)"
BPD110106481,(구리-남양주)금곡미라보,,,,,,,"경기북부 엑셀양식.xlsx에 이미 기재된 사업장 (참고용, 팩스번호와 매칭 필요)"
BPS010208064,(파주)교하1차 월드메르디앙,,,,,,,"경기북부 엑셀양식.xlsx에 이미 기재된 사업장 (참고용, 팩스번호와 매칭 필요)"
BPS010403007,구리금호1(999동2호),,,,,,,"경기북부 엑셀양식.xlsx에 이미 기재된 사업장 (참고용, 팩스번호와 매칭 필요)"
BPS010207123,(일산)탄현13삼환_아파트,,,,,,,"경기북부 엑셀양식.xlsx에 이미 기재된 사업장 (참고용, 팩스번호와 매칭 필요)"
BPD110106625,(의정부)녹양휴먼시아3단지,,,,,,,"경기북부 엑셀양식.xlsx에 이미 기재된 사업장 (참고용, 팩스번호와 매칭 필요)"
BPD110111559,(구리-퇴계원)진접센트레빌시티 1단지,,,,,,,"경기북부 엑셀양식.xlsx에 이미 기재된 사업장 (참고용, 팩스번호와 매칭 필요)"
BPS010201057,(일산)백송8단지(선경)_아파트,,,,,,,"경기북부 엑셀양식.xlsx에 이미 기재된 사업장 (참고용, 팩스번호와 매칭 필요)"
BPS010201113,(일산)호수4단지,,,,,,,"경기북부 엑셀양식.xlsx에 이미 기재된 사업장 (참고용, 팩스번호와 매칭 필요)"
BPS010407030,(의정부)용현그랜드,,,,,,,"경기북부 엑셀양식.xlsx에 이미 기재된 사업장 (참고용, 팩스번호와 매칭 필요)"
BPS010403082,(구리)E014_한진그랑빌_,,,,,,,"경기북부 엑셀양식.xlsx에 이미 기재된 사업장 (참고용, 팩스번호와 매칭 필요)"
BPS010208122,(파주)교하신동아파밀리에,,,,,,,"경기북부 엑셀양식.xlsx에 이미 기재된 사업장 (참고용, 팩스번호와 매칭 필요)"
BPD110106493,(구리-퇴계원)진건세아,,,,,,,"경기북부 엑셀양식.xlsx에 이미 기재된 사업장 (참고용, 팩스번호와 매칭 필요)"
BPD110106823,(덕양)능곡장미8차_아파트,,,,,,,"경기북부 엑셀양식.xlsx에 이미 기재된 사업장 (참고용, 팩스번호와 매칭 필요)"
BPS010203001,(덕양)푸른마을_동익미라빌3단지_아파트,,,,,,,"경기북부 엑셀양식.xlsx에 이미 기재된 사업장 (참고용, 팩스번호와 매칭 필요)"
BPS010201120,(일산)흰돌5단지 서안_아파트,,,,,,,"경기북부 엑셀양식.xlsx에 이미 기재된 사업장 (참고용, 팩스번호와 매칭 필요)"
BPD110106247,(일산) 성저건영빌라14단지,,,,,,,"경기북부 엑셀양식.xlsx에 이미 기재된 사업장 (참고용, 팩스번호와 매칭 필요)"
BPD110106452,경기구리시인창동동문굿모닝힐2차9999동101호,,,,,,,"경기북부 엑셀양식.xlsx에 이미 기재된 사업장 (참고용, 팩스번호와 매칭 필요)"
BPD110106673,(일산)SK MCITY 드라마파크(상가),,,,,,,"경기북부 엑셀양식.xlsx에 이미 기재된 사업장 (참고용, 팩스번호와 매칭 필요)"
BPS010208171,(파주)교하15단지상록데시앙,,,,,,,"경기북부 엑셀양식.xlsx에 이미 기재된 사업장 (참고용, 팩스번호와 매칭 필요)"
BPS010202050,(덕양)옥빛14단지_부영아파트,,,,,,,"경기북부 엑셀양식.xlsx에 이미 기재된 사업장 (참고용, 팩스번호와 매칭 필요)"
BPS010202065,(덕양)햇빛20단지_아파트,,,,,,,"경기북부 엑셀양식.xlsx에 이미 기재된 사업장 (참고용, 팩스번호와 매칭 필요)"
BPD110106276,(일산)성저마을15단지건영빌라,,,,,,,"경기북부 엑셀양식.xlsx에 이미 기재된 사업장 (참고용, 팩스번호와 매칭 필요)"
BPS010207029,(일산)대화07양우파크_아파트,,,,,,,"경기북부 엑셀양식.xlsx에 이미 기재된 사업장 (참고용, 팩스번호와 매칭 필요)"
BPS010208118,(파주)책향기마을10단지동문굿모닝힐,,,,,,,"경기북부 엑셀양식.xlsx에 이미 기재된 사업장 (참고용, 팩스번호와 매칭 필요)"
BPD110106214,(일산)하늘마을주공5 999동102호,,,,,,,"경기북부 엑셀양식.xlsx에 이미 기재된 사업장 (참고용, 팩스번호와 매칭 필요)"
BPS010402045,(의정부)신곡삼환,,,,,,,"경기북부 엑셀양식.xlsx에 이미 기재된 사업장 (참고용, 팩스번호와 매칭 필요)"
BPS010207059,(일산)문촌06기산_아파트,,,,,,,"경기북부 엑셀양식.xlsx에 이미 기재된 사업장 (참고용, 팩스번호와 매칭 필요)"
BPS010207145,(일산)후곡03현대_아파트,,,,,,,"경기북부 엑셀양식.xlsx에 이미 기재된 사업장 (참고용, 팩스번호와 매칭 필요)"
BPS010202053,(덕양)우경싸이트빌_아파트,,,,,,,"경기북부 엑셀양식.xlsx에 이미 기재된 사업장 (참고용, 팩스번호와 매칭 필요)"
BPS010409046,(구리-덕소)V001-덕소현대_아파트,,,,,,,"경기북부 엑셀양식.xlsx에 이미 기재된 사업장 (참고용, 팩스번호와 매칭 필요)"
BPS010201042,(일산)백마5쌍용한성_아파트,,,,,,,"경기북부 엑셀양식.xlsx에 이미 기재된 사업장 (참고용, 팩스번호와 매칭 필요)"
BPS010207171,(일산)문촌13단지대우_아파트(대우유토피아),,,,,,,"경기북부 엑셀양식.xlsx에 이미 기재된 사업장 (참고용, 팩스번호와 매칭 필요)"
BPS010411050,(의정부)백석가야5차(써니빌),,,,,,,"경기북부 엑셀양식.xlsx에 이미 기재된 사업장 (참고용, 팩스번호와 매칭 필요)"
BPS010201075,(일산)풍동쌍용스위트닷홈apt_아파트,,,,,,,"경기북부 엑셀양식.xlsx에 이미 기재된 사업장 (참고용, 팩스번호와 매칭 필요)"
BPD110106316,(일산)일산역 대우이안아파트_,,,,,,,"경기북부 엑셀양식.xlsx에 이미 기재된 사업장 (참고용, 팩스번호와 매칭 필요)"
BPS010405011,(구리-덕소)_쌍용스윗닷홈Ntopia,,,,,,,"경기북부 엑셀양식.xlsx에 이미 기재된 사업장 (참고용, 팩스번호와 매칭 필요)"
BPS010414039,(구리-퇴계원)오남신우아이딜2차,,,,,,,"경기북부 엑셀양식.xlsx에 이미 기재된 사업장 (참고용, 팩스번호와 매칭 필요)"
BPD110118302,(일산)문촌9단지 분양,,,,,,,"경기북부 엑셀양식.xlsx에 이미 기재된 사업장 (참고용, 팩스번호와 매칭 필요)"
BPS010403037,(구리)우방아파트,,,,,,,"경기북부 엑셀양식.xlsx에 이미 기재된 사업장 (참고용, 팩스번호와 매칭 필요)"
BPD110106218,(일산)일산2차휴먼빌,,,,,,,"경기북부 엑셀양식.xlsx에 이미 기재된 사업장 (참고용, 팩스번호와 매칭 필요)"
BPD110106457,(구리-덕소)우림루미아트,,,,,,,"경기북부 엑셀양식.xlsx에 이미 기재된 사업장 (참고용, 팩스번호와 매칭 필요)"
BPD110106151,(일산)로데오메탈릭타워,,,,,,,"경기북부 엑셀양식.xlsx에 이미 기재된 사업장 (참고용, 팩스번호와 매칭 필요)"
BPS010402094,(의정부)신곡은하수,,,,,,,"경기북부 엑셀양식.xlsx에 이미 기재된 사업장 (참고용, 팩스번호와 매칭 필요)"
BPS010411082,(의정부)백석희망,,,,,,,"경기북부 엑셀양식.xlsx에 이미 기재된 사업장 (참고용, 팩스번호와 매칭 필요)"
BPD110117238,(구리-퇴계원)별내포스코,,,,,,,"경기북부 엑셀양식.xlsx에 이미 기재된 사업장 (참고용, 팩스번호와 매칭 필요)"
BPD110112045,(파주)벽산우남연리지,,,,,,,"경기북부 엑셀양식.xlsx에 이미 기재된 사업장 (참고용, 팩스번호와 매칭 필요)"
BPD110106185,(덕양)세창짜임주상복합아파트,,,,,,,"경기북부 엑셀양식.xlsx에 이미 기재된 사업장 (참고용, 팩스번호와 매칭 필요)"
BPS010414030,(구리-퇴계원)오남유호,,,,,,,"경기북부 엑셀양식.xlsx에 이미 기재된 사업장 (참고용, 팩스번호와 매칭 필요)"
BPS010202009,(덕양)동도센트리움_아파트,,,,,,,"경기북부 엑셀양식.xlsx에 이미 기재된 사업장 (참고용, 팩스번호와 매칭 필요)"
BPS010201096,(일산)백마중앙하이츠_아파트,,,,,,,"경기북부 엑셀양식.xlsx에 이미 기재된 사업장 (참고용, 팩스번호와 매칭 필요)"
BPS010402052,(의정부)신곡현대,,,,,,,"경기북부 엑셀양식.xlsx에 이미 기재된 사업장 (참고용, 팩스번호와 매칭 필요)"
BPD110110416,(의정부)고읍주공8단지,,,,,,,"경기북부 엑셀양식.xlsx에 이미 기재된 사업장 (참고용, 팩스번호와 매칭 필요)"
BPS010207061,(일산)문촌08동아_아파트(관리과장오류),,,,,,,"경기북부 엑셀양식.xlsx에 이미 기재된 사업장 (참고용, 팩스번호와 매칭 필요)"
BPD110106515,(구리)다산리버펠리체999동3호_,,,,,,,"경기북부 엑셀양식.xlsx에 이미 기재된 사업장 (참고용, 팩스번호와 매칭 필요)"
BPS010201066,(일산)삼성메르헨하우스,,,,,,,"경기북부 엑셀양식.xlsx에 이미 기재된 사업장 (참고용, 팩스번호와 매칭 필요)"
BPD110132697,(일산)일산대우푸르지오,,,,,,,"경기북부 엑셀양식.xlsx에 이미 기재된 사업장 (참고용, 팩스번호와 매칭 필요)"
BPS010201068,(일산)성우레이크하임,,,,,,,"경기북부 엑셀양식.xlsx에 이미 기재된 사업장 (참고용, 팩스번호와 매칭 필요)"
BPD110106495,(의정부)신곡대우,,,,,,,"경기북부 엑셀양식.xlsx에 이미 기재된 사업장 (참고용, 팩스번호와 매칭 필요)"
BPS010404059,(구리-남양주)평내중흥3단지아파트[ ],,,,,,,"경기북부 엑셀양식.xlsx에 이미 기재된 사업장 (참고용, 팩스번호와 매칭 필요)"
BPD110110566,(의정부)고읍휴먼시아5단지(900-2),,,,,,,"경기북부 엑셀양식.xlsx에 이미 기재된 사업장 (참고용, 팩스번호와 매칭 필요)"
BPD110113353,(파주)가람마을11단지,,,,,,,"경기북부 엑셀양식.xlsx에 이미 기재된 사업장 (참고용, 팩스번호와 매칭 필요)"
BPN,(덕양)서정마을4단지_아파트,,,,,,,"경기북부 엑셀양식.xlsx에 이미 기재된 사업장 (참고용, 팩스번호와 매칭 필요)"
BPD110111742,(구리-퇴계원)진접신도브래뉴아파트 (999-101),,,,,,,"경기북부 엑셀양식.xlsx에 이미 기재된 사업장 (참고용, 팩스번호와 매칭 필요)"
BPD110112483,(양평)현대성우3단지아파트(9999-101),,,,,,,"경기북부 엑셀양식.xlsx에 이미 기재된 사업장 (참고용, 팩스번호와 매칭 필요)"
BPS010414052,(구리-퇴계원)V012_E050_오남한국_,,,,,,,"경기북부 엑셀양식.xlsx에 이미 기재된 사업장 (참고용, 팩스번호와 매칭 필요)"
BPS010207018,(일산)일산동문아파트_9999동101호,,,,,,,"경기북부 엑셀양식.xlsx에 이미 기재된 사업장 (참고용, 팩스번호와 매칭 필요)"
BPD110106501,(의정부)장암현대2차(9999-3),,,,,,,"경기북부 엑셀양식.xlsx에 이미 기재된 사업장 (참고용, 팩스번호와 매칭 필요)"
BPS010201150,(일산)풍동숲속마을8단지 주공_아파트,,,,,,,"경기북부 엑셀양식.xlsx에 이미 기재된 사업장 (참고용, 팩스번호와 매칭 필요)"
BPD110110562,(의정부)호원신도101아파트,,,,,,,"경기북부 엑셀양식.xlsx에 이미 기재된 사업장 (참고용, 팩스번호와 매칭 필요)"
BPD110106451,(의정부)금오주공그린빌1단지,,,,,,,"경기북부 엑셀양식.xlsx에 이미 기재된 사업장 (참고용, 팩스번호와 매칭 필요)"
BPS010207027,대화마을일신건영휴먼빌(9999동102호),,,,,,,"경기북부 엑셀양식.xlsx에 이미 기재된 사업장 (참고용, 팩스번호와 매칭 필요)"
BPD110106534,(구리)인창이편한세상아파트,,,,,,,"경기북부 엑셀양식.xlsx에 이미 기재된 사업장 (참고용, 팩스번호와 매칭 필요)"
BPD110107373,(구리-퇴계원)장현주공3단지,,,,,,,"경기북부 엑셀양식.xlsx에 이미 기재된 사업장 (참고용, 팩스번호와 매칭 필요)"
BPD110106341,(동두천)-옥정세창-아파트(E005,,,,,,,"경기북부 엑셀양식.xlsx에 이미 기재된 사업장 (참고용, 팩스번호와 매칭 필요)"
BPS010207113,(일산)탄현마을1차 건영_아파트,,,,,,,"경기북부 엑셀양식.xlsx에 이미 기재된 사업장 (참고용, 팩스번호와 매칭 필요)"
BPD110109165,(덕양)행신중흥S클래스타운하우스9999동101호,,,,,,,"경기북부 엑셀양식.xlsx에 이미 기재된 사업장 (참고용, 팩스번호와 매칭 필요)"
BPS010207052,(일산)코오롱레이크폴리스2_7777동103호,,,,,,,"경기북부 엑셀양식.xlsx에 이미 기재된 사업장 (참고용, 팩스번호와 매칭 필요)"
BPS010201031,(일산)코오롱 레이크폴리스1차,,,,,,,"경기북부 엑셀양식.xlsx에 이미 기재된 사업장 (참고용, 팩스번호와 매칭 필요)"
BPD110111552,(일산)하늘마을6단지,,,,,,,"경기북부 엑셀양식.xlsx에 이미 기재된 사업장 (참고용, 팩스번호와 매칭 필요)"
BPD110107192,(일산)포리치몰,,,,,,,"경기북부 엑셀양식.xlsx에 이미 기재된 사업장 (참고용, 팩스번호와 매칭 필요)"
BPS010403080,(구리-남양주)도농 한신,,,,,,,"경기북부 엑셀양식.xlsx에 이미 기재된 사업장 (참고용, 팩스번호와 매칭 필요)"
BPD110106803,(구리-남양주)호평쌍용스윗닷홈,,,,,,,"경기북부 엑셀양식.xlsx에 이미 기재된 사업장 (참고용, 팩스번호와 매칭 필요)"
BPD110106490,(구리-퇴계원)진건한신3차아파트,,,,,,,"경기북부 엑셀양식.xlsx에 이미 기재된 사업장 (참고용, 팩스번호와 매칭 필요)"
BPS010208005,(파주)산내마을11단지 현대(888-101),,,,,,,"경기북부 엑셀양식.xlsx에 이미 기재된 사업장 (참고용, 팩스번호와 매칭 필요)"
BPD110108730,(의정부)호원우남2차,,,,,,,"경기북부 엑셀양식.xlsx에 이미 기재된 사업장 (참고용, 팩스번호와 매칭 필요)"
BPS010207150,(일산)후곡08동신_아파트,,,,,,,"경기북부 엑셀양식.xlsx에 이미 기재된 사업장 (참고용, 팩스번호와 매칭 필요)"
BPS010207172,(일산)삼라마이다스2_빌딩(103-101),,,,,,,"경기북부 엑셀양식.xlsx에 이미 기재된 사업장 (참고용, 팩스번호와 매칭 필요)"
BPD110112150,(구리-퇴계원)반도유보라 메이플타운,,,,,,,"경기북부 엑셀양식.xlsx에 이미 기재된 사업장 (참고용, 팩스번호와 매칭 필요)"
BPD110106302,(일산)우경드림빌(탄현동),,,,,,,"경기북부 엑셀양식.xlsx에 이미 기재된 사업장 (참고용, 팩스번호와 매칭 필요)"
BPS010201026,(일산)백석 두산위브 무응,,,,,,,"경기북부 엑셀양식.xlsx에 이미 기재된 사업장 (참고용, 팩스번호와 매칭 필요)"
BPD110186658,동두천-지행주공2차,,,,,,,"경기북부 엑셀양식.xlsx에 이미 기재된 사업장 (참고용, 팩스번호와 매칭 필요)"
BPS010207101,(일산)장성02대명_아파트,,,,,,,"경기북부 엑셀양식.xlsx에 이미 기재된 사업장 (참고용, 팩스번호와 매칭 필요)"
BPD110106634,(의정부)금오우암센스뷰,,,,,,,"경기북부 엑셀양식.xlsx에 이미 기재된 사업장 (참고용, 팩스번호와 매칭 필요)"
BPD110109160,(구리-퇴계원)진접원일플로라,,,,,,,"경기북부 엑셀양식.xlsx에 이미 기재된 사업장 (참고용, 팩스번호와 매칭 필요)"
BPS010202034,(덕양)소만3단지_늘푸른아파트,,,,,,,"경기북부 엑셀양식.xlsx에 이미 기재된 사업장 (참고용, 팩스번호와 매칭 필요)"
BPS010201147,(일산)백석윈스턴파크2차,,,,,,,"경기북부 엑셀양식.xlsx에 이미 기재된 사업장 (참고용, 팩스번호와 매칭 필요)"
BPS010201002,(일산)강촌1동아_아파트,,,,,,,"경기북부 엑셀양식.xlsx에 이미 기재된 사업장 (참고용, 팩스번호와 매칭 필요)"
BPS010207073,(일산)삼성스위트,,,,,,,"경기북부 엑셀양식.xlsx에 이미 기재된 사업장 (참고용, 팩스번호와 매칭 필요)"
BPS010201051,(일산)백송2단지 대림_아파트,,,,,,,"경기북부 엑셀양식.xlsx에 이미 기재된 사업장 (참고용, 팩스번호와 매칭 필요)"
BPD110106235,(일산)성저건영빌라7단지,,,,,,,"경기북부 엑셀양식.xlsx에 이미 기재된 사업장 (참고용, 팩스번호와 매칭 필요)"
BPS010207046,(일산)덕이동문2차_아파트,,,,,,,"경기북부 엑셀양식.xlsx에 이미 기재된 사업장 (참고용, 팩스번호와 매칭 필요)"
BPS010404113,(구리-남양주)E030_호평한화꿈에그린_,,,,,,,"경기북부 엑셀양식.xlsx에 이미 기재된 사업장 (참고용, 팩스번호와 매칭 필요)"
BPD110106143,[일산]성암빌딩(128-25-10959),,,,,,,"경기북부 엑셀양식.xlsx에 이미 기재된 사업장 (참고용, 팩스번호와 매칭 필요)"
BPS010207074,[일산]성우사카르타워(128-81-02853),,,,,,,"경기북부 엑셀양식.xlsx에 이미 기재된 사업장 (참고용, 팩스번호와 매칭 필요)"
BPS010207026,(일산)대화03동문1차_아파트,,,,,,,"경기북부 엑셀양식.xlsx에 이미 기재된 사업장 (참고용, 팩스번호와 매칭 필요)"
BPS010201058,(일산)백송두산 9999동105호,,,,,,,"경기북부 엑셀양식.xlsx에 이미 기재된 사업장 (참고용, 팩스번호와 매칭 필요)"
BPS010403042,(구리)토평 상록,,,,,,,"경기북부 엑셀양식.xlsx에 이미 기재된 사업장 (참고용, 팩스번호와 매칭 필요)"
BPD110106623,(의정부)의정부에스케이-뷰,,,,,,,"경기북부 엑셀양식.xlsx에 이미 기재된 사업장 (참고용, 팩스번호와 매칭 필요)"
BPD110106359,(동두천)_양주현진에버빌2단지(덕계),,,,,,,"경기북부 엑셀양식.xlsx에 이미 기재된 사업장 (참고용, 팩스번호와 매칭 필요)"
BPD110106474,(구리-퇴계원)성원아파트,,,,,,,"경기북부 엑셀양식.xlsx에 이미 기재된 사업장 (참고용, 팩스번호와 매칭 필요)"
BPD110106494,(구리-퇴계원)진건현대 (105-2),,,,,,,"경기북부 엑셀양식.xlsx에 이미 기재된 사업장 (참고용, 팩스번호와 매칭 필요)"
BPD110112462,(덕양)고양동풍림아이원7단지,,,,,,,"경기북부 엑셀양식.xlsx에 이미 기재된 사업장 (참고용, 팩스번호와 매칭 필요)"
BPN,(덕양)우정프라자_빌딩,,,,,,,"경기북부 엑셀양식.xlsx에 이미 기재된 사업장 (참고용, 팩스번호와 매칭 필요)"
BPD110106768,(구리-덕소)세양청마루아파트,,,,,,,"경기북부 엑셀양식.xlsx에 이미 기재된 사업장 (참고용, 팩스번호와 매칭 필요)"
BPD110111748,(구리-퇴계원)진접휴먼시아24단지 (9999-103),,,,,,,"경기북부 엑셀양식.xlsx에 이미 기재된 사업장 (참고용, 팩스번호와 매칭 필요)"
BPD110106138,(일산)강촌한양6단지,,,,,,,"경기북부 엑셀양식.xlsx에 이미 기재된 사업장 (참고용, 팩스번호와 매칭 필요)"
BPS010207077,(일산)성저02세경_아파트,,,,,,,"경기북부 엑셀양식.xlsx에 이미 기재된 사업장 (참고용, 팩스번호와 매칭 필요)"
BPS010202063,(덕양)햇빛18-2단지_아파트,,,,,,,"경기북부 엑셀양식.xlsx에 이미 기재된 사업장 (참고용, 팩스번호와 매칭 필요)"
BPD110132079,(일산)삼정프라자,,,,,,,"경기북부 엑셀양식.xlsx에 이미 기재된 사업장 (참고용, 팩스번호와 매칭 필요)"
BPD110128727,(일산)현해프라자(탄현동),,,,,,,"경기북부 엑셀양식.xlsx에 이미 기재된 사업장 (참고용, 팩스번호와 매칭 필요)"
BPD110107339,(구리-퇴계원)진접롯데캐슬아파트[ ],,,,,,,"경기북부 엑셀양식.xlsx에 이미 기재된 사업장 (참고용, 팩스번호와 매칭 필요)"
BPD110113855,(일산)라이저빌딩,,,,,,,"경기북부 엑셀양식.xlsx에 이미 기재된 사업장 (참고용, 팩스번호와 매칭 필요)"
BPD110111998,(동두천)-전곡_예일쎄띠앙(9999-101),,,,,,,"경기북부 엑셀양식.xlsx에 이미 기재된 사업장 (참고용, 팩스번호와 매칭 필요)"
BPD110106734,(의정부)건영캐스빌아파트,,,,,,,"경기북부 엑셀양식.xlsx에 이미 기재된 사업장 (참고용, 팩스번호와 매칭 필요)"
BPS010404060,(구리)E022_평내상록_,,,,,,,"경기북부 엑셀양식.xlsx에 이미 기재된 사업장 (참고용, 팩스번호와 매칭 필요)"
BPN,(덕양)서정마을1단지_아파트(108-81-38338),,,,,,,"경기북부 엑셀양식.xlsx에 이미 기재된 사업장 (참고용, 팩스번호와 매칭 필요)"
BPD110106480,연합드림관리_평내메인프라자(8801호) (622-82-64101),,,,,,,"경기북부 엑셀양식.xlsx에 이미 기재된 사업장 (참고용, 팩스번호와 매칭 필요)"
BPS010202018,(덕양)무원마을6단지두산_아파트,,,,,,,"경기북부 엑셀양식.xlsx에 이미 기재된 사업장 (참고용, 팩스번호와 매칭 필요)"
BPD110106292,(일산)그린월드(9999-1,,,,,,,"경기북부 엑셀양식.xlsx에 이미 기재된 사업장 (참고용, 팩스번호와 매칭 필요)"
BPS010406040,(동두천)_상패주공_아파트(V023),,,,,,,"경기북부 엑셀양식.xlsx에 이미 기재된 사업장 (참고용, 팩스번호와 매칭 필요)"
BPS010208172,(파주)교하13단지상록경남아너스아파트(9999-4),,,,,,,"경기북부 엑셀양식.xlsx에 이미 기재된 사업장 (참고용, 팩스번호와 매칭 필요)"
BPS010207036,[일산]삼운트루아오피스텔_99동 04호(107-82-74944),,,,,,,"경기북부 엑셀양식.xlsx에 이미 기재된 사업장 (참고용, 팩스번호와 매칭 필요)"
BPS010414037,(구리-퇴계원)오남신동아_아파트,,,,,,,"경기북부 엑셀양식.xlsx에 이미 기재된 사업장 (참고용, 팩스번호와 매칭 필요)"
BPS010202051,(덕양)옥빛16단지_아파트,,,,,,,"경기북부 엑셀양식.xlsx에 이미 기재된 사업장 (참고용, 팩스번호와 매칭 필요)"
BPS010414038,(구리-퇴계원)E013_오남파라다이스빌- (9999-1),,,,,,,"경기북부 엑셀양식.xlsx에 이미 기재된 사업장 (참고용, 팩스번호와 매칭 필요)"
BPS010207065,(일산)문촌12유승_아파트,,,,,,,"경기북부 엑셀양식.xlsx에 이미 기재된 사업장 (참고용, 팩스번호와 매칭 필요)"
BPD110106466,(구리-남양주)신창현두산위브아파트,,,,,,,"경기북부 엑셀양식.xlsx에 이미 기재된 사업장 (참고용, 팩스번호와 매칭 필요)"
BPS010207070,(일산)문촌18대원_아파트,,,,,,,"경기북부 엑셀양식.xlsx에 이미 기재된 사업장 (참고용, 팩스번호와 매칭 필요)"
BPS010201003,(일산)강촌2단지한신_아파트,,,,,,,"경기북부 엑셀양식.xlsx에 이미 기재된 사업장 (참고용, 팩스번호와 매칭 필요)"
BPS010208120,(파주)숲속길마을3단지동문굿모닝힐,,,,,,,"경기북부 엑셀양식.xlsx에 이미 기재된 사업장 (참고용, 팩스번호와 매칭 필요)"
BPS010404049,(구리-남양주)E011_평내효성타운,,,,,,,"경기북부 엑셀양식.xlsx에 이미 기재된 사업장 (참고용, 팩스번호와 매칭 필요)"
BPS010403077,(구리)토평 주공,,,,,,,"경기북부 엑셀양식.xlsx에 이미 기재된 사업장 (참고용, 팩스번호와 매칭 필요)"
BPD110106189,(덕양) 명지캐럿86주상복합상가(격월),,,,,,,"경기북부 엑셀양식.xlsx에 이미 기재된 사업장 (참고용, 팩스번호와 매칭 필요)"
BPD110107011,(일산)풍동숲속마을9단지(999-1,,,,,,,"경기북부 엑셀양식.xlsx에 이미 기재된 사업장 (참고용, 팩스번호와 매칭 필요)"
BPD110106280,(일산)양지3단지건영빌라,,,,,,,"경기북부 엑셀양식.xlsx에 이미 기재된 사업장 (참고용, 팩스번호와 매칭 필요)"
BPD110106463,(의정부)호원신도4차,,,,,,,"경기북부 엑셀양식.xlsx에 이미 기재된 사업장 (참고용, 팩스번호와 매칭 필요)"
BPS010207122,(일산)탄현12서광_아파트,,,,,,,"경기북부 엑셀양식.xlsx에 이미 기재된 사업장 (참고용, 팩스번호와 매칭 필요)"
BPD110111291,(구리-퇴계원)진접휴먼시아17단지,,,,,,,"경기북부 엑셀양식.xlsx에 이미 기재된 사업장 (참고용, 팩스번호와 매칭 필요)"
BPS010207069,(일산)문촌마을17신안_아파트(9999-102),,,,,,,"경기북부 엑셀양식.xlsx에 이미 기재된 사업장 (참고용, 팩스번호와 매칭 필요)"
BPD110106483,(의정부)금오풍림아이원(8888-101),,,,,,,"경기북부 엑셀양식.xlsx에 이미 기재된 사업장 (참고용, 팩스번호와 매칭 필요)"
BPD110112069,(구리-퇴계원)진접금강펜테리움,,,,,,,"경기북부 엑셀양식.xlsx에 이미 기재된 사업장 (참고용, 팩스번호와 매칭 필요)"
BPS010208161,(파주)그린시티동문,,,,,,,"경기북부 엑셀양식.xlsx에 이미 기재된 사업장 (참고용, 팩스번호와 매칭 필요)"
BPS010407013,(의정부)송산한라비발디아파트,,,,,,,"경기북부 엑셀양식.xlsx에 이미 기재된 사업장 (참고용, 팩스번호와 매칭 필요)"
BPD110106503,(의정부)장암동신현대,,,,,,,"경기북부 엑셀양식.xlsx에 이미 기재된 사업장 (참고용, 팩스번호와 매칭 필요)"
BPS010404054,(구리-남양주)E016_평내중흥S클래스2단지 (888-1),,,,,,,"경기북부 엑셀양식.xlsx에 이미 기재된 사업장 (참고용, 팩스번호와 매칭 필요)"
BPS010402043,(의정부)신곡서해,,,,,,,"경기북부 엑셀양식.xlsx에 이미 기재된 사업장 (참고용, 팩스번호와 매칭 필요)"
BPD110118436,(의정부)신한헤스티아1(9-101),,,,,,,"경기북부 엑셀양식.xlsx에 이미 기재된 사업장 (참고용, 팩스번호와 매칭 필요)"
BPS010201155,(일산)풍동숲속7단지주공(888-1),,,,,,,"경기북부 엑셀양식.xlsx에 이미 기재된 사업장 (참고용, 팩스번호와 매칭 필요)"
BPS010403025,(구리)인창동원베네스트,,,,,,,"경기북부 엑셀양식.xlsx에 이미 기재된 사업장 (참고용, 팩스번호와 매칭 필요)"
BPD110106439,(구리-남양주)임광그대가아파트,,,,,,,"경기북부 엑셀양식.xlsx에 이미 기재된 사업장 (참고용, 팩스번호와 매칭 필요)"
BPS010203094,(덕양)푸른마을5단지_풍림아이원아파트,,,,,,,"경기북부 엑셀양식.xlsx에 이미 기재된 사업장 (참고용, 팩스번호와 매칭 필요)"
BPD110106183,(덕양)사리현3단지동문굿모닝힐f:,,,,,,,"경기북부 엑셀양식.xlsx에 이미 기재된 사업장 (참고용, 팩스번호와 매칭 필요)"
BPD110106484,(구리-덕소)아이파크,,,,,,,"경기북부 엑셀양식.xlsx에 이미 기재된 사업장 (참고용, 팩스번호와 매칭 필요)"
BPD110106472,(구리-퇴계원)강남1차아파트,,,,,,,"경기북부 엑셀양식.xlsx에 이미 기재된 사업장 (참고용, 팩스번호와 매칭 필요)"
BPD110106278,(일산)양지마을2단지건영빌라(999-102),,,,,,,"경기북부 엑셀양식.xlsx에 이미 기재된 사업장 (참고용, 팩스번호와 매칭 필요)"
BPS010201006,(일산)강촌5-2라이프_아파트,,,,,,,"경기북부 엑셀양식.xlsx에 이미 기재된 사업장 (참고용, 팩스번호와 매칭 필요)"
BPD110107341,(진접)신영지웰생활지원센터,,,,,,,"경기북부 엑셀양식.xlsx에 이미 기재된 사업장 (참고용, 팩스번호와 매칭 필요)"
BPS010202010,(덕양)동양트레빌II_아파트,,,,,,,"경기북부 엑셀양식.xlsx에 이미 기재된 사업장 (참고용, 팩스번호와 매칭 필요)"
BPD110173440,(구리)도농동부센트레빌아파트,,,,,,,"경기북부 엑셀양식.xlsx에 이미 기재된 사업장 (참고용, 팩스번호와 매칭 필요)"
BPS010202026,(덕양)별빛9한일벽산_아파트,,,,,,,"경기북부 엑셀양식.xlsx에 이미 기재된 사업장 (참고용, 팩스번호와 매칭 필요)"
BPS010202029,(덕양)샘터2단지(분양)_아파트,,,,,,,"경기북부 엑셀양식.xlsx에 이미 기재된 사업장 (참고용, 팩스번호와 매칭 필요)"
BPD110106346,(동두천)_덕계윤중후레시빌_아파트,,,,,,,"경기북부 엑셀양식.xlsx에 이미 기재된 사업장 (참고용, 팩스번호와 매칭 필요)"
BPD110117579,(덕양) 성사동 어울림오피스텔9901호,,,,,,,"경기북부 엑셀양식.xlsx에 이미 기재된 사업장 (참고용, 팩스번호와 매칭 필요)"
BPD110106802,(구리-남양주)차산리풍림아이원1차,,,,,,,"경기북부 엑셀양식.xlsx에 이미 기재된 사업장 (참고용, 팩스번호와 매칭 필요)"
BPS010405017,(구리-덕소)V002_우성-V011_아파트,,,,,,,"경기북부 엑셀양식.xlsx에 이미 기재된 사업장 (참고용, 팩스번호와 매칭 필요)"
BPD110106635,(의정부)호원한국개나리,,,,,,,"경기북부 엑셀양식.xlsx에 이미 기재된 사업장 (참고용, 팩스번호와 매칭 필요)"
BPD110106574,양주한승9999동4호,,,,,,,"경기북부 엑셀양식.xlsx에 이미 기재된 사업장 (참고용, 팩스번호와 매칭 필요)"
BPS010202052,(덕양)옥빛17주공_아파트,,,,,,,"경기북부 엑셀양식.xlsx에 이미 기재된 사업장 (참고용, 팩스번호와 매칭 필요)"
BPS010406046,(동두천)_생연상우_아파트(V014),,,,,,,"경기북부 엑셀양식.xlsx에 이미 기재된 사업장 (참고용, 팩스번호와 매칭 필요)"
BPS010207063,(일산)문촌10동부_아파트(동부썬프라자),,,,,,,"경기북부 엑셀양식.xlsx에 이미 기재된 사업장 (참고용, 팩스번호와 매칭 필요)"
BPS010203017,(덕양)달빛2단지부영_아파트,,,,,,,"경기북부 엑셀양식.xlsx에 이미 기재된 사업장 (참고용, 팩스번호와 매칭 필요)"
BPS010207120,(일산)탄현10동문_아파트,,,,,,,"경기북부 엑셀양식.xlsx에 이미 기재된 사업장 (참고용, 팩스번호와 매칭 필요)"
BPS010206041,(일산)현대홈타운1차_아파트,,,,,,,"경기북부 엑셀양식.xlsx에 이미 기재된 사업장 (참고용, 팩스번호와 매칭 필요)"
BPD110128229,[구리]세경프라자1동1001호(132-82-90483),,,,,,,"경기북부 엑셀양식.xlsx에 이미 기재된 사업장 (참고용, 팩스번호와 매칭 필요)"
BPD110106469,(구리)부영프라자(132-82-90315),,,,,,,"경기북부 엑셀양식.xlsx에 이미 기재된 사업장 (참고용, 팩스번호와 매칭 필요)"
BPS010203075,(덕양)은빛마을6단지상가_BB-H,,,,,,,"경기북부 엑셀양식.xlsx에 이미 기재된 사업장 (참고용, 팩스번호와 매칭 필요)"
BPS010405014,(구리-덕소)E004_덕소한솔강변- (9999-1),,,,,,,"경기북부 엑셀양식.xlsx에 이미 기재된 사업장 (참고용, 팩스번호와 매칭 필요)"
BPD110111558,(구리-퇴계원)진접센트레빌시티 3단지 (9999-101),,,,,,,"경기북부 엑셀양식.xlsx에 이미 기재된 사업장 (참고용, 팩스번호와 매칭 필요)"
BPD110115827,(구리-퇴계원)진건주공2차,,,,,,,"경기북부 엑셀양식.xlsx에 이미 기재된 사업장 (참고용, 팩스번호와 매칭 필요)"
BPS010202033,(덕양)소만1단지_아파트,,,,,,,"경기북부 엑셀양식.xlsx에 이미 기재된 사업장 (참고용, 팩스번호와 매칭 필요)"
BPD110106520,(의정부)호원가든2차(999-102),,,,,,,"경기북부 엑셀양식.xlsx에 이미 기재된 사업장 (참고용, 팩스번호와 매칭 필요)"
BPD110106512,"[구리]농수산물도매시장 82005호(132-82-03988),세금발행 1328203988",,,,,,,"경기북부 엑셀양식.xlsx에 이미 기재된 사업장 (참고용, 팩스번호와 매칭 필요)"
BPD110106593,(의정부)호원신도7차,,,,,,,"경기북부 엑셀양식.xlsx에 이미 기재된 사업장 (참고용, 팩스번호와 매칭 필요)"
BPD110106616,(의정부)금오현대아이파크,,,,,,,"경기북부 엑셀양식.xlsx에 이미 기재된 사업장 (참고용, 팩스번호와 매칭 필요)"
BPD110111364,(구리-퇴계원)예당마을신안인스빌,,,,,,,"경기북부 엑셀양식.xlsx에 이미 기재된 사업장 (참고용, 팩스번호와 매칭 필요)"
BPS010407031,(의정부)민락산들마을4단지(999-104),,,,,,,"경기북부 엑셀양식.xlsx에 이미 기재된 사업장 (참고용, 팩스번호와 매칭 필요)"
BPS010404119,(구리-남양주)경성큰마을2단지아파트(999-103),,,,,,,"경기북부 엑셀양식.xlsx에 이미 기재된 사업장 (참고용, 팩스번호와 매칭 필요)"
BPS010202088,(덕양)행신 SKVIEW2차_아파트,,,,,,,"경기북부 엑셀양식.xlsx에 이미 기재된 사업장 (참고용, 팩스번호와 매칭 필요)"
BPS010207011,(일산)강선07유원삼환_아파트,,,,,,,"경기북부 엑셀양식.xlsx에 이미 기재된 사업장 (참고용, 팩스번호와 매칭 필요)"
BPD110106475,(구리-퇴계원)엘리시아[ ](9999-101),,,,,,,"경기북부 엑셀양식.xlsx에 이미 기재된 사업장 (참고용, 팩스번호와 매칭 필요)"
BPS010404043,(구리-남양주)E005_마석정도그랜드힐- (999-102),,,,,,,"경기북부 엑셀양식.xlsx에 이미 기재된 사업장 (참고용, 팩스번호와 매칭 필요)"
BPS010207157,(일산)후곡16코오롱_아파트,,,,,,,"경기북부 엑셀양식.xlsx에 이미 기재된 사업장 (참고용, 팩스번호와 매칭 필요)"
BPD110106377,(양평_청평)경남아너스빌,,,,,,,"경기북부 엑셀양식.xlsx에 이미 기재된 사업장 (참고용, 팩스번호와 매칭 필요)"
BPD110110546,(의정부)고읍주공4단지,,,,,,,"경기북부 엑셀양식.xlsx에 이미 기재된 사업장 (참고용, 팩스번호와 매칭 필요)"
BPD110111556,(구리-퇴계원)진접동부센트레빌시티2단지(9999-105),,,,,,,"경기북부 엑셀양식.xlsx에 이미 기재된 사업장 (참고용, 팩스번호와 매칭 필요)"
BPS010207146,(일산)후곡04금호한양_아파트,,,,,,,"경기북부 엑셀양식.xlsx에 이미 기재된 사업장 (참고용, 팩스번호와 매칭 필요)"
BPD110111551,(구리-퇴계원)해밀마을신안인스빌,,,,,,,"경기북부 엑셀양식.xlsx에 이미 기재된 사업장 (참고용, 팩스번호와 매칭 필요)"
BPS010411066,(의정부)장암동아(999-108),,,,,,,"경기북부 엑셀양식.xlsx에 이미 기재된 사업장 (참고용, 팩스번호와 매칭 필요)"
BPD110111743,(구리-남양주)호평6단지,,,,,,,"경기북부 엑셀양식.xlsx에 이미 기재된 사업장 (참고용, 팩스번호와 매칭 필요)"
BPS010207064,(일산) 문촌11건영_아파트,,,,,,,"경기북부 엑셀양식.xlsx에 이미 기재된 사업장 (참고용, 팩스번호와 매칭 필요)"
BPS010411072,(의정부)백석가야2차,,,,,,,"경기북부 엑셀양식.xlsx에 이미 기재된 사업장 (참고용, 팩스번호와 매칭 필요)"
BPS010207053,(일산)레이크폴리스3_빌딩 (135-82-88496),,,,,,,"경기북부 엑셀양식.xlsx에 이미 기재된 사업장 (참고용, 팩스번호와 매칭 필요)"
BPS010203047,(덕양)신원당7단지_동신1차_아파트,,,,,,,"경기북부 엑셀양식.xlsx에 이미 기재된 사업장 (참고용, 팩스번호와 매칭 필요)"
BPD110210770,용현애디안주상복합9999동101호,,,,,,,"경기북부 엑셀양식.xlsx에 이미 기재된 사업장 (참고용, 팩스번호와 매칭 필요)"
BPS010208132,(파주)노을빛마을1단지(110-101),,,,,,,"경기북부 엑셀양식.xlsx에 이미 기재된 사업장 (참고용, 팩스번호와 매칭 필요)"
BPD110106607,(의정부)호원흥화브라운빌(999-1),,,,,,,"경기북부 엑셀양식.xlsx에 이미 기재된 사업장 (참고용, 팩스번호와 매칭 필요)"
BPD110106620,(의정부)금오주공그린빌4단지999동5호,,,,,,,"경기북부 엑셀양식.xlsx에 이미 기재된 사업장 (참고용, 팩스번호와 매칭 필요)"
BPS010402054,(의정부)신곡성원1차,,,,,,,"경기북부 엑셀양식.xlsx에 이미 기재된 사업장 (참고용, 팩스번호와 매칭 필요)"
BPS010208078,(파주)금촌쇠재마을5단지(999-102),,,,,,,"경기북부 엑셀양식.xlsx에 이미 기재된 사업장 (참고용, 팩스번호와 매칭 필요)"
BPD110107036,(일산)숲속1단지주공,,,,,,,"경기북부 엑셀양식.xlsx에 이미 기재된 사업장 (참고용, 팩스번호와 매칭 필요)"
BPS010404045,(구리-남양주)E007_평내예다움주공,,,,,,,"경기북부 엑셀양식.xlsx에 이미 기재된 사업장 (참고용, 팩스번호와 매칭 필요)"
BPD110106410,(구리)노블하임오피스텔,,,,,,,"경기북부 엑셀양식.xlsx에 이미 기재된 사업장 (참고용, 팩스번호와 매칭 필요)"
BPD110106606,(의정부)삼숭성우아침에 미소,,,,,,,"경기북부 엑셀양식.xlsx에 이미 기재된 사업장 (참고용, 팩스번호와 매칭 필요)"
BPS010202076,(덕양)능곡1차현대홈타운(888-101),,,,,,,"경기북부 엑셀양식.xlsx에 이미 기재된 사업장 (참고용, 팩스번호와 매칭 필요)"
BPS010203061,(덕양)한성리츠빌_아파트,,,,,,,"경기북부 엑셀양식.xlsx에 이미 기재된 사업장 (참고용, 팩스번호와 매칭 필요)"
BPD110106458,(의정부)가능가재울일신건영휴먼빌,,,,,,,"경기북부 엑셀양식.xlsx에 이미 기재된 사업장 (참고용, 팩스번호와 매칭 필요)"
BPS010202028,(덕양)샘터1단지효성_아파트(113-7),,,,,,,"경기북부 엑셀양식.xlsx에 이미 기재된 사업장 (참고용, 팩스번호와 매칭 필요)"
BPS010406063,(동두천)_에이스2차_아파트,,,,,,,"경기북부 엑셀양식.xlsx에 이미 기재된 사업장 (참고용, 팩스번호와 매칭 필요)"
BPD110106675,(의정부)금오플러스,,,,,,,"경기북부 엑셀양식.xlsx에 이미 기재된 사업장 (참고용, 팩스번호와 매칭 필요)"
BPD110106647,(의정부)금오대송프라자,,,,,,,"경기북부 엑셀양식.xlsx에 이미 기재된 사업장 (참고용, 팩스번호와 매칭 필요)"
BPS010202006,(덕양)화정동_대우마이빌,,,,,,,"경기북부 엑셀양식.xlsx에 이미 기재된 사업장 (참고용, 팩스번호와 매칭 필요)"
BPD110135100,제1보병사단,,,,,,,"경기북부 엑셀양식.xlsx에 이미 기재된 사업장 (참고용, 팩스번호와 매칭 필요)"
BPS010407024,(의정부)민락뜨란채(민락주공2),,,,,,,"경기북부 엑셀양식.xlsx에 이미 기재된 사업장 (참고용, 팩스번호와 매칭 필요)"
BPD110106516,(의정부)호원신도6(6-1)차_,,,,,,,"경기북부 엑셀양식.xlsx에 이미 기재된 사업장 (참고용, 팩스번호와 매칭 필요)"
BPS010414065,(구리-퇴계원)V025_오남두산2차,,,,,,,"경기북부 엑셀양식.xlsx에 이미 기재된 사업장 (참고용, 팩스번호와 매칭 필요)"
BPS010405019,(구리-덕소)V004_덕소주공2차- (999-3),,,,,,,"경기북부 엑셀양식.xlsx에 이미 기재된 사업장 (참고용, 팩스번호와 매칭 필요)"
BPD110111100,(의정부)고읍주공7단지,,,,,,,"경기북부 엑셀양식.xlsx에 이미 기재된 사업장 (참고용, 팩스번호와 매칭 필요)"
BPS010411138,[의정부]센트럴타워(127-82-76121),,,,,,,"경기북부 엑셀양식.xlsx에 이미 기재된 사업장 (참고용, 팩스번호와 매칭 필요)"
BPS010405015,(구리-덕소)두산위브아파트,,,,,,,"경기북부 엑셀양식.xlsx에 이미 기재된 사업장 (참고용, 팩스번호와 매칭 필요)"
BPD110107727,(구리-퇴계원)오남양지e편한세상2단지,,,,,,,"경기북부 엑셀양식.xlsx에 이미 기재된 사업장 (참고용, 팩스번호와 매칭 필요)"
BPD110115167,(파주)한빛마을6단지,,,,,,,"경기북부 엑셀양식.xlsx에 이미 기재된 사업장 (참고용, 팩스번호와 매칭 필요)"
BPD110117239,(구리-퇴계원)별내하우스토리,,,,,,,"경기북부 엑셀양식.xlsx에 이미 기재된 사업장 (참고용, 팩스번호와 매칭 필요)"
BPD110162347,(일산)드림월드_901-2호601-82-72619,,,,,,,"경기북부 엑셀양식.xlsx에 이미 기재된 사업장 (참고용, 팩스번호와 매칭 필요)"
BPD110106498,(의정부)장암현대1차,,,,,,,"경기북부 엑셀양식.xlsx에 이미 기재된 사업장 (참고용, 팩스번호와 매칭 필요)"
BPD110106206,[덕양]행신동 예일센스빌1차_아파트(141-81-04548) 1418104548,,,,,,,"경기북부 엑셀양식.xlsx에 이미 기재된 사업장 (참고용, 팩스번호와 매칭 필요)"
BPD110106206,[덕양]행신동 예일센스빌1차_아파트(141-81-04548),,,,,,,"경기북부 엑셀양식.xlsx에 이미 기재된 사업장 (참고용, 팩스번호와 매칭 필요)"
BPS010208007,(파주)경신아파트관리사무소,,,,,,,"경기북부 엑셀양식.xlsx에 이미 기재된 사업장 (참고용, 팩스번호와 매칭 필요)"
BPD110118885,(일산)Y-HAUS(Y하우스),,,,,,,"경기북부 엑셀양식.xlsx에 이미 기재된 사업장 (참고용, 팩스번호와 매칭 필요)"
BPD110107284,(파주)봉일천 성호아파트,,,,,,,"경기북부 엑셀양식.xlsx에 이미 기재된 사업장 (참고용, 팩스번호와 매칭 필요)"
BPD110140389,(덕양)관산더퍼스트프라임(999-101),,,,,,,"경기북부 엑셀양식.xlsx에 이미 기재된 사업장 (참고용, 팩스번호와 매칭 필요)"
BPD110108067,(의정부)만송한내들6단지,,,,,,,"경기북부 엑셀양식.xlsx에 이미 기재된 사업장 (참고용, 팩스번호와 매칭 필요)"
BPS010411164,(의정부)가능신동아파라디움,,,,,,,"경기북부 엑셀양식.xlsx에 이미 기재된 사업장 (참고용, 팩스번호와 매칭 필요)"
BPD110106664,[의정부]양주프라자 3차(0101호)(516-86-02152) 김미영,,,,,,,"경기북부 엑셀양식.xlsx에 이미 기재된 사업장 (참고용, 팩스번호와 매칭 필요)"
BPD110106663,[의정부]양주프라자2차(127-80-28663),,,,,,,"경기북부 엑셀양식.xlsx에 이미 기재된 사업장 (참고용, 팩스번호와 매칭 필요)"
BPS010402070,(의정부)신곡부용,,,,,,,"경기북부 엑셀양식.xlsx에 이미 기재된 사업장 (참고용, 팩스번호와 매칭 필요)"
BPD110106612,(의정부)녹양힐스테이트,,,,,,,"경기북부 엑셀양식.xlsx에 이미 기재된 사업장 (참고용, 팩스번호와 매칭 필요)"
BPD110107195,(동두천)_월드메르디앙,,,,,,,"경기북부 엑셀양식.xlsx에 이미 기재된 사업장 (참고용, 팩스번호와 매칭 필요)"
BPD110106544,(의정부)용현11차신도브래뉴플러스,,,,,,,"경기북부 엑셀양식.xlsx에 이미 기재된 사업장 (참고용, 팩스번호와 매칭 필요)"
BPD110109934,(구리-퇴계원)진접남양휴튼 (999-101),,,,,,,"경기북부 엑셀양식.xlsx에 이미 기재된 사업장 (참고용, 팩스번호와 매칭 필요)"
BPD110106628,(의정부)민락이편한세상,,,,,,,"경기북부 엑셀양식.xlsx에 이미 기재된 사업장 (참고용, 팩스번호와 매칭 필요)"
BPS010404040,(구리-남양주)묵현삼익파크,,,,,,,"경기북부 엑셀양식.xlsx에 이미 기재된 사업장 (참고용, 팩스번호와 매칭 필요)"
BPD110106658,(의정부)대정프라자,,,,,,,"경기북부 엑셀양식.xlsx에 이미 기재된 사업장 (참고용, 팩스번호와 매칭 필요)"
BPS010201100,"[장항]메트로골드(128-81-14567),세금",,,,,,,"경기북부 엑셀양식.xlsx에 이미 기재된 사업장 (참고용, 팩스번호와 매칭 필요)"
BPS010201100,[장항]메트로골드(128-81-14567),,,,,,,"경기북부 엑셀양식.xlsx에 이미 기재된 사업장 (참고용, 팩스번호와 매칭 필요)"
BPS010404088,(구리-남양주)창현청구 (999-102),,,,,,,"경기북부 엑셀양식.xlsx에 이미 기재된 사업장 (참고용, 팩스번호와 매칭 필요)"
BPS010201089,(일산)지평빌딩_3/6/9/12월,,,,,,,"경기북부 엑셀양식.xlsx에 이미 기재된 사업장 (참고용, 팩스번호와 매칭 필요)"
BPS010201094,(일산)풍동성원2차_아파트,,,,,,,"경기북부 엑셀양식.xlsx에 이미 기재된 사업장 (참고용, 팩스번호와 매칭 필요)"
BPS010201093,(일산)풍동성원1차_아파트,,,,,,,"경기북부 엑셀양식.xlsx에 이미 기재된 사업장 (참고용, 팩스번호와 매칭 필요)"
BPD110106445,(구리)지금동 부영아파트,,,,,,,"경기북부 엑셀양식.xlsx에 이미 기재된 사업장 (참고용, 팩스번호와 매칭 필요)"
BPD110106470,(의정부)호원한주5차,,,,,,,"경기북부 엑셀양식.xlsx에 이미 기재된 사업장 (참고용, 팩스번호와 매칭 필요)"
BPD110147991,(동두천)-E326-어나더월드(아이다빌),,,,,,,"경기북부 엑셀양식.xlsx에 이미 기재된 사업장 (참고용, 팩스번호와 매칭 필요)"
BPD110106657,"(의정부)제일퍼스트빌3, 234-82-72501 2348272501",,,,,,,"경기북부 엑셀양식.xlsx에 이미 기재된 사업장 (참고용, 팩스번호와 매칭 필요)"
BPS010207015,(일산)레이크타운_C동101호(503-82-81570) 5038281570,,,,,,,"경기북부 엑셀양식.xlsx에 이미 기재된 사업장 (참고용, 팩스번호와 매칭 필요)"
BPD110106651,[의정부]금오센타프라자(851-88-01633) / 8518801633,,,,,,,"경기북부 엑셀양식.xlsx에 이미 기재된 사업장 (참고용, 팩스번호와 매칭 필요)"
BPS010201035,(일산)로얄프라자3(128-82-83590),,,,,,,"경기북부 엑셀양식.xlsx에 이미 기재된 사업장 (참고용, 팩스번호와 매칭 필요)"
BPD110106232,(일산)성저마을건영빌라9단지,,,,,,,"경기북부 엑셀양식.xlsx에 이미 기재된 사업장 (참고용, 팩스번호와 매칭 필요)"
BPD110106525,(의정부)호원쌍용스윗닷홈(999-1),,,,,,,"경기북부 엑셀양식.xlsx에 이미 기재된 사업장 (참고용, 팩스번호와 매칭 필요)"
BPD110106422,(구리)세신훼밀리상가번영회,,,,,,,"경기북부 엑셀양식.xlsx에 이미 기재된 사업장 (참고용, 팩스번호와 매칭 필요)"
BPD110113360,(구리-퇴계원)강남건영2차APT,,,,,,,"경기북부 엑셀양식.xlsx에 이미 기재된 사업장 (참고용, 팩스번호와 매칭 필요)"
BPS010201135,[일산]고양교보생명보험일산사옥(102-81-11097) 1,,,,,,,"경기북부 엑셀양식.xlsx에 이미 기재된 사업장 (참고용, 팩스번호와 매칭 필요)"
BPS010203040,(덕양)성사어울림마을1단지888동102호_아파트,,,,,,,"경기북부 엑셀양식.xlsx에 이미 기재된 사업장 (참고용, 팩스번호와 매칭 필요)"
BPD110106818,(의정부)호원푸른마을,,,,,,,"경기북부 엑셀양식.xlsx에 이미 기재된 사업장 (참고용, 팩스번호와 매칭 필요)"
BPD110106496,(구리-퇴계원)정광산호아파트,,,,,,,"경기북부 엑셀양식.xlsx에 이미 기재된 사업장 (참고용, 팩스번호와 매칭 필요)"
BPD110106432,(구리-퇴계원)오남리신우아이딜1차아파트,,,,,,,"경기북부 엑셀양식.xlsx에 이미 기재된 사업장 (참고용, 팩스번호와 매칭 필요)"
BPD110106182,(덕양)한화엘르빌_꿈의그린,,,,,,,"경기북부 엑셀양식.xlsx에 이미 기재된 사업장 (참고용, 팩스번호와 매칭 필요)"
BPD110106204,(덕양)SM마이다스아파트,,,,,,,"경기북부 엑셀양식.xlsx에 이미 기재된 사업장 (참고용, 팩스번호와 매칭 필요)"
BPS010201144,(일산)쌍용한성상가[백마5단지상가_BB-H](청구액),,,,,,,"경기북부 엑셀양식.xlsx에 이미 기재된 사업장 (참고용, 팩스번호와 매칭 필요)"
BPD110108865,(구리-퇴계원)진접 자연앤어울림,,,,,,,"경기북부 엑셀양식.xlsx에 이미 기재된 사업장 (참고용, 팩스번호와 매칭 필요)"
BPD110120756,(덕양)능곡 남정시티프라자5차,,,,,,,"경기북부 엑셀양식.xlsx에 이미 기재된 사업장 (참고용, 팩스번호와 매칭 필요)"
BPD110106482,(구리-덕소)선플렉스(1-9901호),,,,,,,"경기북부 엑셀양식.xlsx에 이미 기재된 사업장 (참고용, 팩스번호와 매칭 필요)"
BPS010202113,(덕양)행신 윤창_아파트,,,,,,,"경기북부 엑셀양식.xlsx에 이미 기재된 사업장 (참고용, 팩스번호와 매칭 필요)"
BPS010202081,(덕양)능곡 센트럴빌딩(고객번호 815),,,,,,,"경기북부 엑셀양식.xlsx에 이미 기재된 사업장 (참고용, 팩스번호와 매칭 필요)"
BPD110106373,(동두천)-지행 성지S&B-E017(130-81-95641),,,,,,,"경기북부 엑셀양식.xlsx에 이미 기재된 사업장 (참고용, 팩스번호와 매칭 필요)"
BPS010406094,(동두천)-지행 개림프라자-E509(130-81-95641),,,,,,,"경기북부 엑셀양식.xlsx에 이미 기재된 사업장 (참고용, 팩스번호와 매칭 필요)"
BPS010406049,(동두천)-지행 생연프라자-E018(130-81-95641),,,,,,,"경기북부 엑셀양식.xlsx에 이미 기재된 사업장 (참고용, 팩스번호와 매칭 필요)"
BPD110106575,(구리)한성1차아파트,,,,,,,"경기북부 엑셀양식.xlsx에 이미 기재된 사업장 (참고용, 팩스번호와 매칭 필요)"
BPD110109332,[일산]시대프라자(101동104호)128-82-70488 1288270488,,,,,,,"경기북부 엑셀양식.xlsx에 이미 기재된 사업장 (참고용, 팩스번호와 매칭 필요)"
BPD110109332,[일산]시대프라자(2동220호)128-82-70488 1288270488,,,,,,,"경기북부 엑셀양식.xlsx에 이미 기재된 사업장 (참고용, 팩스번호와 매칭 필요)"
BPD110118077,(덕양)별빛8단지상가,,,,,,,"경기북부 엑셀양식.xlsx에 이미 기재된 사업장 (참고용, 팩스번호와 매칭 필요)"
BPD110192504,구리(퇴계원)별내효성해링턴아파트,,,,,,,"경기북부 엑셀양식.xlsx에 이미 기재된 사업장 (참고용, 팩스번호와 매칭 필요)"
BPD110108802,행신주공프라자_992호,,,,,,,"경기북부 엑셀양식.xlsx에 이미 기재된 사업장 (참고용, 팩스번호와 매칭 필요)"
BPD110226785,(삼송)보림프라자,,,,,,,"경기북부 엑셀양식.xlsx에 이미 기재된 사업장 (참고용, 팩스번호와 매칭 필요)"
BPD110225505,(남양주)한림미소가,,,,,,,"경기북부 엑셀양식.xlsx에 이미 기재된 사업장 (참고용, 팩스번호와 매칭 필요)"
BPD110116156,(구리-남양주)별나라타워,,,,,,,"경기북부 엑셀양식.xlsx에 이미 기재된 사업장 (참고용, 팩스번호와 매칭 필요)"
BPD110130458,(은평)_챌라넥스빌,,,,,,,"경기북부 엑셀양식.xlsx에 이미 기재된 사업장 (참고용, 팩스번호와 매칭 필요)"
BPS010207007,(일산)강선03한신_아파트,,,,,,,"경기북부 엑셀양식.xlsx에 이미 기재된 사업장 (참고용, 팩스번호와 매칭 필요)"
BPD110183486,소미빌빌딩,,,,,,,"경기북부 엑셀양식.xlsx에 이미 기재된 사업장 (참고용, 팩스번호와 매칭 필요)"
BPD110229332,(덕양) 향동동 43-8 다세대주택,,,,,,,"경기북부 엑셀양식.xlsx에 이미 기재된 사업장 (참고용, 팩스번호와 매칭 필요)"
BPS010207112,(일산)탄현03부영_아파트,,,,,,,"경기북부 엑셀양식.xlsx에 이미 기재된 사업장 (참고용, 팩스번호와 매칭 필요)"
BPD110230311,(파주) 동패동1947-2 다세대주택,,,,,,,"경기북부 엑셀양식.xlsx에 이미 기재된 사업장 (참고용, 팩스번호와 매칭 필요)"
BPD110190157,(일산)플라리스105동,,,,,,,"경기북부 엑셀양식.xlsx에 이미 기재된 사업장 (참고용, 팩스번호와 매칭 필요)"
BPD110190187,(일산)플라리스106동,,,,,,,"경기북부 엑셀양식.xlsx에 이미 기재된 사업장 (참고용, 팩스번호와 매칭 필요)"
BPD110186776,(일산)플라리스107동,,,,,,,"경기북부 엑셀양식.xlsx에 이미 기재된 사업장 (참고용, 팩스번호와 매칭 필요)"
BPD110118193,(덕양) 공군명성아파트,,,,,,,"경기북부 엑셀양식.xlsx에 이미 기재된 사업장 (참고용, 팩스번호와 매칭 필요)"
BPD110134851,(동두천)-포천-일동승진-E002,,,,,,,"경기북부 엑셀양식.xlsx에 이미 기재된 사업장 (참고용, 팩스번호와 매칭 필요)"
BPD110114073,(의정부)가능신도1차,,,,,,,"경기북부 엑셀양식.xlsx에 이미 기재된 사업장 (참고용, 팩스번호와 매칭 필요)"
BPN,(일산)우신프라자(장항동),,,,,,,"경기북부 엑셀양식.xlsx에 이미 기재된 사업장 (참고용, 팩스번호와 매칭 필요)"
BPD110137289,(덕양)밀레니엄타워,,,,,,,"경기북부 엑셀양식.xlsx에 이미 기재된 사업장 (참고용, 팩스번호와 매칭 필요)"
BPD110114722,(덕양)대경프라자-빌딩,,,,,,,"경기북부 엑셀양식.xlsx에 이미 기재된 사업장 (참고용, 팩스번호와 매칭 필요)"
BPD110118969,(덕양) 대경프라자 1,,,,,,,"경기북부 엑셀양식.xlsx에 이미 기재된 사업장 (참고용, 팩스번호와 매칭 필요)"
BPD110119926,(덕양)능곡 삼성프라자,,,,,,,"경기북부 엑셀양식.xlsx에 이미 기재된 사업장 (참고용, 팩스번호와 매칭 필요)"
BPD110106367,(양평)꽃여울아파트,,,,,,,"경기북부 엑셀양식.xlsx에 이미 기재된 사업장 (참고용, 팩스번호와 매칭 필요)"
BPD110106369,(양평)미르젠아파트,,,,,,,"경기북부 엑셀양식.xlsx에 이미 기재된 사업장 (참고용, 팩스번호와 매칭 필요)"
BPD110106462,(구리-남양주)엠투프라자,,,,,,,"경기북부 엑셀양식.xlsx에 이미 기재된 사업장 (참고용, 팩스번호와 매칭 필요)"
BPD110109936,(구리-남양주)호평ACE프라자,,,,,,,"경기북부 엑셀양식.xlsx에 이미 기재된 사업장 (참고용, 팩스번호와 매칭 필요)"
BPD110106550,(구리-남양주)평내 다모아프라자,,,,,,,"경기북부 엑셀양식.xlsx에 이미 기재된 사업장 (참고용, 팩스번호와 매칭 필요)"
BPD110205263,와동동 1625-4,,,,,,,"경기북부 엑셀양식.xlsx에 이미 기재된 사업장 (참고용, 팩스번호와 매칭 필요)"
BPD110208986,자연애가3차(20년10월부터 장비추가로 인상),,,,,,,"경기북부 엑셀양식.xlsx에 이미 기재된 사업장 (참고용, 팩스번호와 매칭 필요)"
BPD110219336,"산호프라자(월5,400원)",,,,,,,"경기북부 엑셀양식.xlsx에 이미 기재된 사업장 (참고용, 팩스번호와 매칭 필요)"
BPD110126810,(의정부)부곡리청운빌딩,,,,,,,"경기북부 엑셀양식.xlsx에 이미 기재된 사업장 (참고용, 팩스번호와 매칭 필요)"
BPD110111618,(의정부)장암골드프라자,,,,,,,"경기북부 엑셀양식.xlsx에 이미 기재된 사업장 (참고용, 팩스번호와 매칭 필요)"
BPD110133079,(의정부)용현대양빌나동,,,,,,,"경기북부 엑셀양식.xlsx에 이미 기재된 사업장 (참고용, 팩스번호와 매칭 필요)"
BPD110118965,(동두천)-지행 드림하우스-E368,,,,,,,"경기북부 엑셀양식.xlsx에 이미 기재된 사업장 (참고용, 팩스번호와 매칭 필요)"
BPD110118964,(동두천)-지행 선진하우스-E369,,,,,,,"경기북부 엑셀양식.xlsx에 이미 기재된 사업장 (참고용, 팩스번호와 매칭 필요)"
BPD110225918,(덕양)원흥동 645-4,,,,,,,"경기북부 엑셀양식.xlsx에 이미 기재된 사업장 (참고용, 팩스번호와 매칭 필요)"
BPD110225969,(동두천)옥정라피네트더테라스(월드메르디앙),,,,,,,"경기북부 엑셀양식.xlsx에 이미 기재된 사업장 (참고용, 팩스번호와 매칭 필요)"
BPD110225564,(의정부)의정부역센트럴자이앤위브캐슬,,,,,,,"경기북부 엑셀양식.xlsx에 이미 기재된 사업장 (참고용, 팩스번호와 매칭 필요)"
BPD110226339,(양주)옥정동1062-4,,,,,,,"경기북부 엑셀양식.xlsx에 이미 기재된 사업장 (참고용, 팩스번호와 매칭 필요)"
BPD110112202,정발마을3단지,,,,,,,"경기북부 엑셀양식.xlsx에 이미 기재된 사업장 (참고용, 팩스번호와 매칭 필요)"
BPD110153760,(의정부)광사673-1상가주택,,,,,,,"경기북부 엑셀양식.xlsx에 이미 기재된 사업장 (참고용, 팩스번호와 매칭 필요)"
BPD110106615,(의정부)호원가든1차,,,,,,,"경기북부 엑셀양식.xlsx에 이미 기재된 사업장 (참고용, 팩스번호와 매칭 필요)"
BPD110164058,(파주) 국제빌딩,,,,,,,"경기북부 엑셀양식.xlsx에 이미 기재된 사업장 (참고용, 팩스번호와 매칭 필요)"
BPD110114042,(구리)다우스케어,,,,,,,"경기북부 엑셀양식.xlsx에 이미 기재된 사업장 (참고용, 팩스번호와 매칭 필요)"
BPS010411103,(의정부)녹양동원2차,,,,,,,"경기북부 엑셀양식.xlsx에 이미 기재된 사업장 (참고용, 팩스번호와 매칭 필요)"
BPD110213829,의정부(도봉산아르쥬),,,,,,,"경기북부 엑셀양식.xlsx에 이미 기재된 사업장 (참고용, 팩스번호와 매칭 필요)"
BPN,일산두성코아,,,,,,,"경기북부 엑셀양식.xlsx에 이미 기재된 사업장 (참고용, 팩스번호와 매칭 필요)"
BPD110107426,백송프라자(덕이동),,,,,,,"경기북부 엑셀양식.xlsx에 이미 기재된 사업장 (참고용, 팩스번호와 매칭 필요)"
BPD110106436,구리인창주공6단지아파트999동101호,,,,,,,"경기북부 엑셀양식.xlsx에 이미 기재된 사업장 (참고용, 팩스번호와 매칭 필요)"
BPD110114075,(덕양)위시티4단지,,,,,,,"경기북부 엑셀양식.xlsx에 이미 기재된 사업장 (참고용, 팩스번호와 매칭 필요)"
BPD110114539,(덕양)식사위시티주상복합,,,,,,,"경기북부 엑셀양식.xlsx에 이미 기재된 사업장 (참고용, 팩스번호와 매칭 필요)"
BPD110215431,킨텍스꿈에그린한화아파트,,,,,,,"경기북부 엑셀양식.xlsx에 이미 기재된 사업장 (참고용, 팩스번호와 매칭 필요)"
BPD110215772,"STATION615 1동9991호, 9992호",,,,,,,"경기북부 엑셀양식.xlsx에 이미 기재된 사업장 (참고용, 팩스번호와 매칭 필요)"
BPD110108464,(파주)한울마을4단지휴먼시아,,,,,,,"경기북부 엑셀양식.xlsx에 이미 기재된 사업장 (참고용, 팩스번호와 매칭 필요)"
BPD110218247,양주 옥정주공16단지,,,,,,,"경기북부 엑셀양식.xlsx에 이미 기재된 사업장 (참고용, 팩스번호와 매칭 필요)"
BPD110219190,남양주더프라미스(상가),,,,,,,"경기북부 엑셀양식.xlsx에 이미 기재된 사업장 (참고용, 팩스번호와 매칭 필요)"
BPS010201089,지평프라자,,,,,,,"경기북부 엑셀양식.xlsx에 이미 기재된 사업장 (참고용, 팩스번호와 매칭 필요)"
BPD110155242,(덕양)육군제2573부대_1포병여단,,,,,,,"경기북부 엑셀양식.xlsx에 이미 기재된 사업장 (참고용, 팩스번호와 매칭 필요)"
BPD110107427,남수프라자,,,,,,,"경기북부 엑셀양식.xlsx에 이미 기재된 사업장 (참고용, 팩스번호와 매칭 필요)"
BPD110220448,구리(퇴계원)금곡리 삼부르네상스더테라스,,,,,,,"경기북부 엑셀양식.xlsx에 이미 기재된 사업장 (참고용, 팩스번호와 매칭 필요)"
BPS010414103,구리(퇴계원)퇴계원쌍용예가아파트,,,,,,,"경기북부 엑셀양식.xlsx에 이미 기재된 사업장 (참고용, 팩스번호와 매칭 필요)"
BPD110144471,서울프라자,,,,,,,"경기북부 엑셀양식.xlsx에 이미 기재된 사업장 (참고용, 팩스번호와 매칭 필요)"
BPD110221843,삼성캐슬104동(풍동),,,,,,,"경기북부 엑셀양식.xlsx에 이미 기재된 사업장 (참고용, 팩스번호와 매칭 필요)"
BPD110221845,삼성캐슬105동(풍동),,,,,,,"경기북부 엑셀양식.xlsx에 이미 기재된 사업장 (참고용, 팩스번호와 매칭 필요)"
BPD110222402,(양평)까뮤이스테이트(전원주택단지),,,,,,,"경기북부 엑셀양식.xlsx에 이미 기재된 사업장 (참고용, 팩스번호와 매칭 필요)"
BPD110177438,(일산)일산아이파크1단지,,,,,,,"경기북부 엑셀양식.xlsx에 이미 기재된 사업장 (참고용, 팩스번호와 매칭 필요)"
BPD110222986,제2167부대(605수송대대(7176부대))_이동면 노곡리888-3(이동면 성장로818-85),,,,,,,"경기북부 엑셀양식.xlsx에 이미 기재된 사업장 (참고용, 팩스번호와 매칭 필요)"
BPD110106413,구리(남양주)금곡프라자,,,,,,,"경기북부 엑셀양식.xlsx에 이미 기재된 사업장 (참고용, 팩스번호와 매칭 필요)"
BPD110210151,구리(남양주)창현리728 대광프라자,,,,,,,"경기북부 엑셀양식.xlsx에 이미 기재된 사업장 (참고용, 팩스번호와 매칭 필요)"
BPD110225932,(LH)남양주권역,,,,,,,"경기북부 엑셀양식.xlsx에 이미 기재된 사업장 (참고용, 팩스번호와 매칭 필요)"
BPD110226014,(LH)고양권,,,,,,,"경기북부 엑셀양식.xlsx에 이미 기재된 사업장 (참고용, 팩스번호와 매칭 필요)"
BPS010204034,문산중앙상가2동902호,,,,,,,"경기북부 엑셀양식.xlsx에 이미 기재된 사업장 (참고용, 팩스번호와 매칭 필요)"
BPD110137090,(동두천)_전곡_가람채,,,,,,,"경기북부 엑셀양식.xlsx에 이미 기재된 사업장 (참고용, 팩스번호와 매칭 필요)"
BPD110226086,(LH)LH 의정부권역,,,,,,,"경기북부 엑셀양식.xlsx에 이미 기재된 사업장 (참고용, 팩스번호와 매칭 필요)"
BPD110225659,(의정부)고산수자인,,,,,,,"경기북부 엑셀양식.xlsx에 이미 기재된 사업장 (참고용, 팩스번호와 매칭 필요)"
BPD110225002,(의정부)JS 홈타운,,,,,,,"경기북부 엑셀양식.xlsx에 이미 기재된 사업장 (참고용, 팩스번호와 매칭 필요)"
BPD110118052,(의정부)광사657 메가시티프라자,,,,,,,"경기북부 엑셀양식.xlsx에 이미 기재된 사업장 (참고용, 팩스번호와 매칭 필요)"
BPD110106159,일산프라자,,,,,,,"경기북부 엑셀양식.xlsx에 이미 기재된 사업장 (참고용, 팩스번호와 매칭 필요)"
BPD110227118,(양주)이편한세상 덕정역 스카이,,,,,,,"경기북부 엑셀양식.xlsx에 이미 기재된 사업장 (참고용, 팩스번호와 매칭 필요)"
BPD110227109,(일산)까뮤이스테이트,,,,,,,"경기북부 엑셀양식.xlsx에 이미 기재된 사업장 (참고용, 팩스번호와 매칭 필요)"
BPD110227108,(양주)회천베네스트,,,,,,,"경기북부 엑셀양식.xlsx에 이미 기재된 사업장 (참고용, 팩스번호와 매칭 필요)"
BPD110227120,(파주)LH 파주권,,,,,,,"경기북부 엑셀양식.xlsx에 이미 기재된 사업장 (참고용, 팩스번호와 매칭 필요)"
BPD110223210,구리(퇴계원) 갈매동 W타워,,,,,,,"경기북부 엑셀양식.xlsx에 이미 기재된 사업장 (참고용, 팩스번호와 매칭 필요)"
BPD110227154,(의정부)고산수자인디에스티지 2단지,,,,,,,"경기북부 엑셀양식.xlsx에 이미 기재된 사업장 (참고용, 팩스번호와 매칭 필요)"
BPD110119667,(파주) 청원센트럴타워,,,,,,,"경기북부 엑셀양식.xlsx에 이미 기재된 사업장 (참고용, 팩스번호와 매칭 필요)"
BPD110123703,(의정부)호원빌딩,,,,,,,"경기북부 엑셀양식.xlsx에 이미 기재된 사업장 (참고용, 팩스번호와 매칭 필요)"
BPD110227205,(덕계)v프라자,,,,,,,"경기북부 엑셀양식.xlsx에 이미 기재된 사업장 (참고용, 팩스번호와 매칭 필요)"
BPD110126416,(일산)성일빌딩,,,,,,,"경기북부 엑셀양식.xlsx에 이미 기재된 사업장 (참고용, 팩스번호와 매칭 필요)"
BPD110106584,(구리)신아월드코아,,,,,,,"경기북부 엑셀양식.xlsx에 이미 기재된 사업장 (참고용, 팩스번호와 매칭 필요)"
BPD110211197,의정부(삼성에코빌2차),,,,,,,"경기북부 엑셀양식.xlsx에 이미 기재된 사업장 (참고용, 팩스번호와 매칭 필요)"
BPD110122624,태형미림,,,,,,,"경기북부 엑셀양식.xlsx에 이미 기재된 사업장 (참고용, 팩스번호와 매칭 필요)"
BPD110139802,대성빌딩,,,,,,,"경기북부 엑셀양식.xlsx에 이미 기재된 사업장 (참고용, 팩스번호와 매칭 필요)"
BPD110227245,(양주)송추역 북한산 경남 아너스빌,,,,,,,"경기북부 엑셀양식.xlsx에 이미 기재된 사업장 (참고용, 팩스번호와 매칭 필요)"
BPD110227244,(덕양)대곡역 두산위브 1단지,,,,,,,"경기북부 엑셀양식.xlsx에 이미 기재된 사업장 (참고용, 팩스번호와 매칭 필요)"
BPD110227242,(신곡)고산수자인디에스티지1단지,,,,,,,"경기북부 엑셀양식.xlsx에 이미 기재된 사업장 (참고용, 팩스번호와 매칭 필요)"
BPD110227230,(고양)어반스카이 상가,,,,,,,"경기북부 엑셀양식.xlsx에 이미 기재된 사업장 (참고용, 팩스번호와 매칭 필요)"
BPD110227229,(고양)어반스카이 아파트,,,,,,,"경기북부 엑셀양식.xlsx에 이미 기재된 사업장 (참고용, 팩스번호와 매칭 필요)"
BPD110118244,(구리)부영중앙상가,,,,,,,"경기북부 엑셀양식.xlsx에 이미 기재된 사업장 (참고용, 팩스번호와 매칭 필요)"
BPD110226550,(남양주)힐스테이트지금디포레,,,,,,,"경기북부 엑셀양식.xlsx에 이미 기재된 사업장 (참고용, 팩스번호와 매칭 필요)"
BPD110111132,하늘마을7단지(일산)중흥s클래스,,,,,,,"경기북부 엑셀양식.xlsx에 이미 기재된 사업장 (참고용, 팩스번호와 매칭 필요)"
BPD110106869,(의정부)신곡시티메디타운,,,,,,,"경기북부 엑셀양식.xlsx에 이미 기재된 사업장 (참고용, 팩스번호와 매칭 필요)"
BPD110223289,의정부(삼숭동 545-1),,,,,,,"경기북부 엑셀양식.xlsx에 이미 기재된 사업장 (참고용, 팩스번호와 매칭 필요)"
BPD110117145,(덕양)능곡 토당동 성원상떼빌2차APT 상가,,,,,,,"경기북부 엑셀양식.xlsx에 이미 기재된 사업장 (참고용, 팩스번호와 매칭 필요)"
BPD110226945,(양주)양주회천 10단지,,,,,,,"경기북부 엑셀양식.xlsx에 이미 기재된 사업장 (참고용, 팩스번호와 매칭 필요)"
BPD110137794,(구리-퇴계원)별내 오션타워1,,,,,,,"경기북부 엑셀양식.xlsx에 이미 기재된 사업장 (참고용, 팩스번호와 매칭 필요)"
BPD110227290,(덕양)고양삼송한강듀클래스,,,,,,,"경기북부 엑셀양식.xlsx에 이미 기재된 사업장 (참고용, 팩스번호와 매칭 필요)"
BPD110227302,(덕양)힐스테이트라피아노 삼송 1단지,,,,,,,"경기북부 엑셀양식.xlsx에 이미 기재된 사업장 (참고용, 팩스번호와 매칭 필요)"
BPD110227303,(덕양)힐스테이트라피아노 삼송 3단지,,,,,,,"경기북부 엑셀양식.xlsx에 이미 기재된 사업장 (참고용, 팩스번호와 매칭 필요)"
BPD110217488,[파주]목동동797-5,,,,,,,"경기북부 엑셀양식.xlsx에 이미 기재된 사업장 (참고용, 팩스번호와 매칭 필요)"
BPD110217490,[파주]목동동 706-1,,,,,,,"경기북부 엑셀양식.xlsx에 이미 기재된 사업장 (참고용, 팩스번호와 매칭 필요)"
BPD110217492,[파주]다율동 992-6,,,,,,,"경기북부 엑셀양식.xlsx에 이미 기재된 사업장 (참고용, 팩스번호와 매칭 필요)"
BPD110214050,(파주)산내마을9단지 힐스테이트(상가),,,,,,,"경기북부 엑셀양식.xlsx에 이미 기재된 사업장 (참고용, 팩스번호와 매칭 필요)"
BPD110206054,(파주)목동동770-1(가재울로94번길48-0),,,,,,,"경기북부 엑셀양식.xlsx에 이미 기재된 사업장 (참고용, 팩스번호와 매칭 필요)"
BPD110206742,동의정부(민락동788-1),,,,,,,"경기북부 엑셀양식.xlsx에 이미 기재된 사업장 (참고용, 팩스번호와 매칭 필요)"
BPD110206053,(파주)목동동840-3(가재울로30-0),,,,,,,"경기북부 엑셀양식.xlsx에 이미 기재된 사업장 (참고용, 팩스번호와 매칭 필요)"
BPD110192587,동의정부 폴리프라자3,,,,,,,"경기북부 엑셀양식.xlsx에 이미 기재된 사업장 (참고용, 팩스번호와 매칭 필요)"
BPD110206622,구리_토평동977-10,,,,,,,"경기북부 엑셀양식.xlsx에 이미 기재된 사업장 (참고용, 팩스번호와 매칭 필요)"
BPD110106598,(구리)세신인창종합상가,,,,,,,"경기북부 엑셀양식.xlsx에 이미 기재된 사업장 (참고용, 팩스번호와 매칭 필요)"
BPD110191553,동두천_동두천_스타프라자,,,,,,,"경기북부 엑셀양식.xlsx에 이미 기재된 사업장 (참고용, 팩스번호와 매칭 필요)"
BPD110223180,의정부(대상센트럴 아파트),,,,,,,"경기북부 엑셀양식.xlsx에 이미 기재된 사업장 (참고용, 팩스번호와 매칭 필요)"
BPD110135918,(덕양)성사동 성원코아,,,,,,,"경기북부 엑셀양식.xlsx에 이미 기재된 사업장 (참고용, 팩스번호와 매칭 필요)"
BPD110225034,삼우빌라(일산동구중산동),,,,,,,"경기북부 엑셀양식.xlsx에 이미 기재된 사업장 (참고용, 팩스번호와 매칭 필요)"
BPD110211431,(덕양)몽벨리에빌라(식사동),,,,,,,"경기북부 엑셀양식.xlsx에 이미 기재된 사업장 (참고용, 팩스번호와 매칭 필요)"
BPD110217350,동두천_행복마을,,,,,,,"경기북부 엑셀양식.xlsx에 이미 기재된 사업장 (참고용, 팩스번호와 매칭 필요)"
BPD110129839,(의정부)낙양부용마을3단지(403-82-84049),,,,,,,"경기북부 엑셀양식.xlsx에 이미 기재된 사업장 (참고용, 팩스번호와 매칭 필요)"
BPD110112060,(원효)효창파크푸르지오,,,,,,,"경기북부 엑셀양식.xlsx에 이미 기재된 사업장 (참고용, 팩스번호와 매칭 필요)"
BPD110227614,(고양)에벤에셀,,,,,,,"경기북부 엑셀양식.xlsx에 이미 기재된 사업장 (참고용, 팩스번호와 매칭 필요)"
