사업장번호,사업장명,납부자번호,팩스번호,수신건수,최초수신일,최근수신일,예시파일명(최대3개),매칭비고
BPS010203075,화정은빛6단지 부영1상가,,0151801027719825,1,2026-06-23,2026-06-23,0151801027719825_20260623232140.tif,"자동매칭(고신뢰,account_name,1.00): (덕양)은빛마을6단지상가_BB-H / 화정은빛6단지 부영1상가"
BPS010208007,경신아파트관리사무소,,0151801073731932,1,2026-06-22,2026-06-22,0151801073731932_20260622111150.tif,"자동매칭(Claude비전확인+엑셀대조,고신뢰): 경신아파트관리사무소 / 엑셀사업장명:(파주)경신아파트관리사무소 / 계좌명:경신아파트 [사업장번호:BPS010208007]"
BPD110118077,별빛마을8단지 상가번영회,,0151801087756396,1,2026-06-08,2026-06-08,0151801087756396_20260608165853.tif,"자동매칭(고신뢰,account_name,1.00): (덕양)별빛8단지상가 / 별빛마을8단지상가번영회(월정액 아님!!!)"
BPS010204034,문산중앙상가,0902-83219-0002,0151801089493019,2,2026-05-27,2026-06-24,0151801089493019_20260527170714.tif; 0151801089493019_20260624171817.tif,"자동매칭(고신뢰,site_name,0.92): 문산중앙상가2동902호 / 문산중앙시장"
BPS010201144,백마5단지 쌍용 한성상가,,0151801092477935,2,2026-06-25,2026-06-26,0151801092477935_20260625110748.tif; 0151801092477935_20260626154244.tif,"자동매칭(고신뢰,account_name,1.00): (일산)쌍용한성상가[백마5단지상가_BB-H](청구액) / 백마5단지쌍용한성상가(청구액)"
,래미안남가좌2차,0005-76869-8888,023763736,1,2026-06-19,2026-06-19,023763736_20260619095444.tif,"제외대상(관할 아님, 오수신) - 담당자 확인: 자산운용팀 관할 사업장이 아님(서울 지역 건물로 추정, 경기북부 엑셀양식에 등록 안 됨)."
,고양삼송마을18단지,0102-82953-9999,023819437,1,2026-06-19,2026-06-19,023819437_20260619170906.tif,"제외대상(관할 아님, 오수신) - 담당자 확인: 자산운용팀 관할 사업장이 아님(경기북부 엑셀양식에 등록 안 됨)."
,,,0260086038,1,2026-06-01,2026-06-01,0260086038_20260601083657.tif,제외대상(전기료 고지서 아님) - 자동차등록원부(갑) 등본이 오수신됨. 사업장 매칭 대상 아님.
BPS010402103,용현금용아파트,,0262231286,2,2026-06-22,2026-06-22,0262231286_20260622153440.tif; 0262231286_20260622161627.tif,"자동매칭(고신뢰,account_name,1.00): (의정부)용현금용 / 용현금용아파트"
,세종로대우빌딩,,027340685,1,2026-06-18,2026-06-18,027340685_20260618160435.tif,"제외대상(관할 아님, 오수신) - 담당자 확인: 자산운용팀 관할 사업장이 아님(서울 지역 건물로 추정, 경기북부 엑셀양식에 등록 안 됨)."
,중계3차벽산아파트,,029514608,1,2026-06-24,2026-06-24,029514608_20260624145553.tif,"매칭후보(확인필요-명칭이 너무 일반적(브랜드명 충돌 위험),site_name,0.93): (구리-덕소)벽산_아파트 / 덕소벽산아파트 [사업장번호:BPS010405027]"
BPS010406049,생연프라자,0199115049999,0314263379,1,2026-06-22,2026-06-22,0314263379_20260622153353.tif,"매칭후보(확인필요-명칭이 너무 일반적(브랜드명 충돌 위험),site_name,0.91): (동두천)-지행 생연프라자-E018(130-81-95641) / 주식회사 세움(9999동199호,생연프라자) / 1월22일 발행한 세금계산서랑 청구서 금액이 다름. 세금계산서 금액으로 입금함 [사업장번호:BPS010406049] | Claude교차확인 추가후보(0.67): BPS010406042 (동두천)_생연건영_아파트(V008)(계좌명:동두천건영아파트(999동102호)) 추정지역:불명"
BPS010404088,창현청구,0102-74593-0999,0315110195,2,2026-05-27,2026-06-29,0315110195_20260527104426.tif; 0315110195_20260629130102.tif,"자동매칭(고신뢰,site_name,1.00): (구리-남양주)창현청구 (999-102) / 창현청구(999동102호)"
BPD110111743,남양주 호평6단지 아파트,,0315110478,1,2026-06-19,2026-06-19,0315110478_20260619101618.tif,"자동매칭(고신뢰,site_name,0.92): (구리-남양주)호평6단지 / 대승종합관리㈜"
BPS010404113,한화꿈에그린아파트,0101-93615-9999,0315111708,1,2026-06-22,2026-06-22,0315111708_20260622132948.tif,"자동매칭(고신뢰,account_name,0.98): (구리-남양주)E030_호평한화꿈에그린_ / 한화꿈에그린아파트(9999동101호). (***** 8888동 101호 따로있음!!!)"
BPD110106522,다남프라자,,0315119332,1,2026-06-22,2026-06-22,0315119332_20260622164919.tif,"매칭후보(확인필요-명칭이 너무 일반적(브랜드명 충돌 위험),site_name,1.00): (구리-남양주)다남프라자(132-82-64272) / 다남프라자(1동B101호) 1328264272 [사업장번호:BPD110106522]"
BPS010405014,덕소한솔강변,0001-72556-9999,0315120019,1,2026-06-22,2026-06-22,0315120019_20260622162014.tif,"자동매칭(고신뢰,account_name,1.00): (구리-덕소)E004_덕소한솔강변- (9999-1) / 덕소한솔강변(9999동1호)"
BPS010403044,구리인창2차성원,0101-93011-0999,0315124744,1,2026-06-22,2026-06-22,0315124744_20260622091403.tif,"자동매칭(고신뢰,account_name,1.00): (구리)인창성원2차_아파트 / 구리인창2차성원(999동101호)"
BPD110106436,구리인창6단지아파트,0101-93010-0999,0315126448,1,2026-06-18,2026-06-18,0315126448_20260618130852.tif,"자동매칭(고신뢰,account_name,1.00): 구리인창주공6단지아파트999동101호 / 구리인창6단지아파트"
BPS010414039,남양주오남신우아이딜2차,0001-10894-8888,0315127568,1,2026-06-23,2026-06-23,0315127568_20260623172927.tif,"자동매칭(고신뢰,site_name,0.96): (구리-퇴계원)오남신우아이딜2차 / 남양주오남신우아이딜2차8888동1호"
BPD110106494,진건현대,0002-76099-0105,0315133500,1,2026-06-23,2026-06-23,0315133500_20260623095344.tif,"자동매칭(고신뢰,site_name,1.00): (구리-퇴계원)진건현대 (105-2) / 진건현대(105동2호)"
BPD110113360,퇴계원 강남2차아파트,,0315133625,1,2026-06-23,2026-06-23,0315133625_20260623095657.tif,"자동매칭(고신뢰,account_name,1.00): (구리-퇴계원)강남건영2차APT / 퇴계원강남2차아파트"
BPS010404059,평내중흥S-클래스3단지,0001-72550-9999,0315140091,1,2026-06-22,2026-06-22,0315140091_20260622100300.tif,"자동매칭(고신뢰,account_name,0.94): (구리-남양주)평내중흥3단지아파트[ ] / 평내중흥S-클래스3단지9999동1호"
BPD110112069,진접금강펜테리움,0101-79830-9999,0315141367,1,2026-06-22,2026-06-22,0315141367_20260622100043.tif,"자동매칭(고신뢰,site_name,1.00): (구리-퇴계원)진접금강펜테리움 / 진접금강펜테리움(9999동101호)"
BPS010404040,삼익파크힐스,0101-76406-0999,0315143132,1,2026-06-24,2026-06-24,0315143132_20260624102323.tif,"자동매칭(고신뢰,account_name,1.00): (구리-남양주)묵현삼익파크 / 삼익파크힐스(999동101호)"
BPD110106432,오남리신우아이딜1차,0102-10590-0999,0315147566,1,2026-06-22,2026-06-22,0315147566_20260622091436.tif,"자동매칭(고신뢰,site_name,0.97): (구리-퇴계원)오남리신우아이딜1차아파트 / 신우아이딜1차아파트(999동102호)"
BPS010414052,오남1차한국아파트,0102-79402-0999,0315147723,1,2026-06-22,2026-06-22,0315147723_20260622090517.tif,"자동매칭(고신뢰,account_name,0.95): (구리-퇴계원)V012_E050_오남한국_ / 오남1차한국(999동102호)"
BPD110106803,호평쌍용스윗닷홈,0101-94237-9999,0315150002,1,2026-06-22,2026-06-22,0315150002_20260622085601.tif,"자동매칭(고신뢰,site_name,1.00): (구리-남양주)호평쌍용스윗닷홈 / 호평쌍용스윗닷홈(9999동101호)"
BPD110106481,금곡미라보아파트,0105-76418-0999,0315150558,2,2026-05-27,2026-06-22,0315150558_20260527171718.tif; 0315150558_20260622142904.tif,"자동매칭(고신뢰,account_name,1.00): (구리-남양주)금곡미라보 / 금곡미라보아파트(999동105호)"
BPD110106410,구리노블하임오피스텔,0101282869999,0315154076,1,2026-06-26,2026-06-26,0315154076_20260626103422.tif,"자동매칭(고신뢰,account_name,1.00): (구리)노블하임오피스텔 / 구리노블하임오피스텔(9999동101호)"
BPD110106439,임광그대가아파트,,0315156605,1,2026-06-18,2026-06-18,0315156605_20260618145451.tif,"자동매칭(고신뢰,site_name,1.00): (구리-남양주)임광그대가아파트 / 임광그대가아파트"
BPD110119771,마석장미,0103-76456-0999,0315158826,1,2026-06-17,2026-06-17,0315158826_20260617091537.tif,"자동매칭(고신뢰,site_name,0.94): (구리-남양주)마석장미아파트 / 마석장미아파트"
BPD110109934,진접남양휴튼,0101-40921-9999,0315159097,2,2026-05-27,2026-06-26,0315159097_20260527161844.tif; 0315159097_20260626092122.tif,"자동매칭(고신뢰,site_name,1.00): (구리-퇴계원)진접남양휴튼 (999-101) / 진접남양휴튼(9999동101호)"
BPS010405011,쌍용스윗닷홈리버아파트,,0315163402,1,2026-06-15,2026-06-15,0315163402_20260615105537.tif,엑셀 매칭 실패 - 수동 확인 필요 | Claude교차확인 추가후보(0.75): BPD110106803 (구리-남양주)호평쌍용스윗닷홈(계좌명:호평쌍용스윗닷홈(9999동101호)) 추정지역:구리-퇴계원
BPS010414037,오남신동아파밀리에,0103-92339-9999,0315164647,1,2026-06-18,2026-06-18,0315164647_20260618111355.tif,"자동매칭(고신뢰,account_name,1.00): (구리-퇴계원)오남신동아_아파트 / 오남신동아파밀리에(9999동103호)"
BPD110222108,호평오네뜨센트럴,0109-05048-9999,0315234096,1,2026-06-24,2026-06-24,0315234096_20260624102225.tif,"자동매칭(고신뢰,account_name,0.94): 구리(남양주)호평오네뜨센트럴아파트9999동109호 / 구리(남양주)호평오네뜨센트럴아파트"
BPD110106490,한신그린3차,0101-76014-0999,0315270205,1,2026-06-22,2026-06-22,0315270205_20260622093816.tif,"자동매칭(고신뢰,account_name,0.90): (구리-퇴계원)진건한신3차아파트 / 한신그린3차아파트999동101호"
BPD110108865,남양주자연앤어울림,0101-76315-0999,0315270263,1,2026-06-23,2026-06-23,0315270263_20260623171339.tif,"자동매칭(고신뢰,account_name,1.00): (구리-퇴계원)진접 자연앤어울림 / 남양주자연앤어울림(999동101호)"
BPD110207302,별사랑마을 2-5단지,0104-67927-9999,0315270991,1,2026-06-22,2026-06-22,0315270991_20260622100750.tif,"자동매칭(고신뢰,site_name,1.00): 별사랑마을 2-5단지 / 별사랑마을2-5단지(9999동104호)"
BPD110106475,엘리시아,0101-11201-9999,0315271649,1,2026-06-23,2026-06-23,0315271649_20260623090843.tif,"자동매칭(고신뢰,site_name,1.00): (구리-퇴계원)엘리시아[ ](9999-101) / 엘리시아(9999동101호)"
BPD110112150,반도유보라메이플타운,0601-79048-9999,0315272462,1,2026-06-24,2026-06-24,0315272462_20260624100942.tif,"자동매칭(고신뢰,site_name,1.00): (구리-퇴계원)반도유보라 메이플타운 / 반도유보라메이플타운(9999동601호)"
BPD110107727,양지e-편한세상2단지,0102-83188-9999,0315272481,1,2026-06-23,2026-06-23,0315272481_20260623133018.tif,"자동매칭(고신뢰,account_name,1.00): (구리-퇴계원)오남양지e편한세상2단지 / 양지e-편한세상2단지(9999동102호)"
BPD110192504,별내효성해링턴코트,0107-98236-9999,0315273073,1,2026-06-23,2026-06-23,0315273073_20260623172803.tif,"자동매칭(고신뢰,account_name,1.00): 구리(퇴계원)별내효성해링턴아파트 / 별내효성해링턴코트(9999동107호)"
BPD110111742,진접신도브래뉴아파트,0101-76667-9999,0315280796,1,2026-06-22,2026-06-22,0315280796_20260622091425.tif,"자동매칭(고신뢰,site_name,1.00): (구리-퇴계원)진접신도브래뉴아파트 (999-101) / 진접신도브래뉴아파트(9999동101호)"
BPD110111556,진접동부센트레빌시티2단지,0105-40798-9999,0315282016,1,2026-06-23,2026-06-23,0315282016_20260623150946.tif,"자동매칭(고신뢰,site_name,1.00): (구리-퇴계원)진접동부센트레빌시티2단지(9999-105) / 진접동부센트레빌시티2단지(9999동105호)"
BPD110106474,성원아파트,0004-01595-8888,0315282611,1,2026-06-22,2026-06-22,0315282611_20260622101303.tif,"자동매칭(Claude비전확인+엑셀대조,고신뢰): 성원아파트 / 엑셀사업장명:(구리-퇴계원)성원아파트 / 계좌명:남양주퇴계원성원(8888동4호) [사업장번호:BPD110106474]"
BPD110111558,진접동부센트레빌시티3단지,0101-40799-9999,0315283013,2,2026-06-01,2026-06-18,0315283013_20260601152632.tif; 0315283013_20260618115301.tif,"자동매칭(고신뢰,account_name,1.00): (구리-퇴계원)진접센트레빌시티 3단지 (9999-101) / 진접동부센트레빌시티3단지(9999동101호)"
BPD110117239,별내하우스토리,0003-91750-9100,0315283249,1,2026-06-23,2026-06-23,0315283249_20260623132626.tif,"자동매칭(고신뢰,site_name,1.00): (구리-퇴계원)별내하우스토리 / 별내하우스토리(9100동3호)"
BPS010414030,유호N플러스빌,0102-65680-0999,0315289452,1,2026-06-22,2026-06-22,0315289452_20260622093817.tif,"자동매칭(고신뢰,account_name,1.00): (구리-퇴계원)오남유호 / 유호N플러스빌(999동102호)"
BPS010414061,양지청구,0004-76327-9999,0315296098,1,2026-06-23,2026-06-23,0315296098_20260623101819.tif,"자동매칭(고신뢰,site_name,0.90): (구리-퇴계원)양지청구9999동4호 / 남양주양지리청구아파트"
BPD110106390,극동2차아파트,0102-76530-0999,0315340994,1,2026-06-19,2026-06-19,0315340994_20260619143411.tif,"자동매칭(고신뢰,account_name,1.00): (동두천)-포천-극동2차스타클래스 / 극동2차아파트(999동102호)"
BPD110106384,포천대방노블랜드1차아파트,0001-76502-9999,0315414868,1,2026-06-24,2026-06-24,0315414868_20260624092810.tif,"자동매칭(고신뢰,account_name,0.95): (동두천)-송우-대방샤인빌아파트 / 포천대방노블랜드1차아파트9999동1호"
BPD110106400,세창선단마을아파트,,0315416218,1,2026-06-18,2026-06-18,0315416218_20260618112453.tif,"자동매칭(고신뢰,site_name,0.95): (동두천)-송우-세창선단마을아파트 / 세창선단마을"
BPD110106395,포천2차대방노블랜드,0101-00979-9999,0315416968,1,2026-06-19,2026-06-19,0315416968_20260619144347.tif,"자동매칭(고신뢰,account_name,1.00): (동두천)-포천-대방2차노블랜드아파트(9999-101) / 포천2차대방노블랜드(9999동101호)"
BPD110173440,다산센트레빌,0101-29848-0999,0315511653,1,2026-06-23,2026-06-23,0315511653_20260623145713.tif,"자동매칭(고신뢰,account_name,1.00): (구리)도농동부센트레빌아파트 / 다산센트레빌(999동101호)"
BPD110106417,구리두산아파트,,0315512090,2,2026-05-28,2026-06-29,0315512090_20260528152844.tif; 0315512090_20260629112814.tif,"자동매칭(고신뢰,site_name,1.00): (구리)구리두산아파트[ ] / 구리두산아파트. 360원 빼고 지출"
BPD110106469,부영프라자,9111211360001,0315517395,1,2026-06-24,2026-06-24,0315517395_20260624140246.tif,"자동매칭(Claude비전확인+엑셀대조,고신뢰): 부영프라자 / 엑셀사업장명:(구리)부영프라자(132-82-90315) / 계좌명:부영프라자관리단 [사업장번호:BPD110106469]"
BPD110106800,구리인창주공4단지,0103-05272-0999,0315519742,1,2026-06-19,2026-06-19,0315519742_20260619175422.tif,"자동매칭(고신뢰,account_name,0.93): (구리)경기도 구리시 건원대로 76번길 / 구리인창주공4단지(999동103호) 건원대로76번길"
BPD110106415,고덕프라자,,0315523332,1,2026-06-05,2026-06-05,0315523332_20260605141649.tif,"자동매칭(Claude비전확인+엑셀대조,고신뢰): 고덕프라자 / 엑셀사업장명:(구리)고덕프라자[ ] / 계좌명:고덕프라자(2동9901호) [사업장번호:BPD110106415]"
BPS010403084,아름마을LG,0001-01580-9999,0315524183,1,2026-06-18,2026-06-18,0315524183_20260618090414.tif,"자동매칭(고신뢰,account_name,0.91): (구리)V026LG아름마을 / 아름마을LG아파트9999동1호"
BPS010403088,구리한가람,0106711010999,0315550228,1,2026-06-18,2026-06-18,0315550228_20260618160611.tif,"자동매칭(고신뢰,account_name,0.94): (구리)한가람E034_아파트 / 구리한가람아파트(999동106호)"
BPD110106530,흥화오피스텔,,0315551679,1,2026-06-24,2026-06-24,0315551679_20260624152216.tif,"매칭후보(확인필요,account_name,0.89): (구리)흥화브라운오피스텔 / 흥화오피스텔(999동101호) 종이세금계산서 1328011655 [사업장번호:BPD110106530]"
BPD110115565,리버뷰오피스텔,,0315552063,1,2026-05-29,2026-05-29,0315552063_20260529102550.tif,"자동매칭(Claude비전확인+엑셀대조,고신뢰): 리버뷰오피스텔 / 엑셀사업장명:(구리)리버뷰오피스텔 / 계좌명:리버뷰오피스텔 [사업장번호:BPD110115565]"
BPD110106445,남양주지금동부영,0103-38712-0888,0315554889,2,2026-06-19,2026-06-23,0315554889_20260619134202.tif; 0315554889_20260623162730.tif,"자동매칭(고신뢰,account_name,1.00): (구리)지금동 부영아파트 / 남양주지금동부영(888동101호)"
BPS010403086,토평SK신일,0002-72120-0999,0315564054,1,2026-06-17,2026-06-17,0315564054_20260617111106.tif,"자동매칭(고신뢰,account_name,1.00): (구리)토평SK신일_아파트 / 토평SK신일(999동2호)"
BPS010403081,토평한일,0102-93015-0999,0315566172,1,2026-06-23,2026-06-23,0315566172_20260623111459.tif,"자동매칭(고신뢰,account_name,1.00): (구리)E011_토평한일 / 토평한일(999동102호)"
BPS010403007,구리금호1차,0002-93012-0999,0315567333,1,2026-06-19,2026-06-19,0315567333_20260619140343.tif,"자동매칭(고신뢰,account_name,1.00): 구리금호1(999동2호) / 구리금호1차(999동2호)"
BPS010403040,구리토평삼성래미안,0003-93014-0999,0315578463,1,2026-06-19,2026-06-19,0315578463_20260619151619.tif,"자동매칭(고신뢰,account_name,1.00): (구리)E018삼성래미안_아파트 / 구리토평삼성래미안(999동3호)"
BPS010403080,다산한신휴플러스아파트,0001-76209-9999,0315579288,1,2026-06-19,2026-06-19,0315579288_20260619144703.tif,"자동매칭(고신뢰,account_name,0.96): (구리-남양주)도농 한신 / 다산한신휴플러스(9999동1호)"
BPS010403077,구리토평주공아파트,0101-79452-0999,0315585201,1,2026-06-19,2026-06-19,0315585201_20260619092103.tif,"자동매칭(고신뢰,account_name,1.00): (구리)토평 주공 / 구리토평주공아파트(999동101호)"
BPD110106425,금곡명지해드는터,0001781737777,0315593096,1,2026-06-19,2026-06-19,0315593096_20260619092011.tif,"자동매칭(고신뢰,account_name,1.00): (구리-남양주)금곡명지 해뜨는터 / 금곡명지해드는터(7777동1호)"
BPD110106423,창현대주피오레아파트,,0315599523,1,2026-06-08,2026-06-08,0315599523_20260608140339.tif,"자동매칭(고신뢰,site_name,1.00): (구리-남양주)창현대주피오레아파트 / 창현대주피오레아파트"
BPD110106466,신창현두산위브아파트,0101-75047-0999,0315599548,1,2026-06-22,2026-06-22,0315599548_20260622134921.tif,"자동매칭(고신뢰,site_name,1.00): (구리-남양주)신창현두산위브아파트 / 신창현두산위브(999동101호)"
BPS010403025,구리인창동원베네스트,0002-01138-9999,0315629943,1,2026-06-18,2026-06-18,0315629943_20260618152259.tif,"자동매칭(고신뢰,account_name,1.00): (구리)인창동원베네스트 / 구리인창동원베네스트(9999동2호)"
BPD110106515,다산리버펠리체,0003-91296-0999,0315631060,1,2026-06-23,2026-06-23,0315631060_20260623160323.tif,"자동매칭(고신뢰,site_name,0.93): (구리)다산리버펠리체999동3호_ / 남양아이좋은집(999동3호)"
BPD110114042,다우스퀘어,9901-76763-0001,0315669198,1,2026-06-09,2026-06-09,0315669198_20260609150326.tif,"매칭후보(확인필요,account_name,0.89): (구리)다우스케어 / 다우스퀘어(9901호)_17500 - 선fax 후지출 [사업장번호:BPD110114042]"
BPS010403082,인창해모로아파트,0102-93039-0999,0315670084,1,2026-06-22,2026-06-22,0315670084_20260622140531.tif,"자동매칭(고신뢰,account_name,0.92): (구리)E014_한진그랑빌_ / 구리한진그랑빌아파트(999동102호) 인창해모로아파트"
BPS010403037,구리우방아이유쉘,0002-72448-0999,0315681755,1,2026-06-19,2026-06-19,0315681755_20260619102458.tif,"자동매칭(고신뢰,account_name,1.00): (구리)우방아파트 / 구리우방아이유쉘(999동2호)"
BPD110106428,수택성원상떼빌,0001-74036-8888,0315687903,1,2026-06-17,2026-06-17,0315687903_20260617152620.tif,"자동매칭(고신뢰,site_name,1.00): (구리)수택성원상떼빌 / 수택성원상떼빌(8888동1호)"
BPD110106575,한성1차아파트,,0315692941,1,2026-06-01,2026-06-01,0315692941_20260601182105.tif,"자동매칭(고신뢰,site_name,1.00): (구리)한성1차아파트 / 3/6/9/12"
BPS010201021,동운굿모닝힐2차,0101-1690-9999,0315697339,1,2026-06-19,2026-06-19,0315697339_20260619134047.tif,"자동매칭(고신뢰,account_name,0.96): (일산)동문굿모닝힐2차_아파트 / 굿모닝힐2차(7777동1호)"
BPD110111291,진접휴먼시아17단지,0105-93482-9999,0315711728,1,2026-06-22,2026-06-22,0315711728_20260622164656.tif,"자동매칭(고신뢰,site_name,1.00): (구리-퇴계원)진접휴먼시아17단지 / 진접휴먼시아17단지(9999동105호)"
BPD110106496,정광산호아파트,,0315727198,1,2026-06-18,2026-06-18,0315727198_20260618144408.tif,"자동매칭(고신뢰,site_name,1.00): (구리-퇴계원)정광산호아파트 / 정광산호아파트"
BPD110115827,진건주공2단지,0103-79606-0999,0315740412,1,2026-06-23,2026-06-23,0315740412_20260623093304.tif,"자동매칭(고신뢰,account_name,1.00): (구리-퇴계원)진건주공2차 / 진건주공2단지(999동103호)"
BPS010414038,오남파라다이스빌,0001-10820-9999,0315742703,1,2026-06-22,2026-06-22,0315742703_20260622141102.tif,"자동매칭(고신뢰,account_name,1.00): (구리-퇴계원)E013_오남파라다이스빌- (9999-1) / 오남파라다이스빌(9999동1호)"
BPD110107341,신영지웰생활지원센터,,0315748471,1,2026-06-19,2026-06-19,0315748471_20260619163621.tif,"자동매칭(고신뢰,site_name,1.00): (진접)신영지웰생활지원센터 / 신영지웰생활지원센터"
BPD110107373,장현휴먼시아3단지,,0315748625,1,2026-06-18,2026-06-18,0315748625_20260618161956.tif,"자동매칭(고신뢰,account_name,0.93): (구리-퇴계원)장현주공3단지 / 장현휴먼시아3단지9999동1호"
BPD110117238,별내더샵,0103-83743-9999,0315749379,1,2026-06-22,2026-06-22,0315749379_20260622095054.tif,"자동매칭(고신뢰,account_name,1.00): (구리-퇴계원)별내포스코 / 별내더샵(9999동103호)"
BPS010414049,오남성도아파트,,0315750231,1,2026-06-15,2026-06-15,0315750231_20260615152611.tif,"자동매칭(고신뢰,account_name,0.95): (구리-퇴계원)V009-E031_오남성도 / 남양주오남성도아파트"
BPD110109160,원일플로라,0101-75110-9999,0315750244,1,2026-06-24,2026-06-24,0315750244_20260624091521.tif,"자동매칭(고신뢰,account_name,1.00): (구리-퇴계원)진접원일플로라 / 원일플로라(9999동101호)"
BPD110106497,오남리두산1차,0004-76396-9999,0315755325,1,2026-06-22,2026-06-22,0315755325_20260622154104.tif,"자동매칭(고신뢰,account_name,1.00): (구리-퇴계원)오남두산1차아파트 / 오남리두산1차(9999동4호)"
BPS010414065,오남두산2차아파트,,0315757739,1,2026-06-24,2026-06-24,0315757739_20260624092536.tif,"자동매칭(고신뢰,account_name,1.00): (구리-퇴계원)V025_오남두산2차 / 오남두산2차아파트"
BPS010405019,덕소주공2단지,0003-72146-0999,0315762432,1,2026-06-23,2026-06-23,0315762432_20260623105627.tif,"자동매칭(고신뢰,account_name,1.00): (구리-덕소)V004_덕소주공2차- (999-3) / 덕소주공2단지(999동3호)"
BPS010409046,덕소현대,0005-72149-0999,0315766345,1,2026-06-22,2026-06-22,0315766345_20260622110117.tif,"자동매칭(고신뢰,account_name,1.00): (구리-덕소)V001-덕소현대_아파트 / 덕소현대(999동5호)"
BPS010405017,한강우성아파트,0006-72148-9999,0315766833,1,2026-06-22,2026-06-22,0315766833_20260622113632.tif,"자동매칭(고신뢰,account_name,1.00): (구리-덕소)V002_우성-V011_아파트 / 한강우성아파트(9999동6호)"
BPD110106457,덕소우림루미아트,0001-10992-9999,0315771206,1,2026-06-24,2026-06-24,0315771206_20260624093836.tif,"자동매칭(고신뢰,account_name,1.00): (구리-덕소)우림루미아트 / 덕소우림루미아트(9999동1호)"
BPD110106768,덕소세양청마루,0101-93834-0999,0315773186,1,2026-06-22,2026-06-22,0315773186_20260622095856.tif,"자동매칭(고신뢰,account_name,1.00): (구리-덕소)세양청마루아파트 / 덕소세양청마루(999동101호)"
BPS010405027,덕소벽산아파트,,0315777641,2,2026-06-15,2026-06-15,0315777641_20260615105012.tif; 0315777641_20260615110644.tif,"자동매칭(고신뢰,account_name,1.00): (구리-덕소)벽산_아파트 / 덕소벽산아파트"
BPD110106374,가평파란채,0101-28138-0999,0315859027,1,2026-06-23,2026-06-23,0315859027_20260623155459.tif,"자동매칭(고신뢰,account_name,1.00): (양평_가평)가평파란채아파트 / 가평파란채(999동101호)"
BPS010404068,세종리젠시빌아파트,,0315911563,1,2026-06-22,2026-06-22,0315911563_20260622093638.tif,엑셀 매칭 실패 - 수동 확인 필요 | Claude교차확인 추가후보(0.63): BPS010404068 (구리-남양주)V009_세종_아파트(계좌명:평내세종아파트/평내세종리젠시빌(999) 추정지역:불명
BPS010404119,경성큰마을2단지,0103-93894-0999,0315920046,1,2026-06-17,2026-06-17,0315920046_20260617091110.tif,"자동매칭(고신뢰,account_name,1.00): (구리-남양주)경성큰마을2단지아파트(999-103) / 경성큰마을2단지(999동103호)"
BPS010404060,평내상록데시앙아파트,,0315921158,2,2026-06-22,2026-06-24,0315921158_20260622143830.tif; 0315921158_20260624093550.tif,엑셀 매칭 실패 - 수동 확인 필요 | Claude교차확인 추가후보(0.64): BPS010404060 (구리)E022_평내상록_(계좌명:남양주상록데시앙(9999동101호) ) 추정지역:구리-남양주
BPS010404054,평내마을중흥S클래스2단지,0001-10828-0888,0315925092,1,2026-06-23,2026-06-23,0315925092_20260623091531.tif,"자동매칭(고신뢰,account_name,1.00): (구리-남양주)E016_평내중흥S클래스2단지 (888-1) / 평내마을중흥S클래스2단지(888동1호)"
BPS010404145,창현두산2차아파트,,0315930894,1,2026-06-19,2026-06-19,0315930894_20260619110111.tif,"자동매칭(고신뢰,site_name,1.00): (구리-남양주)창현두산2차_아파트 / 남양주창현두산2차(8888동106호), 창현두산2차아파트 fax)2664"
BPD110106502,삼신16차,0101-01705-9999,0315931737,1,2026-06-19,2026-06-19,0315931737_20260619104154.tif,"자동매칭(고신뢰,site_name,0.92): (구리-남양주)마석삼신16차아파트 / 삼신(9999동101호). 1월분 전기료 31800원인데 35990원 입금했네? 일단 냅두자구"
BPS010404074,창현두산1차아파트,,0315932664,1,2026-06-08,2026-06-08,0315932664_20260608133247.tif,"자동매칭(고신뢰,site_name,1.00): (구리-남양주)창현두산1차_아파트 / 창현두산1차아파트"
BPD110106480,평내메인프라자,,0315934421,1,2026-06-24,2026-06-24,0315934421_20260624160208.tif,"자동매칭(고신뢰,site_name,0.93): 연합드림관리_평내메인프라자(8801호) (622-82-64101) / 메인프라자 상가번경회(연합드림에서 변경) 6228264101"
BPD110113133,호평두산위브파크,0103-91670-0999,0315936613,1,2026-06-17,2026-06-17,0315936613_20260617143025.tif,"자동매칭(고신뢰,account_name,1.00): (구리-남양주)호평두산위브 / 호평두산위브파크(999동103호)"
BPS010404043,마석그랜드힐,0102-65369-0999,0315948883,1,2026-06-22,2026-06-22,0315948883_20260622092621.tif,"자동매칭(고신뢰,account_name,1.00): (구리-남양주)E005_마석정도그랜드힐- (999-102) / 마석그랜드힐(999동102호)"
BPD110106802,신창현풍림아이원1차,0101-77762-0999,0315949525,1,2026-06-19,2026-06-19,0315949525_20260619170715.tif,"자동매칭(고신뢰,account_name,1.00): (구리-남양주)차산리풍림아이원1차 / 신창현풍림아이원1차(999동101호)"
BPD110106442,금곡신도브래뉴,0102-65230-0999,0315950572,1,2026-06-23,2026-06-23,0315950572_20260623110552.tif,"자동매칭(고신뢰,account_name,1.00): (구리-남양주)금곡신도브레뉴 / 금곡신도브래뉴(999동102호)"
BPS010409053,양수삼익,0101-77634-0999,0317710406,1,2026-06-15,2026-06-15,0317710406_20260615083209.tif,"자동매칭(고신뢰,account_name,1.00): (양평)삼익아파트 / 양수삼익(999동101호)"
BPS010409047,양평그린1차아파트,,0317717066,1,2026-06-19,2026-06-19,0317717066_20260619155157.tif,"자동매칭(고신뢰,account_name,1.00): (양평)그린1차_아파트 / 양평그린1차아파트"
BPS010409071,양평SK뷰아파트,,0317729963,4,2026-06-24,2026-06-25,0317729963_20260624151050.tif; 0317729963_20260624152123.tif; 0317729963_20260625094527.tif,"자동매칭(고신뢰,account_name,1.00): (양평)SK뷰아파트 / 양평SK뷰아파트"
BPD110110495,양평코아루리버펠리스,,0317741054,1,2026-06-22,2026-06-22,0317741054_20260622100526.tif,"자동매칭(고신뢰,account_name,0.90): (양평)코아루리버펠리스999동201호 / 양평코아루리버팰리스"
BPS010208171,교하15단지상록데시앙,0102-82402-9999,03180711051,1,2026-06-22,2026-06-22,03180711051_20260622160523.tif,"자동매칭(고신뢰,site_name,1.00): (파주)교하15단지상록데시앙 / 교하15단지상록데시앙(9999동102호)"
BPS010208172,상록경남아너스빌,0004-76976-9999,03180711705,1,2026-06-23,2026-06-23,03180711705_20260623154724.tif,"자동매칭(고신뢰,account_name,1.00): (파주)교하13단지상록경남아너스아파트(9999-4) / 상록경남아너스빌(9999동4호)"
BPS010207172,삼라마이다스빌II,0101-85316-0103,0318110380,1,2026-06-22,2026-06-22,0318110380_20260622152030.tif,"자동매칭(고신뢰,account_name,0.92): (일산)삼라마이다스2_빌딩(103-101) / 삼라마이다스빌II(303-82-77189) 3038277189"
BPD110106237,가좌양우내안애아파트,,0318110769,1,2026-06-19,2026-06-19,0318110769_20260619093043.tif,"자동매칭(고신뢰,account_name,1.00): (일산)가좌1단지양우아파트 / 가좌양우내안애아파트"
BPS010201053,백송마을우성,0104-75537-0888,0318111073,1,2026-06-17,2026-06-17,0318111073_20260617092622.tif,"자동매칭(고신뢰,account_name,1.00): (일산)백송3단지우성_아파트 / 백송마을우성(888동104호) (정선희)"
BPS010202051,옥빛마을16단지,0103-78594-9999,0318116546,1,2026-06-22,2026-06-22,0318116546_20260622155424.tif,"자동매칭(고신뢰,account_name,1.00): (덕양)옥빛16단지_아파트 / 옥빛마을16단지(9999동103호)"
BPD110106235,일산성저건영7단지,0102-10653-9999,0318117112,1,2026-06-22,2026-06-22,0318117112_20260622115129.tif,"자동매칭(고신뢰,account_name,0.98): (일산)성저건영빌라7단지 / 일산성저건영7단지(9999동102호) f"
BPS010201056,백송마을7단지임광아파트,,0318117942,1,2026-06-02,2026-06-02,0318117942_20260602100135.tif,"자동매칭(고신뢰,account_name,1.00): (일산)백송7임광_아파트 / 백송마을7단지임광아파트"
BPS010202073,행신벽산,0105-78587-9999,0318119398,1,2026-06-18,2026-06-18,0318119398_20260618144213.tif,"자동매칭(고신뢰,account_name,1.00): (덕양)행신벽산_아파트 / 행신벽산(9999동105호)"
BPD110106201,무원마을2단지삼보,0102-10558-8888,0318124339,1,2026-06-19,2026-06-19,0318124339_20260619171810.tif,"자동매칭(고신뢰,site_name,0.92): (덕양)무원마을2단지_삼보8888동102호 / 무원삼보아파트"
BPS010207073,삼성스위트,0001853477777,0318130117,1,2026-06-23,2026-06-23,0318130117_20260623144131.tif,"자동매칭(고신뢰,site_name,1.00): (일산)삼성스위트 / 삼성스위트(7777동1호)"
BPD110106278,양지마을2단지건영빌라,0102-75714-0999,0318134252,1,2026-06-19,2026-06-19,0318134252_20260619092011.tif,"자동매칭(고신뢰,site_name,1.00): (일산)양지마을2단지건영빌라(999-102) / 양지마을2단지건영빌라(999동102호)"
BPD110106225,중산1단지두산,0108755480113,0318134541,1,2026-06-18,2026-06-18,0318134541_20260618132332.tif,"자동매칭(고신뢰,site_name,1.00): (일산)중산1단지두산 / 중산1단지두산(113동108호)"
,,,0318136138,1,2026-06-18,2026-06-18,0318136138_20260618111201.tif,"복구불가(스캔 잘림, 세로 193px) - spec.md §7에 기재된 기존 사례와 동일 파일. 재전송 요청 필요."
BPS010206023,중산마을3단지일신건영아파트,,0318136353,1,2026-06-22,2026-06-22,0318136353_20260622090530.tif,"자동매칭(고신뢰,account_name,1.00): (일산)중산3단지 일신건영_아파트 / 중산마을3단지일신건영아파트"
BPS010201021,굿모닝힐2차,0001781637777,0318139993,1,2026-06-19,2026-06-19,0318139993_20260619095445.tif,"자동매칭(고신뢰,account_name,1.00): (일산)동문굿모닝힐2차_아파트 / 굿모닝힐2차(7777동1호)"
BPS010207046,덕이동문2차,0001-10289-8888,0318141038,2,2026-06-22,2026-06-22,0318141038_20260622094522.tif; 0318141038_20260622094839.tif,"자동매칭(고신뢰,account_name,1.00): (일산)덕이동문2차_아파트 / 덕이동문2차(8888동1호)"
BPD110106791,강선한양,0003-76220-9999,0318141181,1,2026-06-19,2026-06-19,0318141181_20260619100056.tif,"자동매칭(고신뢰,account_name,1.00): (일산)강선10단지한양 / 강선한양(9999동3호)"
BPS010207061,문촌동아,0103854170660,0318141533,1,2026-06-18,2026-06-18,0318141533_20260618163858.tif,"자동매칭(고신뢰,account_name,1.00): (일산)문촌08동아_아파트(관리과장오류) / 문촌동아(660동103호)"
BPS010207065,문촌12단지유승,0103-75702-9999,0318143764,1,2026-06-23,2026-06-23,0318143764_20260623092058.tif,"자동매칭(고신뢰,account_name,1.00): (일산)문촌12유승_아파트 / 문촌12단지유승(9999동103호)"
BPD110189148,백송3단지한신아파트,0104-78527-9999,0318146022,1,2026-06-15,2026-06-15,0318146022_20260615161715.tif,"자동매칭(고신뢰,account_name,1.00): (일산)백송3단지(한신) / 백송3단지한신아파트(9999동104호)"
BPS010201079,영림브레아II오피스텔,0102911960999,0318146667,1,2026-06-12,2026-06-12,0318146667_20260612160505.tif,"자동매칭(고신뢰,account_name,1.00): (일산)영림브레아-II(212-82-72103) 2128272103 / 영림브레아II오피스텔"
BPD110106276,성저건영15단지,0001-76482-9999,0318148788,1,2026-06-22,2026-06-22,0318148788_20260622090517.tif,"자동매칭(고신뢰,account_name,1.00): (일산)성저마을15단지건영빌라 / 성저건영15단지(9999동1호)"
BPS010203045,신원당5단지대명아파트,,0318149964,1,2026-06-02,2026-06-02,0318149964_20260602153755.tif,"자동매칭(고신뢰,site_name,1.00): (덕양)신원당5단지_대명아파트 / 신원당5단지 대명아파트"
BPS010201075,풍동쌍용아파트,,0318150054,1,2026-06-17,2026-06-17,0318150054_20260617133208.tif,"자동매칭(고신뢰,account_name,1.00): (일산)풍동쌍용스위트닷홈apt_아파트 / 풍동쌍용아파트"
BPS010207049,중앙하이츠빌II,,0318150595,1,2026-06-19,2026-06-19,0318150595_20260619090030.tif,"자동매칭(고신뢰,site_name,0.94): (일산)중앙하이츠빌II_관리사무소 / 덕이동중앙하이츠빌Ⅱ_일산 서구 덕이로"
BPS010203044,신원당동신2차아파트,,0318150833,1,2026-06-22,2026-06-22,0318150833_20260622105811.tif,"매칭후보(확인필요,site_name,0.87): (덕양)신원당3단지 동신2차_아파트 / 신원당동신2차(888동106호) fax) 0833 [사업장번호:BPS010203044] | Claude교차확인 추가후보(0.86): BPS010203047 (덕양)신원당7단지_동신1차_아파트(계좌명:신원당동신1차(706동101호)) 추정지역:일산"
BPS010207156,후곡마을15단지건영아파트,,0318151890,1,2026-06-01,2026-06-01,0318151890_20260601133127.tif,"자동매칭(고신뢰,account_name,1.00): (일산)후곡15건영_아파트 / 후곡마을15단지건영아파트(2장)"
BPS010207063,동부썬프라자,0101853020999,0318152314,1,2026-06-19,2026-06-19,0318152314_20260619134157.tif,"자동매칭(Claude비전확인+엑셀대조,고신뢰): 동부썬프라자 / 엑셀사업장명:(일산)문촌10동부_아파트(동부썬프라자) / 계좌명:동부썬프라자(999동101호) [사업장번호:BPS010207063]"
BPS010202076,능곡1차현대홈타운,0101765710888,0318154023,1,2026-06-22,2026-06-22,0318154023_20260622090031.tif,"자동매칭(고신뢰,site_name,1.00): (덕양)능곡1차현대홈타운(888-101) / 능곡1차현대홈타운(888동101호)"
BPS010203035,씨네마플러스,,0318156223,1,2026-06-25,2026-06-25,0318156223_20260625170119.tif,"자동매칭(고신뢰,site_name,0.92): 화정씨네마플러스9999호 / 민들레개발㈜"
BPS010207077,성저2단지세경,0102-76556-8888,0318162133,2,2026-05-27,2026-06-24,0318162133_20260527134822.tif; 0318162133_20260624090808.tif,"자동매칭(고신뢰,account_name,0.91): (일산)성저02세경_아파트 / 성저2단지세경(8888동102호). 성저마을2단지아파트"
BPS010202034,소만3단지늘푸른아파트,,0318163053,1,2026-06-17,2026-06-17,0318163053_20260617134350.tif,"자동매칭(고신뢰,site_name,1.00): (덕양)소만3단지_늘푸른아파트 / (덕양)소만3단지_아파트"
BPS010202033,소만1단지부영아파트,,0318164815,1,2026-06-26,2026-06-26,0318164815_20260626103006.tif,"자동매칭(고신뢰,account_name,1.00): (덕양)소만1단지_아파트 / 소만1단지 부영아파트"
BPS010207038,영림브레아1집합건물,0102-10304-8888,0318168448,1,2026-06-22,2026-06-22,0318168448_20260622101551.tif,"자동매칭(고신뢰,account_name,1.00): (일산)영림브레아_빌딩 / 영림브레아1집합건물(8888동102호)"
BPD110116455,크리스탈빌딩,1008039290001,0318168546,1,2026-06-18,2026-06-18,0318168546_20260618090639.tif,"자동매칭(고신뢰,account_name,1.00): (일산)크리스탈빌딩_128-80-17932종이 / 크리스탈빌딩(1008호)"
BPS010207236,성저마을13단지건영빌라,,0318168787,1,2026-06-23,2026-06-23,0318168787_20260623094728.tif,"매칭후보(확인필요-단지/차 번호 불일치,site_name,0.92): (일산)성저마을15단지건영빌라 / 성저건영15단지(9999동1호) [사업장번호:BPD110106276]"
BPS010201026,백석두산위브,0103-92283-9999,0318169650,1,2026-06-22,2026-06-22,0318169650_20260622152608.tif,"자동매칭(고신뢰,account_name,1.00): (일산)백석 두산위브 무응 / 백석두산위브(9999동103호)"
BPD110106288,한라밀라트III,0101-85328-0999,0318170110,1,2026-06-19,2026-06-19,0318170110_20260619095852.tif,"자동매칭(고신뢰,account_name,1.00): (일산)한라밀라트3 / 한라밀라트III(999동101호)"
BPS010202009,동도센트리움,0101853030999,0318174591,1,2026-06-17,2026-06-17,0318174591_20260617132451.tif,"자동매칭(고신뢰,account_name,1.00): (덕양)동도센트리움_아파트 / 동도센트리움(999동101호)"
BPS010202005,고양대림아파트,0104-79311-0999,0318175535,1,2026-06-22,2026-06-22,0318175535_20260622153447.tif,엑셀 매칭 실패 - 수동 확인 필요 | Claude교차확인 추가후보(0.65): BPS010201051 (일산)백송2단지 대림_아파트(계좌명:백송대림아파트(999동7호)) 추정지역:일산
BPS010207007,강선마을3단지한신아파트,,0318177111,1,2026-06-24,2026-06-24,0318177111_20260624125718.tif,"자동매칭(고신뢰,account_name,0.97): (일산)강선03한신_아파트 / 강선마을3단지한신아파트 월정액(15일청구)"
BPS010203041,신원당2단지태영아파트,,0318177810,1,2026-06-02,2026-06-02,0318177810_20260602151832.tif,"자동매칭(고신뢰,site_name,1.00): (덕양)신원당2단지_태영아파트 / 신원당2단지태영아파트"
BPS010207053,코오롱레이크폴리스3차,0102-40141-0999,0318179757,1,2026-06-22,2026-06-22,0318179757_20260622150009.tif,"자동매칭(고신뢰,account_name,0.92): (일산)레이크폴리스3_빌딩 (135-82-88496) / 코오롱레이크폴리스3차(999동102호)전자발행 1358288496"
BPS010201096,백마역중앙하이츠빌1,0001780987777,0318190250,3,2026-06-12,2026-06-25,0318190250_20260612152426.tif; 0318190250_20260622162905.tif; 0318190250_20260625161712.tif,"자동매칭(고신뢰,account_name,1.00): (일산)백마중앙하이츠_아파트 / 백마역중앙하이츠빌1(7777동1호)"
BPD110106185,세창짜임주상복합아파트,0101-36739-0003,0318190254,1,2026-06-22,2026-06-22,0318190254_20260622094601.tif,"자동매칭(고신뢰,site_name,1.00): (덕양)세창짜임주상복합아파트 / 세창짜임주상복합아파트"
BPS010201068,레이크하임,,0318191479,2,2026-06-19,2026-06-19,0318191479_20260619174700.tif; 0318191479_20260619174847.tif,"자동매칭(고신뢰,account_name,1.00): (일산)성우레이크하임 / 레이크하임(999동101호)"
BPS010202054,장미7차,0001-76344-0999,0318193343,2,2026-05-27,2026-06-22,0318193343_20260527134657.tif; 0318193343_20260622143927.tif,"자동매칭(고신뢰,account_name,1.00): (덕양)장미7차_BB-H / 장미7차(999동1호)"
BPS010207154,후곡13태영,0004-76488-9999,0318195445,1,2026-06-19,2026-06-19,0318195445_20260619171400.tif,"자동매칭(고신뢰,account_name,1.00): (일산)후곡13태영_아파트 / 후곡13태영(9999동4호)"
BPS010202028,샘터마을1단지,0007-05270-0113,0318196468,1,2026-06-23,2026-06-23,0318196468_20260623153633.tif,"자동매칭(고신뢰,account_name,1.00): (덕양)샘터1단지효성_아파트(113-7) / 샘터마을1단지(113동7호)"
BPS010207024,킨텍스자이,0101-10657-0999,0318199241,1,2026-06-19,2026-06-19,0318199241_20260619172159.tif,"자동매칭(고신뢰,site_name,1.00): (일산)킨텍스자이 / 킨텍스자이(999동101호)"
BPD110106605,나래아파트,,0318214787,1,2026-05-28,2026-05-28,0318214787_20260528101503.tif,"자동매칭(Claude비전확인+엑셀대조,고신뢰): 나래아파트 / 엑셀사업장명:(의정부)광사나래아파트 / 계좌명:나래(999동102호) [사업장번호:BPD110106605]"
BPD110106574,양주한승,0004-76568-9999,0318217773,1,2026-06-22,2026-06-22,0318217773_20260622170011.tif,"자동매칭(고신뢰,account_name,0.94): 양주한승9999동4호 / 양주한승아파트"
BPD110106498,장암현대1차아파트,,0318234152,1,2026-06-24,2026-06-24,0318234152_20260624151814.tif,"자동매칭(고신뢰,account_name,1.00): (의정부)장암현대1차 / 장암현대1차아파트"
BPS010407024,민락주공2단지,0106-76192-0212,0318244546,1,2026-06-23,2026-06-23,0318244546_20260623133614.tif,"자동매칭(고신뢰,account_name,1.00): (의정부)민락뜨란채(민락주공2) / 민락주공2단지(212동106호)"
BPD110106525,호원쌍용스윗닷홈,0001-72818-0999,0318263451,1,2026-06-18,2026-06-18,0318263451_20260618140618.tif,"자동매칭(고신뢰,site_name,1.00): (의정부)호원쌍용스윗닷홈(999-1) / 호원쌍용스윗닷홈(999동1호)"
BPD110106635,호원한국개나리아파트,0001-76114-9999,0318273495,1,2026-06-23,2026-06-23,0318273495_20260623150011.tif,"자동매칭(고신뢰,account_name,1.00): (의정부)호원한국개나리 / 호원한국개나리아파트(9999동1호)"
BPD110106468,호원신일엘리시움,0002784907777,0318296675,1,2026-06-18,2026-06-18,0318296675_20260618172741.tif,"자동매칭(고신뢰,site_name,1.00): (의정부)호원신일엘리시움 / 호원신일엘리시움(7777동2호)"
BPD110111998,전곡예일세띠앙,0101-76890-9999,0318350809,1,2026-06-24,2026-06-24,0318350809_20260624091931.tif,"자동매칭(고신뢰,account_name,1.00): (동두천)-전곡_예일쎄띠앙(9999-101) / 전곡예일세띠앙(9999동101호)"
BPD110106625,녹양휴먼시아3단지,0002-76609-9999,0318367054,1,2026-06-25,2026-06-25,0318367054_20260625142855.tif,"자동매칭(고신뢰,site_name,1.00): (의정부)녹양휴먼시아3단지 / 녹양휴먼시아3(9999동2호)"
BPS010411082,양주시희망아파트,,0318373743,1,2026-06-23,2026-06-23,0318373743_20260623093345.tif,"자동매칭(고신뢰,account_name,1.00): (의정부)백석희망 / 양주시희망아파트"
BPD110106430,"신도브래뉴2,3차아파트",,0318373778,1,2026-06-18,2026-06-18,0318373778_20260618112911.tif,"자동매칭(고신뢰,account_name,0.92): (의정부)신도브래뉴2차3차 / 신도브래뉴2.3차아파트"
BPD110106650,금강프라자,,0318389335,3,2026-05-28,2026-06-29,0318389335_20260528115642.tif; 0318389335_20260528120531.tif; 0318389335_20260629110421.tif,"자동매칭(Claude비전확인+엑셀대조,고신뢰): 금강프라자 / 엑셀사업장명:[의정부]금강프라자(131-81-43689) / 계좌명:㈜청송안전씨스템 1318143689 [사업장번호:BPD110106650]"
BPD110106764,궁전오피스텔,,0318401778,1,2026-06-17,2026-06-17,0318401778_20260617160207.tif,"자동매칭(Claude비전확인+엑셀대조,고신뢰): 궁전오피스텔 / 엑셀사업장명:(의정부)궁전오피스텔 / 계좌명:(의정부)궁전오피스텔_격월. 팩스 미전송(26 776 번호 없음 [사업장번호:BPD110106764]"
BPD110111100,고읍휴먼시아7단지,0102-28018-0999,0318420775,1,2026-06-26,2026-06-26,0318420775_20260626095133.tif,"매칭후보(확인필요,account_name,0.90): (의정부)고읍주공7단지 / 양주고읍7단지/고읍휴먼시아7단지(999동102호) 양주고읍휴먼시아7단지 [사업장번호:BPD110111100] | Claude교차확인 추가후보(1.04): BPD110110566 (의정부)고읍휴먼시아5단지(900-2)(계좌명:양주고읍휴먼시아5단지(900동2호)) 추정지역:의정부"
BPD110109928,LH양주고읍6단지,0101-79036-0999,0318423525,1,2026-06-23,2026-06-23,0318423525_20260623104308.tif,"매칭후보(확인필요,account_name,0.80): (의정부)고읍주공8단지 / 양주고읍8단지(999동101호) [사업장번호:BPD110110416]"
BPD110110546,양주고읍4단지,,0318423595,1,2026-06-23,2026-06-23,0318423595_20260623135349.tif,"자동매칭(고신뢰,account_name,1.00): (의정부)고읍주공4단지 / 양주고읍4단지"
BPD110110566,양주고읍휴먼시아5단지,,0318423719,1,2026-06-22,2026-06-22,0318423719_20260622101413.tif,"자동매칭(고신뢰,account_name,1.00): (의정부)고읍휴먼시아5단지(900-2) / 양주고읍휴먼시아5단지(900동2호)"
BPD110137533,우미쁘띠린1차,0101-76304-0009,0318427302,2,2026-06-22,2026-06-22,0318427302_20260622140353.tif; 0318427302_20260622140558.tif,"자동매칭(고신뢰,site_name,1.00): (의정부)우미쁘띠린1차 / 의정부우미쁘띠린1차 / -> 없는번호"
BPD110110416,양주고읍8단지,0101-65425-0999,0318435688,1,2026-06-23,2026-06-23,0318435688_20260623152335.tif,"자동매칭(고신뢰,account_name,1.00): (의정부)고읍주공8단지 / 양주고읍8단지(999동101호)"
BPS010402045,신곡삼환,0104-76004-9999,0318436084,1,2026-06-22,2026-06-22,0318436084_20260622092834.tif,"자동매칭(고신뢰,site_name,1.00): (의정부)신곡삼환 / 신곡삼환아파트"
BPS010402059,신성벽산아파트,,0318439821,1,2026-06-09,2026-06-09,0318439821_20260609135000.tif,"매칭후보(확인필요-명칭이 너무 일반적(브랜드명 충돌 위험),site_name,0.96): (구리-덕소)벽산_아파트 / 덕소벽산아파트 [사업장번호:BPS010405027] | Claude교차확인 추가후보(0.95): BPS010402059 (의정부)신곡신성벽산(계좌명:(의정부)신곡신성벽산) 추정지역:의정부"
BPD110205445,의정부제일시장,,0318442617,1,2026-06-19,2026-06-19,0318442617_20260619111553.tif,"자동매칭(고신뢰,account_name,0.95): 경중앙(제일시장BBC) / 사단법인의정부제일시장"
BPS010402043,신곡서해아파트,0124-76302-0112,0318443744,1,2026-06-23,2026-06-23,0318443744_20260623102901.tif,"자동매칭(고신뢰,account_name,1.00): (의정부)신곡서해 / 신곡서해아파트(112동124호)"
BPS010402052,신곡현대아파트,,0318450958,1,2026-06-19,2026-06-19,0318450958_20260619134529.tif,"자동매칭(고신뢰,site_name,0.94): (의정부)신곡현대 / 신곡현대(9999동103호)"
BPD110106495,신곡대우아파트,,0318460613,5,2026-06-01,2026-06-23,0318460613_20260601142543.tif; 0318460613_20260601161025.tif; 0318460613_20260602102631.tif,"자동매칭(고신뢰,site_name,0.94): (의정부)신곡대우 / 신곡대우(8888동104호)"
BPD110106626,청학1단지주공아파트,,0318461339,2,2026-06-22,2026-06-22,0318461339_20260622143148.tif; 0318461339_20260622143656.tif,"자동매칭(고신뢰,account_name,1.00): (의정부)청학주공1단지 / 청학1단지주공아파트"
BPD110137122,양주자이프라자1차,9902-40725-9999,0318463823,1,2026-06-23,2026-06-23,0318463823_20260623135357.tif,"자동매칭(고신뢰,account_name,0.92): (의정부)양주프라자1차127-80-29828 / 양주자이프라자1차(1동9902호) 1278029828"
BPD110106634,우암센스뷰,0102-93977-0999,0318470158,1,2026-06-26,2026-06-26,0318470158_20260626170420.tif,"자동매칭(고신뢰,account_name,1.00): (의정부)금오우암센스뷰 / 우암센스뷰(999동102호)"
BPD110106458,가재울일신건영휴먼빌,0001-76996-8888,0318471262,1,2026-06-24,2026-06-24,0318471262_20260624110721.tif,"자동매칭(고신뢰,account_name,1.00): (의정부)가능가재울일신건영휴먼빌 / 가재울일신건영휴먼빌(8888동1호)"
BPD110106664,"양주프라자3,4차",,0318475989,2,2026-06-02,2026-06-23,0318475989_20260602101218.tif; 0318475989_20260623133122.tif,"자동매칭(고신뢰,account_name,0.91): [의정부]양주프라자 3차(0101호)(516-86-02152) 김미영 / 양주프라자3,4차관리단(금호환경산업) / 4508703426"
BPD110106606,양주성우아침의미소,0001-76724-9999,0318477371,1,2026-06-22,2026-06-22,0318477371_20260622092753.tif,"자동매칭(고신뢰,account_name,1.00): (의정부)삼숭성우아침에 미소 / 양주성우아침의미소(9999동1호)"
BPS010402094,은하수아파트,,0318480457,1,2026-06-19,2026-06-19,0318480457_20260619102901.tif,"자동매칭(Claude비전확인+엑셀대조,고신뢰): 은하수아파트 / 엑셀사업장명:(의정부)신곡은하수 / 계좌명:은하수아파트 [사업장번호:BPS010402094]"
BPS010402026,금오거성아파트,,0318485547,1,2026-06-15,2026-06-15,0318485547_20260615154954.tif,"자동매칭(고신뢰,account_name,1.00): (의정부)금오거성 / 금오거성아파트"
BPS010402054,신곡성원1차,0005-76120-9999,0318487871,1,2026-06-19,2026-06-19,0318487871_20260619141145.tif,"자동매칭(고신뢰,site_name,1.00): (의정부)신곡성원1차 / 신곡성원1차(9999동5호,9호)"
BPD110106734,건영캐스빌아파트관리사무소,,0318521856,1,2026-06-22,2026-06-22,0318521856_20260622085651.tif,"자동매칭(고신뢰,site_name,0.94): (의정부)건영캐스빌아파트 / 용현동건영캐스빌(8888동1호) / 두달분아닌데 두달분으로 날짜입력했네???"
BPD110106616,금오현대IPark,0001-76264-9999,0318527172,1,2026-06-23,2026-06-23,0318527172_20260623091215.tif,"자동매칭(고신뢰,account_name,1.00): (의정부)금오현대아이파크 / 금오현대Ipark(9999동1호)"
BPD110106412,탑석드림캐슬,0101-79471-0999,0318527506,1,2026-06-22,2026-06-22,0318527506_20260622095243.tif,"자동매칭(고신뢰,site_name,1.00): (의정부)탑석드림캐슬 / 송산주공4단지999동101호"
BPD110106654,세명프라자,,0318527587,1,2026-06-11,2026-06-11,0318527587_20260611100346.tif,"자동매칭(Claude비전확인+엑셀대조,고신뢰): [의정부]신곡세명프라자302호(127-47-49074=>851-88-01633) / 엑셀사업장명:[의정부]신곡세명프라자302호(127-47-49074=>851-88-01633) / 계좌명:신우비엠(851-88-01633) 8518801633 [사업장번호:BPD110106654]"
BPD110106451,금오주공그린빌1단지,0101-93089-9999,0318528572,1,2026-06-18,2026-06-18,0318528572_20260618140141.tif,"자동매칭(고신뢰,site_name,1.00): (의정부)금오주공그린빌1단지 / 금오주공그린빌1단지(9999동101호)"
BPS010407030,용현그랜드아파트,0001-76075-6666,0318529606,1,2026-06-23,2026-06-23,0318529606_20260623135129.tif,"자동매칭(고신뢰,account_name,1.00): (의정부)용현그랜드 / 용현그랜드아파트(6666동1호)"
BPD110209716,낙양폴리프라자4,,0318530351,2,2026-05-27,2026-06-26,0318530351_20260527111149.tif; 0318530351_20260626151804.tif,"자동매칭(고신뢰,account_name,1.00): 동의정부(폴리프라자4) / 낙양폴리프라자4(1001호)"
BPD110210770,용현애디안주상복합,0101800399999,0318532250,1,2026-06-24,2026-06-24,0318532250_20260624181233.tif,"자동매칭(고신뢰,site_name,0.92): 용현애디안주상복합9999동101호 / ㈜덕우"
BPD110106621,금오주공3단지 아파트 관리사무소,,0318532641,1,2026-06-15,2026-06-15,0318532641_20260615142025.tif,"자동매칭(고신뢰,site_name,0.92): (의정부)금오주공3단지 / 금오주공3단지"
BPD110106653,비콘드림씨티 오피스텔,0101-85354-0301,0318533444,1,2026-06-18,2026-06-18,0318533444_20260618093703.tif,"자동매칭(고신뢰,account_name,1.00): [의정부]비콘드림시티 / 비콘드림씨티오피스텔(301동101호)"
BPD110188829,민락폴리프라자,,0318533544,1,2026-06-24,2026-06-24,0318533544_20260624082429.tif,"자동매칭(고신뢰,site_name,1.00): (동의정부)민락폴리프라자 (고지서) / 폴리프라자(1001호)"
BPD110106651,금오센타프라자,,0318535492,2,2026-05-28,2026-06-26,0318535492_20260528152146.tif; 0318535492_20260626152000.tif,"자동매칭(고신뢰,site_name,0.91): [의정부]금오센타프라자(851-88-01633) / 8518801633 / ㈜신우비엠 1동01호 031-853"
BPD110215772,STATION615,9991988570001,0318535916,1,2026-06-16,2026-06-16,0318535916_20260616155152.tif,"매칭후보(확인필요-단지/차 번호 불일치,site_name,0.92): STATION615 1동9991호, 9992호 / 동의정부(스테이션615)1동9991호, 9992호 [사업장번호:BPD110215772]"
BPD110106544,용현11차 신도브래뉴plus,,0318536231,1,2026-06-18,2026-06-18,0318536231_20260618145615.tif,"매칭후보(확인필요,account_name,0.85): (의정부)용현11차신도브래뉴플러스 / 용현동신도브래뉴PLUS [사업장번호:BPD110106544]"
BPD110106628,민락e-편한세상아파트,,0318539108,2,2026-06-19,2026-06-19,0318539108_20260619111427.tif; 0318539108_20260619112944.tif,"자동매칭(고신뢰,account_name,1.00): (의정부)민락이편한세상 / 민락e-편한세상아파트"
BPD110106612,녹양힐스테이트 아파트,0101-01919-0999,0318550602,1,2026-06-24,2026-06-24,0318550602_20260624103147.tif,"자동매칭(고신뢰,account_name,1.00): (의정부)녹양힐스테이트 / 녹양힐스테이트아파트(999동101호)"
BPD110106623,의정부에스케이-뷰,0001-76979-9999,0318550612,1,2026-06-23,2026-06-23,0318550612_20260623103526.tif,"자동매칭(고신뢰,site_name,1.00): (의정부)의정부에스케이-뷰 / 의정부에스케이-뷰(9999동1호)  의정부가능sk뷰"
BPD110106607,의정부호원흥화브라운빌,0001-10393-0999,0318550841,1,2026-06-22,2026-06-22,0318550841_20260622165225.tif,"자동매칭(고신뢰,account_name,1.00): (의정부)호원흥화브라운빌(999-1) / 의정부호원흥화브라운빌(999동1호)"
BPS010411081,송추푸른마을,0102-76331-8888,0318551640,1,2026-06-23,2026-06-23,0318551640_20260623134911.tif,"자동매칭(고신뢰,site_name,1.00): (의정부)송추푸른마을 / 송추푸른마을(8888동102호)"
BPS010411046,동화3차아파트,,0318552352,2,2026-06-24,2026-06-24,0318552352_20260624103746.tif; 0318552352_20260624154011.tif,"자동매칭(고신뢰,account_name,1.00): (의정부)백석동화3차 / 동화3차아파트"
BPS010411050,백석가야5차,0001-78175-0999,0318559138,1,2026-06-23,2026-06-23,0318559138_20260623100753.tif,"자동매칭(고신뢰,site_name,1.00): (의정부)백석가야5차(써니빌) / 백석가야5차(999동1호)"
BPD110106373,주식회사 세움인(성지에스앤비타워),9909115020001,0318599504,1,2026-06-22,2026-06-22,0318599504_20260622152031.tif,"자동매칭(고신뢰,account_name,0.98): (동두천)-지행 성지S&B-E017(130-81-95641) / 주식회사 세움(1동9909호,성지에스앤비타워)"
BPS010406040,동두천상패주공아파트,,0318612375,1,2026-06-22,2026-06-22,0318612375_20260622153559.tif,"자동매칭(고신뢰,account_name,1.00): (동두천)_상패주공_아파트(V023) / 동두천상패주공아파트"
BPD110106375,양주패션칼라산업단지입주기업체협의회,,0318613509,1,2026-06-22,2026-06-22,0318613509_20260622134746.tif,"자동매칭(고신뢰,site_name,0.93): (동두천)_양주패션칼라산업단지 / 양주패션칼라산업단지"
,,,0318616323,2,2026-06-24,2026-06-24,0318616323_20260624145545.tif; 0318616323_20260624150427.tif,"복구불가(빈 팩스, 세로 40px) - 헤더 한 줄만 수신되고 본문 없음."
BPD110106341,세창리베하우스,0001-76905-9999,0318624705,1,2026-06-22,2026-06-22,0318624705_20260622145638.tif,"자동매칭(고신뢰,account_name,1.00): (동두천)-옥정세창-아파트(E005 / 세창리베하우스(9999동1호)"
BPS010406042,동두천건영아파트,,0318660081,1,2026-06-22,2026-06-22,0318660081_20260622091842.tif,"자동매칭(고신뢰,account_name,1.00): (동두천)_생연건영_아파트(V008) / 동두천건영아파트(999동102호)"
BPD110107195,동두천월드메르디앙,0101-03243-0999,0318666032,1,2026-06-23,2026-06-23,0318666032_20260623142708.tif,"자동매칭(고신뢰,account_name,1.00): (동두천)_월드메르디앙 / 동두천월드메르디앙(999동101호)"
BPD110186658,동두천뜨란채지행주공2단지,0002-76914-9999,0318674094,1,2026-06-19,2026-06-19,0318674094_20260619162050.tif,"자동매칭(고신뢰,account_name,1.00): 동두천-지행주공2차 / 동두천뜨란채지행주공2단지(9999동2호)"
BPS010406063,에이스2차아파트,1000-76022-9999,0318677873,1,2026-06-17,2026-06-17,0318677873_20260617142200.tif,"자동매칭(고신뢰,site_name,1.00): (동두천)_에이스2차_아파트 / 에이스2차아파트(9999동1000호)"
BPS010406046,상우아파트관리사무소,,0318683434,1,2026-06-19,2026-06-19,0318683434_20260619154719.tif,"매칭후보(확인필요-명칭이 너무 일반적(브랜드명 충돌 위험),account_name,0.92): (동두천)_생연상우_아파트(V014) / 상우아파트 [사업장번호:BPS010406046] | Claude교차확인 추가후보(0.71): BPS010208007 (파주)경신아파트관리사무소(계좌명:경신아파트) 추정지역:동두천"
BPS010406066,에이스5차 아파트 관리사무소,,0318686435,1,2026-06-17,2026-06-17,0318686435_20260617131453.tif,"자동매칭(고신뢰,site_name,0.94): (동두천)_에이스5차_아파트(V021) / 에이스5차아파트"
BPD110106503,장암동신현대아파트,0005782427777,0318716836,1,2026-06-24,2026-06-24,0318716836_20260624103315.tif,"자동매칭(고신뢰,account_name,1.00): (의정부)장암동신현대 / 장암동신현대아파트(7777동5호)"
BPD110106615,호원가든1차,0104-71272-0999,0318718398,1,2026-06-22,2026-06-22,0318718398_20260622093247.tif,"자동매칭(고신뢰,site_name,1.00): (의정부)호원가든1차 / 호원가든1차(999동104호) 월납/468kwh, 120,000원/ 월정액으로 변경"
BPD110106657,제일퍼스트빌III입주자대표회의,,0318732955,2,2026-05-27,2026-06-26,0318732955_20260527164933.tif; 0318732955_20260626112951.tif,"엑셀 매칭 실패 - 수동 확인 필요 | Claude교차확인 추가후보(0.66): BPD110106657 (의정부)제일퍼스트빌3, 234-82-72501 2348272501(계좌명:제일퍼스트빌III(9999동101호)) 추정지역:의정부"
BPD110118436,신한헤스티아1,0101765700009,0318735990,1,2026-06-22,2026-06-22,0318735990_20260622105327.tif,"자동매칭(고신뢰,site_name,1.00): (의정부)신한헤스티아1(9-101) / 신한헤스티아1(9동101호)"
BPD110110562,신도101,0102-19107-0999,0318739336,1,2026-06-26,2026-06-26,0318739336_20260626141306.tif,"자동매칭(고신뢰,site_name,0.92): (의정부)호원신도101아파트 / 신도101(999동102호) sk꺼와 착각"
BPD110106518,신도5차,0001-76093-9999,0318749983,1,2026-06-25,2026-06-25,0318749983_20260625112445.tif,"자동매칭(고신뢰,account_name,1.00): (의정부)호원신도5차 / 신도5차(9999동1호)"
BPD110106601,월드한아름,0001-76057-9999,0318753835,1,2026-06-25,2026-06-25,0318753835_20260625132134.tif,"자동매칭(고신뢰,site_name,0.96): (의정부)호원월드한아름 / 월드한아름아파트9999동1호"
BPD110109618,아크라티움,,0318762344,1,2026-06-22,2026-06-22,0318762344_20260622134758.tif,"자동매칭(고신뢰,site_name,1.00): (의정부)아크라티움 / 아크라티움(999동105호)"
BPD110106402,의정부녹양현대,0101-01188-9999,0318762560,1,2026-06-15,2026-06-15,0318762560_20260615091525.tif,"자동매칭(고신뢰,account_name,1.00): (의정부)녹양현대9999동101호 / 의정부녹양현대"
BPD110106463,호원신도4차아파트,,0318765063,1,2026-06-12,2026-06-12,0318765063_20260612081614.tif,"자동매칭(고신뢰,account_name,1.00): (의정부)호원신도4차 / 호원신도4차아파트"
BPD110108730,호원우남2차,0001-93155-0999,0318768883,1,2026-06-18,2026-06-18,0318768883_20260618154837.tif,"자동매칭(고신뢰,site_name,1.00): (의정부)호원우남2차 / 호원우남2차(999동1호)"
BPD110106593,신도7차,0105-76-31-0999,0318771350,1,2026-06-19,2026-06-19,0318771350_20260619131544.tif,"자동매칭(고신뢰,account_name,1.00): (의정부)호원신도7차 / 신도7차(999동 105호,106호)"
BPS010411072,양주가야2차,0006-76030-9999,0318774330,1,2026-06-19,2026-06-19,0318774330_20260619135113.tif,"자동매칭(고신뢰,account_name,1.00): (의정부)백석가야2차 / 양주가야2차(9999동6호)"
BPD110106520,호원가든2차,0102-76338-0999,0318783475,1,2026-06-22,2026-06-22,0318783475_20260622100244.tif,"자동매칭(고신뢰,site_name,1.00): (의정부)호원가든2차(999-102) / 호원가든2차(999동102호)"
BPS010411164,가능신동아,0101924379999,0318784700,1,2026-06-18,2026-06-18,0318784700_20260618170839.tif,"자동매칭(고신뢰,account_name,1.00): (의정부)가능신동아파라디움 / 가능신동아(9999동101호)"
BPD110106470,한주5차아파트,0001-76215-0999,0318788036,1,2026-06-23,2026-06-23,0318788036_20260623112331.tif,"자동매칭(고신뢰,account_name,1.00): (의정부)호원한주5차 / 한주5차아파트(연체료없음)"
BPD110106658,의정부대정프라자,,0318792557,2,2026-05-27,2026-06-25,0318792557_20260527144707.tif; 0318792557_20260625131910.tif,"매칭후보(확인필요-명칭이 너무 일반적(브랜드명 충돌 위험),site_name,0.94): (의정부)대정프라자 / 의정부대정프라자1112호 [사업장번호:BPD110106658] | Claude교차확인 추가후보(0.75): BPD110213829 의정부(도봉산아르쥬)(계좌명:아르쥬(이유나)) 추정지역:불명"
BPD110147991,아이다빌,0999297130001,0318899603,2,2026-05-28,2026-06-26,0318899603_20260528134213.tif; 0318899603_20260626103530.tif,"매칭후보(확인필요,account_name,0.75): (동두천)-E326-어나더월드(아이다빌) / 아이다빌(999호) [사업장번호:BPD110147991]"
BPD110156517,일산두산위브더제니스,0107-29278-0999,0319007901,1,2026-06-22,2026-06-22,0319007901_20260622180842.tif,"자동매칭(고신뢰,account_name,1.00): (일산)두산위브더제니스 / 일산두산위브더제니스(999동107호)"
BPS010201064,삼성라끄빌,7701781430001,0319008445,1,2026-06-17,2026-06-17,0319008445_20260617140851.tif,"엑셀 매칭 실패 - 수동 확인 필요 | Claude교차확인 추가후보(0.59): BPD110106143 [일산]성암빌딩(128-25-10959)(계좌명:성암,61kw) 추정지역:일산"
BPS010201025,동양메이저타워,,0319011417,1,2026-06-26,2026-06-26,0319011417_20260626092101.tif,"자동매칭(고신뢰,site_name,1.00): (일산)동양메이저타워 / 동양메이저타워(9901호)"
BPS010201002,강촌1단지 동아아파트,,0319013146,1,2026-06-19,2026-06-19,0319013146_20260619100600.tif,"자동매칭(고신뢰,account_name,1.00): (일산)강촌1동아_아파트 / 강촌1단지동아아파트"
BPS010201048,백석우림보보카운티,9901-11286-0001,0319019093,1,2026-06-18,2026-06-18,0319019093_20260618142208.tif,"자동매칭(고신뢰,site_name,1.00): (일산)백석우림보보카운티 / 백석우림보보카운티(9901호)"
BPD110106281,양지마을1단지,,0319019946,1,2026-06-01,2026-06-01,0319019946_20260601085845.tif,"자동매칭(고신뢰,account_name,1.00): (일산)양지마을1단지건영빌라 / 양지마을1단지"
BPD110162347,드림월드,,0319019972,1,2026-06-23,2026-06-23,0319019972_20260623151650.tif,"매칭후보(확인필요,site_name,0.88): (일산)드림월드_901-2호601-82-72619 / 드림월드관리단운영위원회(전자) 6018272619 [사업장번호:BPD110162347] | Claude교차확인 추가후보(0.59): BPD110106302 (일산)우경드림빌(탄현동)(계좌명:B01호KT) 추정지역:일산"
BPS010201078,양우드라마시티,0001-78251-7777,0319020714,1,2026-06-18,2026-06-18,0319020714_20260618134016.tif,"자동매칭(고신뢰,site_name,1.00): (일산)양우드라마시티 / 양우드라마시티(7777동1호)"
BPS010201005,강촌라이프1차,0104-10133-6661,0319021008,1,2026-06-19,2026-06-19,0319021008_20260619092918.tif,"자동매칭(고신뢰,account_name,1.00): (일산)강촌5-1라이프_아파트 / 강촌라이프1차(6661동104호)"
BPS010201032,일산로데오탑,,0319029867,1,2026-06-17,2026-06-17,0319029867_20260617144300.tif,엑셀 매칭 실패 - 수동 확인 필요 | Claude교차확인 추가후보(0.82): BPS010201032 [일산]고양로데오탑(112-81-39490신)(계좌명:아산종합관리(주) 1128139490) 추정지역:일산
BPD110107036,풍동숲속마을1단지,0102-02410-0999,0319031780,1,2026-06-17,2026-06-17,0319031780_20260617104745.tif,"자동매칭(고신뢰,account_name,1.00): (일산)숲속1단지주공 / 풍동숲속마을1단지(999동102호)"
BPS010201051,백송대림아파트,0007-37348-0999,0319032572,1,2026-06-22,2026-06-22,0319032572_20260622161820.tif,"자동매칭(고신뢰,account_name,1.00): (일산)백송2단지 대림_아파트 / 백송대림아파트(999동7호)"
BPS010201031,코오롱레이크폴리스1차,0101032520003,0319033164,1,2026-06-24,2026-06-24,0319033164_20260624093223.tif,"자동매칭(고신뢰,site_name,1.00): (일산)코오롱 레이크폴리스1차 / 코오롱레이크폴리스1차(C동101호)"
BPS010201058,백송두산,0105-92104-9999,0319033593,1,2026-06-22,2026-06-22,0319033593_20260622095728.tif,"매칭후보(확인필요,site_name,0.90): (일산)백송두산 9999동105호 / 백송9단지두산아파트 [사업장번호:BPS010201058]"
BPS010201111,일산호수마을2단지,0102-75644-0888,0319037268,1,2026-06-18,2026-06-18,0319037268_20260618103011.tif,"자동매칭(고신뢰,account_name,1.00): (일산)호수2현대 / 일산호수마을2단지(888동102호)"
BPD110106158,백송10단지 건영빌라아파트,,0319039094,1,2026-06-02,2026-06-02,0319039094_20260602114634.tif,"자동매칭(고신뢰,account_name,1.00): (일산)백송10단지건영 / 백송10단지건영빌라아파트"
BPD110113855,라이저오피스텔,9904,0319042132,1,2026-06-23,2026-06-23,0319042132_20260623154118.tif,"매칭후보(확인필요,account_name,0.88): (일산)라이저빌딩 / 라이저오피스텔(9904호)전자212-81-55882. 24일발급. 27일까지 지출해달래 [사업장번호:BPD110113855]"
BPS010201006,강촌마을라이프2차,0101-70160-9999,0319042763,1,2026-06-23,2026-06-23,0319042763_20260623150849.tif,"자동매칭(고신뢰,account_name,0.91): (일산)강촌5-2라이프_아파트 / 강촌마을라이프2차아파트9999동101호"
BPS010201008,일산강촌7단지,0102-75573-0888,0319043514,1,2026-06-19,2026-06-19,0319043514_20260619140230.tif,"매칭후보(확인필요,account_name,0.75): (일산)강촌8우방_아파트 / 일산강촌8단지우방(7777동4호) [사업장번호:BPS010201009] | Claude교차확인 추가후보(0.98): BPS010201008 (일산)강촌7단지(코오롱)아파트(계좌명:(일산)강촌7단지아파트) 추정지역:일산"
BPS010201003,강촌마을한신,0002-01070-8888,0319044155,2,2026-06-23,2026-06-23,0319044155_20260623133531.tif; 0319044155_20260623133728.tif,"자동매칭(고신뢰,account_name,1.00): (일산)강촌2단지한신_아파트 / 강촌마을한신(8888동2호)"
BPS010201009,일산강촌8단지우방,0004-78092-7777,0319044431,1,2026-06-17,2026-06-17,0319044431_20260617143358.tif,"자동매칭(고신뢰,account_name,1.00): (일산)강촌8우방_아파트 / 일산강촌8단지우방(7777동4호)"
BPS010201038,백마1단지삼성,0104762330999,0319045805,1,2026-06-18,2026-06-18,0319045805_20260618141218.tif,"자동매칭(고신뢰,account_name,1.00): (일산)백마1단지삼성_아파트 / 백마1단지삼성(999동104호)"
BPS010201034,로스텔오피스텔,,0319048878,1,2026-06-12,2026-06-12,0319048878_20260612162433.tif,"자동매칭(Claude비전확인+엑셀대조,고신뢰): 로스텔오피스텔 / 엑셀사업장명:(일산)로스텔_오피스텔(128-80-14463) / 계좌명:종이세금계산서 로스텔오피스텔(1동9991호) [사업장번호:BPS010201034]"
BPS010201150,풍동 숲속마을 8단지,0102-11622-0999,0319050068,1,2026-06-17,2026-06-17,0319050068_20260617111459.tif,"자동매칭(고신뢰,site_name,0.95): (일산)풍동숲속마을8단지 주공_아파트 / 풍동숲속마을주공8단지(999동102호)"
BPD110112202,정발마을3단지,,0319052206,1,2026-06-08,2026-06-08,0319052206_20260608164323.tif,"자동매칭(고신뢰,site_name,1.00): 정발마을3단지 / 월정액 (당월에 입금하기. 미리입금X. 중순~월말에 입금)"
BPD110189489,정발마을1단지,,0319052231,2,2026-06-10,2026-06-10,0319052231_20260610155548.tif; 0319052231_20260610160411.tif,"자동매칭(고신뢰,account_name,1.00): (일산)정발건영1단지 / 정발마을1단지"
BPS010201156,숲속마을6단지두산위브,0101-93767-0999,0319053381,1,2026-06-18,2026-06-18,0319053381_20260618172559.tif,"자동매칭(고신뢰,site_name,1.00): (일산)숲속마을6단지 두산위브 / 숲속마을두산위브(999동101호)"
BPS010201110,대우로얄마트,,0319054053,1,2026-06-17,2026-06-17,0319054053_20260617145328.tif,"자동매칭(고신뢰,site_name,0.95): (일산)대우로얄마트_아파트 / 대우로얄마트상가번영회"
BPD010201094,풍동성원아파트,,0319054337,1,2026-06-23,2026-06-23,0319054337_20260623154127.tif,"매칭후보(확인필요-명칭이 너무 일반적(브랜드명 충돌 위험),site_name,0.96): (구리-퇴계원)성원아파트 / 남양주퇴계원성원(8888동4호) [사업장번호:BPD110106474] | Claude교차확인 추가후보(0.95): BPS010201094 (일산)풍동성원2차_아파트(계좌명:풍동성원아파트입자대표회의 청구년월을 ) 추정지역:일산"
BPS010201116,효성레제스오피스텔,,0319055966,1,2026-06-09,2026-06-09,0319055966_20260609140833.tif,"자동매칭(고신뢰,account_name,1.00): (일산)효성레제스 / 효성레제스오피스텔"
BPS010201107,현대에뜨레보오피스텔,0102781557777,0319057115,1,2026-06-19,2026-06-19,0319057115_20260619154301.tif,"자동매칭(고신뢰,account_name,1.00): (일산)현대에뜨레보_아파트 / 현대에뜨레보오피스텔(7777동102호)"
BPS010201151,숲속마을4단지 LH주거행복지원센터,0001-11624-0888,0319061980,1,2026-06-19,2026-06-19,0319061980_20260619110452.tif,"자동매칭(고신뢰,site_name,0.91): (일산)숲속마을4단지 / 풍동숲속마을주공4단지(888동1호)"
BPS010201057,백송마을 8단지,,0319072869,1,2026-06-19,2026-06-19,0319072869_20260619100332.tif,"자동매칭(고신뢰,account_name,1.00): (일산)백송8단지(선경)_아파트 / 백송마을8단지"
BPD110118885,풍동Y-haus,0001784437777,0319072977,1,2026-06-22,2026-06-22,0319072977_20260622141423.tif,"자동매칭(고신뢰,site_name,0.96): (일산)Y-HAUS(Y하우스) / 풍동Y-haus(7777동1호"
BPD110106138,강촌한양,0106-76554-0603,0319073944,1,2026-06-22,2026-06-22,0319073944_20260622112631.tif,"자동매칭(고신뢰,account_name,1.00): (일산)강촌한양6단지 / 강촌한양(603동106호)"
BPD110117579,어울림오피스텔,,0319074451,1,2026-06-25,2026-06-25,0319074451_20260625175438.tif,"매칭후보(확인필요-명칭이 너무 일반적(브랜드명 충돌 위험),site_name,0.92): (덕양) 성사동 어울림오피스텔9901호 / ㈜어울림엘에스 [사업장번호:BPD110117579]"
BPS010201095,에이스12차아파트,,0319075889,1,2026-06-12,2026-06-12,0319075889_20260612145139.tif,"자동매칭(고신뢰,account_name,1.00): (일산)풍동에이스12차아파트 무응3/26 / 에이스12차아파트"
,,,0319077442,2,2026-06-22,2026-06-22,0319077442_20260622132635.tif; 0319077442_20260622132842.tif,"복구불가(빈 팩스, 세로 40px) - 헤더 한 줄만 수신되고 본문 없음."
BPS010201089,지평빌딩,,0319077445,1,2026-06-26,2026-06-26,0319077445_20260626103718.tif,"매칭후보(확인필요,site_name,0.90): (일산)지평빌딩_3/6/9/12월 / (일산)지평프라자_3/6/9/12월 [사업장번호:BPS010201089]"
BPS010201139,성우아뜨리움,0001-74511-0888,0319078579,1,2026-06-22,2026-06-22,0319078579_20260622120030.tif,"자동매칭(고신뢰,site_name,1.00): (일산)성우아뜨리움 / 성우아뜨리움(8888동1호)"
BPD110112905,서륭프라자,,0319082260,1,2026-06-15,2026-06-15,0319082260_20260615175401.tif,"매칭후보(확인필요,site_name,0.80): 서울프라자 / 3/6/9/12 [사업장번호:BPD110144471]"
BPD110114086,호선파크빌오피스텔,,0319087228,2,2026-06-10,2026-06-22,0319087228_20260610110555.tif; 0319087228_20260622092952.tif,"자동매칭(고신뢰,account_name,1.00): (일산)호선오피스텔 / 호선파크빌오피스텔"
BPS010201017,남정골드프라자 9차,,0319089097,1,2026-06-18,2026-06-18,0319089097_20260618101217.tif,"자동매칭(고신뢰,account_name,1.00): (일산)남정골드프라자_빌딩 / 남정골드프라자9차"
BPS010201108,현대타운빌,,0319091112,1,2026-06-16,2026-06-16,0319091112_20260616145216.tif,"자동매칭(고신뢰,site_name,0.92): (일산)현대타운빌_아파트,1 / 현대타운빌 1동 1603호"
BPS010207108,일산청원레이크빌,,0319095115,1,2026-06-18,2026-06-18,0319095115_20260618133840.tif,"매칭후보(확인필요,account_name,0.80): (일산)청원레이크빌2_빌딩 / 청원레이크빌2 (1동 202호) [사업장번호:BPS010207108]"
BPD110187485,유니테크빌,0101030790104,0319097771,1,2026-06-17,2026-06-17,0319097771_20260617140310.tif,엑셀 매칭 실패 - 수동 확인 필요 | Claude교차확인 추가후보(0.55): BPD110114086 (일산)호선오피스텔(계좌명:호선파크빌오피스텔) 추정지역:일산
BPS010201091,일산테크노타운,,0319098112,1,2026-06-15,2026-06-15,0319098112_20260615104458.tif,엑셀 매칭 실패 - 수동 확인 필요 | Claude교차확인 추가후보(0.65): BPS010206043 (일산)현대홈타운3차_아파트(계좌명:일산3차현대홈타운아파트(888동101) 추정지역:일산
BPD110106953,굿모닝법조타운,,0319111499,1,2026-06-23,2026-06-23,0319111499_20260623135111.tif,엑셀 매칭 실패 - 수동 확인 필요 | Claude교차확인 추가후보(0.65): BPS010201046 [일산]동문굿모닝타워1차(128-82-81 63(계좌명:동문굿모닝타워1차(7777동 102호) 추정지역:일산
BPS010207018,일산동문아파트,0101-78516-9999,0319112465,1,2026-06-19,2026-06-19,0319112465_20260619150455.tif,"자동매칭(고신뢰,account_name,1.00): (일산)일산동문아파트_9999동101호 / 일산동문아파트(9999동101호)"
BPS010207083,신동아노블타워,,0319112531,1,2026-06-05,2026-06-05,0319112531_20260605111056.tif,"자동매칭(고신뢰,site_name,1.00): [일산]신동아노블타워 / ㈜구성컴퍼니 5628502158"
BPD110106280,양지3단지,0101855179999,0319114253,1,2026-06-16,2026-06-16,0319114253_20260616151900.tif,"자동매칭(고신뢰,site_name,0.93): (일산)양지3단지건영빌라 / 양지3단지 9999동101호 4월 고지서 -> 없음"
BPS010207074,성우사카르타워,,0319115087,1,2026-06-22,2026-06-22,0319115087_20260622100034.tif,"자동매칭(고신뢰,site_name,1.00): [일산]성우사카르타워(128-81-02853) / ㈜동아상사 1288102853"
BPD110132079,삼정프라자,,0319116523,1,2026-06-19,2026-06-19,0319116523_20260619135553.tif,"자동매칭(Claude비전확인+엑셀대조,고신뢰): 삼정프라자 / 엑셀사업장명:(일산)삼정프라자 / 계좌명:㈜청송안전씨스템 [사업장번호:BPD110132079]"
BPD110106234,성저건영5단지,,0319117608,1,2026-06-01,2026-06-01,0319117608_20260601172016.tif,"자동매칭(고신뢰,site_name,1.00): (일산)성저건영5단지 / 성저건영5단지"
BPS010207064,문촌11단지,0102-92095-8888,0319120463,3,2026-06-18,2026-06-26,0319120463_20260618113034.tif; 0319120463_20260618113226.tif; 0319120463_20260626091848.tif,"자동매칭(고신뢰,account_name,1.00): (일산) 문촌11건영_아파트 / 문촌11단지(8888동102호)"
BPS010207015,레이크타운,,0319120898,1,2026-06-02,2026-06-02,0319120898_20260602102840.tif,"자동매칭(고신뢰,account_name,0.94): (일산)레이크타운_C동101호(503-82-81570) 5038281570 / 레이크타운관리단"
BPS010207029,킨텍스양우내안애,0001-74439-8888,0319126332,1,2026-06-24,2026-06-24,0319126332_20260624164238.tif,"자동매칭(고신뢰,account_name,1.00): (일산)대화07양우파크_아파트 / 킨텍스양우내안애(8888동1호)"
BPS010207067,문촌15단지부영아파트,,0319128078,1,2026-06-10,2026-06-10,0319128078_20260610132426.tif,"자동매칭(고신뢰,site_name,0.90): (일산)문촌15부영_아파트 / 문촌15부영아파트"
BPD110132697,일산푸르지오,0003-91777-9999,0319129965,2,2026-06-19,2026-06-25,0319129965_20260619112841.tif; 0319129965_20260625153832.tif,"자동매칭(고신뢰,account_name,1.00): (일산)일산대우푸르지오 / 일산푸르지오(9999동3호)"
BPS010207012,강선8단지LG롯데아파트,0102-76161-0999,0319130591,1,2026-06-19,2026-06-19,0319130591_20260619090121.tif,"자동매칭(고신뢰,account_name,1.00): (일산)강선08럭키롯데_아파트 / 강선8단지LG롯데아파트(999동102호)"
BPS010207150,후곡마을동신,0001-72071-9999,0319132210,1,2026-06-22,2026-06-22,0319132210_20260622085729.tif,"자동매칭(고신뢰,account_name,1.00): (일산)후곡08동신_아파트 / 후곡마을동신(9999동1호)"
BPD110106247,성저마을건영14단지,0102767519999,0319136712,1,2026-06-23,2026-06-23,0319136712_20260623100443.tif,"자동매칭(고신뢰,account_name,1.00): (일산) 성저건영빌라14단지 / 성저마을건영14단지(9999동102호)"
BPS010207116,탄현마을7단지부영,0002-10389-9999,0319141343,1,2026-06-19,2026-06-19,0319141343_20260619104736.tif,"자동매칭(고신뢰,account_name,0.93): (일산)탄현07부영_아파트 / 탄현마을7단지부영9999동 2호"
BPS010207158,후곡마을태영17단지,0103-78522-9999,0319142066,1,2026-06-23,2026-06-23,0319142066_20260623115008.tif,"자동매칭(고신뢰,account_name,1.00): (일산)후곡17태영_아파트 / 후곡마을태영17단지(9999동103호)"
BPD110106222,다드림한마을,B999-2,0319143998,10,2026-06-05,2026-06-22,0319143998_20260605122715.tif; 0319143998_20260616095219.tif; 0319143998_20260616115723.tif,"매칭후보(확인필요,account_name,0.83): (덕양)행신동_탑프라자 / 다드림한마음 [사업장번호:BPD110106327] | Claude교차확인 추가후보(0.92): BPD110106222 (일산)하늘빌딩(계좌명:다드림한마음㈜) 추정지역:일산"
BPS010207090,양지마을4단지건영빌라,,0319144254,1,2026-06-19,2026-06-19,0319144254_20260619093841.tif,"자동매칭(고신뢰,site_name,1.00): 양지마을4단지건영빌라 / 3/6/9/12월 2만원 인상"
BPS010207155,후곡14단지청구,0003765511409,0319144858,1,2026-06-17,2026-06-17,0319144858_20260617094019.tif,"자동매칭(고신뢰,account_name,1.00): (일산)후곡14청구_아파트 / 후곡14단지청구(1409동3호)"
BPS010207103,장성마을4단지대명아파트,,0319145987,1,2026-06-02,2026-06-02,0319145987_20260602135929.tif,"자동매칭(고신뢰,account_name,1.00): (일산)장성04대명_아파트 / 장성마을4단지대명아파트"
BPS010207069,문촌마을신안,0102-78517-9999,0319146001,1,2026-06-23,2026-06-23,0319146001_20260623143143.tif,"자동매칭(고신뢰,account_name,1.00): (일산)문촌마을17신안_아파트(9999-102) / 문촌마을신안(9999동102호)"
,,,0319151080,1,2026-06-15,2026-06-15,0319151080_20260615171004.tif,"사업장명 판독 불가 - 분전반 사진(전기계량기 라벨)만 수신됨, 건물명 텍스트 없음. 수기 메모 '일산동 54-' 일부만 보임."
BPD110106292,그린월드빌딩,102 120239999,0319154017,1,2026-06-23,2026-06-23,0319154017_20260623151337.tif,"자동매칭(고신뢰,account_name,1.00): (일산)그린월드(9999-1 / 그린월드빌딩(9999동102호)"
BPD110106149,밤가시7단지아파트,0003782707777,0319155696,1,2026-06-19,2026-06-19,0319155696_20260619134302.tif,엑셀 매칭 실패 - 수동 확인 필요 | Claude교차확인 추가후보(0.98): BPD110112141 (일산)밤가시9단지(계좌명:밤가시9단지) 추정지역:일산
BPS010207113,탄현마을1차건영,0003-01565-8888,0319159626,2,2026-06-22,2026-06-22,0319159626_20260622084346.tif; 0319159626_20260622092646.tif,"자동매칭(고신뢰,account_name,1.00): (일산)탄현마을1차 건영_아파트 / 탄현마을1차건영(8888동3호)"
BPN021028517,킨텍스존,,0319161877,1,2026-06-19,2026-06-19,0319161877_20260619142637.tif,"자동매칭(고신뢰,site_name,0.88): (일산)킨텍스존_빌딩128-86-27859 / 하나종합관리(전자발행) 1288627859 [사업장번호:BPN021028517] (기존 'BPN' placeholder를 엑셀 수정 반영해 확정)"
BPS010207070,문촌18단지대원,0103-79483-9999,0319163193,1,2026-06-18,2026-06-18,0319163193_20260618085524.tif,"자동매칭(고신뢰,account_name,1.00): (일산)문촌18대원_아파트 / 문촌18단지대원(9999동103호)"
BPD110109332,시대프라자,,0319170164,1,2026-06-02,2026-06-02,0319170164_20260602092519.tif,"매칭후보(확인필요,site_name,0.88): [일산]시대프라자(101동104호)128-82-70488 1288270488 / 3/6/9/12_ [사업장번호:BPD110109332] | Claude교차확인 추가후보(0.50): BPS010208020 (파주)대방아파트(계좌명:파주대방노블랜드 / 대방아파트(납기는) 추정지역:일산"
BPD110118302,일산문촌9단지주공아파트,0102785589999,0319170668,1,2026-06-16,2026-06-16,0319170668_20260616101958.tif,엑셀 매칭 실패 - 수동 확인 필요 | Claude교차확인 추가후보(0.78): BPD110118302 (일산)문촌9단지 분양(계좌명:일산문촌9단 9999동102호) 추정지역:일산
BPS010207055,문촌마을 라이프아파트,,0319170845,2,2026-05-27,2026-06-19,0319170845_20260527143027.tif; 0319170845_20260619165125.tif,"자동매칭(고신뢰,account_name,1.00): (일산)문촌02라이프_아파트 / 문촌마을라이프아파트"
BPS010207078,성저마을풍림,0106-78504-9999,0319178368,1,2026-06-17,2026-06-17,0319178368_20260617095411.tif,"자동매칭(고신뢰,account_name,0.92): (일산)성저03풍림_아파트 / 성저마을3풍림(9999동106호)"
BPS010207010,강선마을6단지금호한양아파트,0102-76422-0888,0319179551,1,2026-06-17,2026-06-17,0319179551_20260617091441.tif,"매칭후보(확인필요,site_name,0.80): (일산)강선06금호한양_아파트 / 강선마을6단지(888동102호) fax)9551. 선입금(4월~) [사업장번호:BPS010207010]"
BPD110106290,문촌마을7단지,0006-10253-8888,0319185050,1,2026-06-12,2026-06-12,0319185050_20260612142625.tif,"자동매칭(고신뢰,account_name,1.00): (일산)문촌주공7단지(분양) / 문촌마을7단지(8888동6호)"
BPS010207059,문촌마을6단지,0105-78534-9999,0319189578,1,2026-06-18,2026-06-18,0319189578_20260618091726.tif,"자동매칭(고신뢰,account_name,1.00): (일산)문촌06기산_아파트 / 문촌마을6단지(9999동105호)"
BPS010207209,성저마을동익,0101785240999,0319191454,1,2026-06-24,2026-06-24,0319191454_20260624154119.tif,"자동매칭(고신뢰,account_name,0.90): (일산)성저01동익_아파트 / 성저마을동익999동101호_아파트"
BPS010207079,성저4단지 삼익아파트,0106-78101-0999,0319194575,1,2026-06-22,2026-06-22,0319194575_20260622104858.tif,"자동매칭(고신뢰,site_name,1.00): (일산)성저4단지삼익_아파트(삼익샤인빌) / 성저4단지삼익아파트(999동106호)"
BPS010207101,장성2단지대명아파트,0001-75529-9999,0319196443,1,2026-06-19,2026-06-19,0319196443_20260619120213.tif,"자동매칭(고신뢰,account_name,0.93): (일산)장성02대명_아파트 / 장성2단지대명아파트9999동01호"
BPS010207168,월드메르디앙관리운영회,9901112610001,0319198015,1,2026-06-19,2026-06-19,0319198015_20260619110508.tif,"자동매칭(고신뢰,account_name,1.00): (일산)월드메르디앙 / 월드메르디앙관리운영회(9901호) (99층 1호)"
BPS010201137,백석동문타워2차,0101-02716-7777,0319208402,1,2026-06-16,2026-06-16,0319208402_20260616160951.tif,"매칭후보(확인필요,site_name,0.89): [일산]백석동문타워2차7777동101호(128-82-80953) 1288280953 / 동문굿모닝타워2차관리단 fax) 031- 49160 [사업장번호:BPS010201137] | Claude교차확인 추가후보(0.59): BPS010201046 [일산]동문굿모닝타워1차(128-82-81 63(계좌명:동문굿모닝타워1차(7777동 102호) 추정지역:불명"
BPS010207131,일산동문1차아파트 관리사무소,,0319213289,3,2026-06-01,2026-06-01,0319213289_20260601172227.tif; 0319213289_20260601172423.tif; 0319213289_20260601172539.tif,"자동매칭(고신뢰,account_name,0.95): (일산)탄현 일산동문1차_아파트 / 일산동문1차아파트"
BPS010207122,탄현서광,0103-83080-6661,0319216223,1,2026-06-25,2026-06-25,0319216223_20260625132921.tif,"자동매칭(고신뢰,account_name,1.00): (일산)탄현12서광_아파트 / 탄현서광(6661동103호)"
BPS010207143,후곡1단지대우벽산아파트,,0319224087,1,2026-06-15,2026-06-15,0319224087_20260615141219.tif,"자동매칭(고신뢰,site_name,1.00): (일산)후곡1단지대우벽산_아파트 / 광인산업㈜후곡대우벽산아파트"
BPS010207125,탄현15단지효성,0101-92231-9999,0319228598,1,2026-06-22,2026-06-22,0319228598_20260622174235.tif,"자동매칭(고신뢰,account_name,1.00): (일산)탄현15효성_아파트 / 탄현15단지효성(9999동101호)"
BPS010206043,일산3차현대홈타운아파트,0101756870888,0319231195,1,2026-06-19,2026-06-19,0319231195_20260619103108.tif,"자동매칭(고신뢰,account_name,1.00): (일산)현대홈타운3차_아파트 / 일산3차현대홈타운아파트(888동101호)"
BPD110106277,일산일송노블레스,,0319233441,1,2026-06-22,2026-06-22,0319233441_20260622172631.tif,"자동매칭(고신뢰,site_name,1.00): (일산)일산일송노블레스 / 일산일송노블레스(1동9-991호)"
BPD110107192,포리치몰 관리단,,0319236237,1,2026-06-19,2026-06-19,0319236237_20260619132953.tif,"자동매칭(고신뢰,site_name,0.94): (일산)포리치몰 / 포리치몰"
BPD110106232,성저마을 건영빌라 9단지,,0319236712,1,2026-06-15,2026-06-15,0319236712_20260615113747.tif,"자동매칭(고신뢰,site_name,1.00): (일산)성저마을건영빌라9단지 / 성저마을건영빌라9단지(999동105호) / 성저마을 건영빌라 9단지 관리사무소"
BPS010207087,양우로데오랜드상가,,0319240268,1,2026-06-02,2026-06-02,0319240268_20260602084438.tif,"자동매칭(고신뢰,account_name,0.97): (일산)양우로데오랜드_빌딩 / 양우로데오랜드(A,B,C동)"
BPS10207092,우인아크리움빌2차,7701112820001,0319297003,2,2026-06-22,2026-06-22,0319297003_20260622101028.tif; 0319297003_20260622101715.tif,엑셀 매칭 실패 - 수동 확인 필요 | Claude교차확인 추가후보(0.68): BPS010201139 (일산)성우아뜨리움(계좌명:성우아뜨리움(8888동1호)) 추정지역:일산
BPS010207089,로데오시티플러스,,0319298001,1,2026-06-19,2026-06-19,0319298001_20260619094805.tif,"자동매칭(고신뢰,account_name,0.97): (일산)양우로데오시티플러스_빌딩 / 양우로데오시티플러스(7777동2호)"
BPS010201138,브라운스톤일산,0101757320999,0319308502,1,2026-06-18,2026-06-18,0319308502_20260618133908.tif,"자동매칭(고신뢰,account_name,1.00): (일산)백석브라운스톤 / 브라운스톤일산(999동101호)"
BPD110106146,웨스턴돔타워,0005403820888,0319315107,1,2026-06-22,2026-06-22,0319315107_20260622105214.tif,엑셀 매칭 실패 - 수동 확인 필요 | Claude교차확인 추가후보(0.36): BPS010201049 (일산)백석윈스턴파크 1차(계좌명:윈스턴1차(3동102호)) 추정지역:일산
BPD110106673,sk엠시티드라마파크상가,0903-80569-0003,0319318203,1,2026-06-19,2026-06-19,0319318203_20260619134219.tif,"자동매칭(고신뢰,account_name,0.92): (일산)SK MCITY 드라마파크(상가) / SK MCITY드라마파크(903호) sk엠시티드라마파크상가"
BPS010201166,일산 SK엠시티,0107022650999,0319319004,1,2026-06-22,2026-06-22,0319319004_20260622094537.tif,엑셀 매칭 실패 - 수동 확인 필요 | Claude교차확인 추가후보(0.50): BPS010203039 (덕양)식사동은행마을SK_아파트(계좌명:일산은행마을SK뷰(7777동1호)) 추정지역:일산
BPS010201080,일산우림보보카운티I관리사무소,,0319320093,1,2026-06-19,2026-06-19,0319320093_20260619150124.tif,"자동매칭(고신뢰,account_name,0.95): (일산)우림보보카운티1차 / 일산우림보보카운티I"
BPS010201049,원스턴1차,0102782630003,0319320731,2,2026-06-04,2026-06-19,0319320731_20260604155519.tif; 0319320731_20260619152805.tif,"자동매칭(Claude비전확인+엑셀대조,고신뢰): 원스턴1차 / 엑셀사업장명:(일산)백석윈스턴파크 1차 / 계좌명:윈스턴1차(3동102호) [사업장번호:BPS010201049]"
BPD110106142,남정씨티프라자1차,,0319320756,1,2026-06-18,2026-06-18,0319320756_20260618092312.tif,"자동매칭(고신뢰,site_name,1.00): [일산]남정씨티프라자1차(128-24-86281) / 남정씨티프라자1차(세금계산서에서 다계좌변경_202403월부터)"
BPS010201016,낙원프라자,,0319322026,1,2026-06-17,2026-06-17,0319322026_20260617105015.tif,"매칭후보(확인필요,account_name,0.89): (일산)낙원프라자1101호137-82-85888 / 일산낙원프라자(전자발행) 1378285888 [사업장번호:BPS010201016] | Claude교차확인 추가후보(0.50): BPD110106474 (구리-퇴계원)성원아파트(계좌명:남양주퇴계원성원(8888동4호)) 추정지역:일산"
BPS010201066,삼성메르헨하우스,9997108520001,0319323776,1,2026-06-16,2026-06-16,0319323776_20260616134342.tif,"자동매칭(고신뢰,site_name,1.00): (일산)삼성메르헨하우스 / 삼성메르헨하우스"
BPD110107011,풍동숲속마을9단지,0102915110999,0319329425,1,2026-06-22,2026-06-22,0319329425_20260622142500.tif,"자동매칭(고신뢰,site_name,0.94): (일산)풍동숲속마을9단지(999-1 / 숲속마을9단지(999동102호)/숲속마을9단지성원상떼빌"
BPD110106302,우경드림빌,,0319369968,1,2026-06-23,2026-06-23,0319369968_20260623144628.tif,"자동매칭(고신뢰,site_name,1.00): (일산)우경드림빌(탄현동) / B01호KT"
BPD110108802,행신주공프라자자치회,,0319380727,1,2026-06-22,2026-06-22,0319380727_20260622135347.tif,"엑셀 매칭 실패 - 수동 확인 필요 | Claude교차확인 추가후보(0.59): BPD110108518 (덕양)행신프라자(계좌명:행신프라자(KT-A,B,C)* 합산.) 추정지역:덕양"
BPD110106195,서정마을10단지 신동아타운하우스,,0319380935,1,2026-06-01,2026-06-01,0319380935_20260601110806.tif,"자동매칭(고신뢰,site_name,0.97): (덕양)서정마을10단지_신동아타운 / 서정마을10단지신동아타운하우스 생활문화지원실"
BPS010202039,풍림아파트,1016091318,0319383113,1,2026-06-19,2026-06-19,0319383113_20260619092924.tif,"매칭후보(확인필요-명칭이 너무 일반적(브랜드명 충돌 위험),site_name,0.93): (일산)성저03풍림_아파트 / 성저마을3풍림(9999동106호) [사업장번호:BPS010207078] | Claude교차확인 추가후보(0.65): BPS010202039 (덕양)소만8단지_풍림아파트(계좌명:소만마을풍림(8888동5호)) 추정지역:덕양"
BPD110109165,서정마을11단지 중흥에스클래스,,0319383503,1,2026-06-22,2026-06-22,0319383503_20260622104205.tif,"자동매칭(고신뢰,account_name,0.93): (덕양)행신중흥S클래스타운하우스9999동101호 / 서정11단지중흥에스클래스"
BPD110111294,행신윤창2차,0104783140200,0319384059,1,2026-06-17,2026-06-17,0319384059_20260617080331.tif,"자동매칭(고신뢰,site_name,1.00): (덕양)행신윤창2차 / 행신윤창2차(200동 103호,104호),51kww"
BPN021024451,고양서정2단지 LH주거행복지원센터,,0319385248,1,2026-06-16,2026-06-16,0319385248_20260616143758.tif,"자동매칭(확인,site_name,0.77): (덕양)고양서정2단지 주공아파트(108-81-38338) / 서림주택관리㈜_서정마을2 [사업장번호:BPN021024451] (LH가 주공 매입 후 'LH주거행복지원센터'로 개칭된 것으로 판단, 'BPN' placeholder를 엑셀 수정 반영해 확정)"
BPS010202065,햇빛마을20단지,0006-74221-8888,0319386666,1,2026-06-25,2026-06-25,0319386666_20260625135120.tif,"자동매칭(고신뢰,account_name,1.00): (덕양)햇빛20단지_아파트 / 햇빛마을20단지(8888동6호)"
BPS010202043,송악모노빌,,0319388065,1,2026-06-23,2026-06-23,0319388065_20260623102120.tif,"자동매칭(고신뢰,site_name,0.94): (덕양)송악모노빌_아파트 / 송악모노빌관리단 (없는번호)"
BPS010208120,숲속길마을3단지동문굿모닝힐,0102-79143-0999,0319391009,1,2026-06-22,2026-06-22,0319391009_20260622144050.tif,"자동매칭(고신뢰,site_name,1.00): (파주)숲속길마을3단지동문굿모닝힐 / 숲속길마을3단지동문굿모닝힐(999동102호)"
BPN021024171,봉일천성원아파트,,0319414404,1,2026-06-15,2026-06-15,0319414404_20260615162024.tif,"자동매칭(고신뢰,site_name,1.00): (파주)봉일천성원아파트 / 봉일천성원아파트 [사업장번호:BPN021024171] (기존 'BPN' placeholder를 엑셀 수정 반영해 확정)"
BPS010208080,금촌 후곡마을6단지,,0319416605,1,2026-06-11,2026-06-11,0319416605_20260611140343.tif,"자동매칭(고신뢰,site_name,1.00): (파주)금촌후곡마을6단지 / (파주)금촌후곡마을6단지_모분_에어컨_"
,,,0319419023,2,2026-06-22,2026-06-22,0319419023_20260622131658.tif; 0319419023_20260622131807.tif,"사업장명 미기재 - [9999동2호] 세대전기료 관리비 부과현황(당월 58,080원)만 인쇄됨, 건물명/상호명 텍스트 없음. 팩스번호 031-9419023. 수동 확인 필요."
BPS010208078,금촌쇠재5단지,0102-91266-0999,0319420614,1,2026-06-23,2026-06-23,0319420614_20260623165320.tif,"자동매칭(고신뢰,account_name,1.00): (파주)금촌쇠재마을5단지(999-102) / 금촌쇠재5단지(999동102호)"
BPS010208110,광탄동신라메르,0101-93749-0999,0319424066,1,2026-06-17,2026-06-17,0319424066_20260617082747.tif,"자동매칭(고신뢰,site_name,1.00): (파주)광탄동신라메르 / 광탄동신라메르(999동101호)"
BPD110113353,가람마을11단지,0101-77791-9999,0319434428,1,2026-06-19,2026-06-19,0319434428_20260619152017.tif,"자동매칭(고신뢰,site_name,1.00): (파주)가람마을11단지 / 가람마을11단지(9999동 101호)"
BPD110107284,봉일천 성호아파트,,0319436046,1,2026-06-23,2026-06-23,0319436046_20260623143205.tif,"자동매칭(고신뢰,site_name,1.00): (파주)봉일천 성호아파트 / 봉일천성호아파트"
BPS010208012,성원포레스타운,,0319445106,1,2026-06-15,2026-06-15,0319445106_20260615093557.tif,"자동매칭(고신뢰,site_name,1.00): (파주)성원포레스타운 / 성원포레스타운"
BPS010208010,"금촌 두보1,2차 아파트",,0319457476,1,2026-06-16,2026-06-16,0319457476_20260616131510.tif,"자동매칭(고신뢰,site_name,1.00): (파주)금촌두보1,2차아파트 / (파주)두보1,2차아파트"
BPS010208145,책향기마을14 우남퍼스트빌,0105-11456-9999,0319460654,1,2026-06-22,2026-06-22,0319460654_20260622151554.tif,"자동매칭(고신뢰,account_name,0.93): (파주)교하우남퍼스트빌9999동105호 / 책향기마을 14단지우남퍼스트빌"
BPS010208064,해솔마을2단지월드메르디앙,0101-92203-8888,0319467197,1,2026-06-22,2026-06-22,0319467197_20260622095647.tif,"자동매칭(고신뢰,account_name,1.00): (파주)교하1차 월드메르디앙 / 해솔마을2단지월드메르디앙(8888동101호)"
BPD110115167,한빛마을6단지,,0319467382,2,2026-06-05,2026-06-22,0319467382_20260605101019.tif; 0319467382_20260622130947.tif,"자동매칭(고신뢰,site_name,1.00): (파주)한빛마을6단지 / 파주운정한빛마을6단지999동101호"
BPS010208114,노을빛마을2단지,0102781910225,0319472084,1,2026-06-24,2026-06-24,0319472084_20260624105717.tif,"자동매칭(고신뢰,site_name,0.92): 노을빛마을2단지225동102호 / 노을빛마을2단지225동102호"
BPS010208132,노을빛마을1단지,0101-78185-0110,0319472391,1,2026-06-19,2026-06-19,0319472391_20260619144051.tif,"자동매칭(고신뢰,site_name,1.00): (파주)노을빛마을1단지(110-101) / 노을빛마을1단지(110동101호)"
BPD110107222,금촌1단지주공아파트,,0319480886,1,2026-06-01,2026-06-01,0319480886_20260601101645.tif,"자동매칭(고신뢰,site_name,1.00): (파주)금촌1단지주공아파트 / 금촌1단지주공아파트"
BPS010208020,대방아파트,,0319489353,1,2026-06-02,2026-06-02,0319489353_20260602105351.tif,"자동매칭(Claude비전확인+엑셀대조,고신뢰): 대방아파트 / 엑셀사업장명:(파주)대방아파트 / 계좌명:파주대방노블랜드 / 대방아파트 [사업장번호:BPS010208020]"
BPS010208116,교하진흥효자,0001796667777,0319495102,1,2026-06-19,2026-06-19,0319495102_20260619145313.tif,"자동매칭(고신뢰,site_name,1.00): (파주)교하진흥효자 / 교하진흥효자(7777동1호)"
BPS010208005,산내마을11단지현대아파트,0101854060888,0319495860,1,2026-06-18,2026-06-18,0319495860_20260618113748.tif,"자동매칭(고신뢰,account_name,1.00): (파주)산내마을11단지 현대(888-101) / 산내마을11단지현대아파트(888동101호)"
BPD110112975,가람마을남양휴튼,0103-67003-9999,0319499722,1,2026-06-22,2026-06-22,0319499722_20260622091933.tif,"자동매칭(고신뢰,site_name,1.00): (파주)가람마을남양휴튼 / 가람마을남양휴튼(9999동103호)"
BPD110114092,문산선유5단지휴먼시아,,0319520796,2,2026-06-10,2026-06-11,0319520796_20260610100202.tif; 0319520796_20260611090004.tif,"자동매칭(고신뢰,site_name,1.00): (파주)문산선유5단지휴먼시아 / 문산선유5단지휴먼시아"
BPS010208067,유승앙브와즈2단지,0201-10639-9999,0319570462,1,2026-06-24,2026-06-24,0319570462_20260624101321.tif,"자동매칭(고신뢰,site_name,1.00): (파주)유승앙브와즈2단지 / 유승앙브와즈2단지(9999동201호)"
BPD110208062,출판문화LH1단지,0103-96296-0999,0319571147,1,2026-06-17,2026-06-17,0319571147_20260617145638.tif,"자동매칭(고신뢰,account_name,0.95): 파주출판문화 LH1단지999동103호 / 파주출판문화LH1단지아파트"
BPS010208074,새꽃마을3단지,,0319575124,1,2026-06-10,2026-06-10,0319575124_20260610151534.tif,"자동매칭(고신뢰,account_name,1.00): (파주)새꽃마을금촌주공3단지 / 새꽃마을3단지"
BPD110112045,벽산우남연리지,0106-51025-9999,0319577705,1,2026-06-24,2026-06-24,0319577705_20260624102116.tif,"자동매칭(고신뢰,site_name,1.00): (파주)벽산우남연리지 / 벽산우남연리지(9999동106호)"
BPD110106187,푸른마을6단지풍림아이원,0103750440999,0319621059,1,2026-06-23,2026-06-23,0319621059_20260623103602.tif,"자동매칭(고신뢰,account_name,1.00): (덕양)푸른마을6단지_풍림아이원아파트 / 푸른마을6단지풍림아이원(999동103호)"
BPS010203011,관산동신성아파트,,0319622299,1,2026-06-02,2026-06-02,0319622299_20260602092210.tif,"자동매칭(고신뢰,site_name,1.00): (덕양)관산동신성_아파트 / 관산동신성아파트"
,,,0319626777,1,2026-06-09,2026-06-09,0319626777_20260609150303.tif,복구불가(거의 백지) - 팩스 헤더 외 인쇄 내용 없음.
BPN021029981,푸른마을4단지동익미라벨4차,0101-75073-0999,0319627795,1,2026-06-22,2026-06-22,0319627795_20260622145236.tif,"자동매칭(고신뢰,account_name,1.00): (덕양)동익미라벨4단지_아파트 / 푸른마을4단지동익미라벨4차(999동101호) [사업장번호:BPN021029981] (기존 'BPN' placeholder를 엑셀 수정 반영해 확정)"
BPS010203096,우방유쉘아파트,,0319629527,3,2026-06-08,2026-06-24,0319629527_20260608132319.tif; 0319629527_20260618160506.tif; 0319629527_20260624103429.tif,"자동매칭(고신뢰,site_name,0.97): (덕양)고양우방유쉘_아파트 / (덕양)고양우방유쉘_아파트"
BPD110140389,관산더퍼스트프라임,0101855690999,0319630955,1,2026-06-19,2026-06-19,0319630955_20260619152413.tif,"자동매칭(고신뢰,site_name,1.00): (덕양)관산더퍼스트프라임(999-101) / 관산더퍼스트프라임(아파트)999동101호"
BPS010203094,푸른마을5단지풍림아이원,0103-39015-0099,0319637682,1,2026-06-23,2026-06-23,0319637682_20260623105712.tif,"자동매칭(고신뢰,account_name,1.00): (덕양)푸른마을5단지_풍림아이원아파트 / 푸른마을5단지풍림아이원(999동103호)"
BPD110112462,푸른마을7단지풍림APT,0104-28193-0999,0319638827,1,2026-06-17,2026-06-17,0319638827_20260617090719.tif,"자동매칭(고신뢰,account_name,1.00): (덕양)고양동풍림아이원7단지 / 푸른마을7단지풍림APT(999동104호)"
BPS010203001,동익3단지아파트,0102767639999,0319644092,1,2026-06-22,2026-06-22,0319644092_20260622102840.tif,"자동매칭(고신뢰,account_name,1.00): (덕양)푸른마을_동익미라빌3단지_아파트 / 동익3단지아파트(9999동102호)"
BPS010203012,관산유승,0001755600999,0319644668,2,2026-06-16,2026-06-16,0319644668_20260616131010.tif; 0319644668_20260616131151.tif,"자동매칭(고신뢰,site_name,0.94): (덕양)관산유승_아파트 / 관산동 유승아파트"
BPS010203088,신안상가번영회,,0319653315,1,2026-06-09,2026-06-09,0319653315_20260609151352.tif,"매칭후보(확인필요,account_name,0.89): (덕양)달빛3단지 신안상가지하_BB-H / 신안상가번영회 29-40만원짜리 지급하는게 맞음!(*관리비69000원은 운용팀에서지급처리) [사업장번호:BPS010203088] | Claude교차확인 추가후보(0.71): BPD110106422 (구리)세신훼밀리상가번영회(계좌명:세신훼미리상가(111호). 연정액. ) 추정지역:덕양"
BPS010203077,대동피렌체,,0319653331,1,2026-06-01,2026-06-01,0319653331_20260601153606.tif,"자동매칭(고신뢰,site_name,0.94): (덕양)대동피렌체_아파트 / 대동피렌체주상복합아파트"
BPS010203048,신원당8단지삼보아파트,,0319657227,1,2026-06-16,2026-06-16,0319657227_20260616142652.tif,"자동매칭(고신뢰,account_name,1.00): (덕양)어울림마을삼보아파트_신원당8단지 / 신원당8단지삼보아파트"
BPS010203046,어울림마을6단지 태영아파트,,0319657656,1,2026-06-23,2026-06-23,0319657656_20260623170708.tif,"자동매칭(고신뢰,account_name,1.00): (덕양)신원당6태영_아파트 / 어울림마을6단지태영아파트"
BPS010203047,신원당 동신1차,0101005890706,0319665916,1,2026-06-23,2026-06-23,0319665916_20260623163430.tif,"자동매칭(고신뢰,account_name,1.00): (덕양)신원당7단지_동신1차_아파트 / 신원당동신1차(706동101호)"
BPS010203016,달빛2단지라이프,0103-01643-0888,0319666206,1,2026-06-23,2026-06-23,0319666206_20260623103606.tif,"자동매칭(고신뢰,account_name,1.00): (덕양)달빛2단지라이프_아파트 / 달빛2단지라이프(888동103호)"
BPS010203061,한성리츠빌,,0319670075,1,2026-06-22,2026-06-22,0319670075_20260622131121.tif,"자동매칭(고신뢰,account_name,1.00): (덕양)한성리츠빌_아파트 / 한성리츠빌"
BPD110189222,동원텔아파트,,0319670773,1,2026-06-24,2026-06-24,0319670773_20260624130031.tif,엑셀 매칭 실패 - 수동 확인 필요 | Claude교차확인 추가후보(0.55): BPD110135918 (덕양)성사동 성원코아(계좌명:) 추정지역:덕양
BPD110116831,동화빌딩,,0319673998,1,2026-06-09,2026-06-09,0319673998_20260609141810.tif,"자동매칭(Claude비전확인+엑셀대조,고신뢰): 동화빌딩 / 엑셀사업장명:(덕양)동화빌딩 / 계좌명:동화빌딩. 동화비엠 [사업장번호:BPD110116831]"
BPS010203040,성사어울림마을1단지동문,0102-75603-0888,0319676630,1,2026-06-19,2026-06-19,0319676630_20260619093701.tif,엑셀 매칭 실패 - 수동 확인 필요 | Claude교차확인 추가후보(0.88): BPS010203040 (덕양)성사어울림마을1단지888동102호_아파트(계좌명:신원당1단지동문아파트) 추정지역:덕양
BPD110115823,글로벌테마프라자,,0319686004,1,2026-06-22,2026-06-22,0319686004_20260622154116.tif,"자동매칭(고신뢰,site_name,1.00): 글로벌테마프라자 / 하나관리"
BPS010203017,달빛2단지부영,0103-75594-0888,0319691155,1,2026-06-25,2026-06-25,0319691155_20260625161050.tif,"자동매칭(고신뢰,account_name,1.00): (덕양)달빛2단지부영_아파트 / 달빛2단지부영(888동103호)"
BPD110106182,한화꿈에그린,0101104818888,0319691742,1,2026-06-22,2026-06-22,0319691742_20260622140902.tif,"자동매칭(고신뢰,account_name,1.00): (덕양)한화엘르빌_꿈의그린 / 한화꿈에그린(8888동101호)"
BPD110106179,푸른마을1단지 동익미라벨아파트,,0319697034,1,2026-06-04,2026-06-04,0319697034_20260604141829.tif,"자동매칭(고신뢰,account_name,1.00): (덕양)푸른마을_동익미라벨1단지 / 푸른마을1단지동익미라벨아파트"
BPS010203039,일산은행마을 SK뷰,0001-11442-7777,0319699339,1,2026-06-22,2026-06-22,0319699339_20260622142454.tif,"자동매칭(고신뢰,account_name,1.00): (덕양)식사동은행마을SK_아파트 / 일산은행마을SK뷰(7777동1호)"
BPS010202088,행신2차SKVIEW,0102-92471-9999,0319703340,1,2026-06-22,2026-06-22,0319703340_20260622094418.tif,"자동매칭(고신뢰,account_name,1.00): (덕양)행신 SKVIEW2차_아파트 / 행신2차SKVIEW(9999동102호)"
BPD110106823,능곡장미8차,0103-67597-0888,0319707324,1,2026-06-23,2026-06-23,0319707324_20260623104900.tif,"자동매칭(고신뢰,account_name,1.00): (덕양)능곡장미8차_아파트 / 능곡장미8차(888동103호)"
BPS010202006,대우마이빌 오피스텔,,0319708960,1,2026-06-22,2026-06-22,0319708960_20260622095307.tif,"자동매칭(고신뢰,account_name,1.00): (덕양)화정동_대우마이빌 / 대우마이빌 오피스텔"
BPS010202081,센트럴빌딩,815,0319710132,1,2026-06-24,2026-06-24,0319710132_20260624103617.tif,"자동매칭(Claude비전확인+엑셀대조,고신뢰): 센트럴빌딩 / 엑셀사업장명:(덕양)능곡 센트럴빌딩(고객번호 815) / 계좌명:다드림한마음㈜ [사업장번호:BPS010202081]"
BPS010202038,소만7단지 대명아파트,,0319712791,2,2026-06-11,2026-06-12,0319712791_20260611173541.tif; 0319712791_20260612143536.tif,"자동매칭(고신뢰,account_name,1.00): (덕양)소만7대명_아파트 / 소만7단지대명아파트"
BPS010202016,무원마을행신동신아파트,0104-00717-0999,0319715231,1,2026-06-22,2026-06-22,0319715231_20260622155605.tif,"자동매칭(고신뢰,site_name,0.94): 무원마을행신동신아파트999동104호 / 무원마을행신동신아파트999동104호"
BPS010202047,옥빛마을12단지,0102-37323-8888,0319718039,1,2026-06-22,2026-06-22,0319718039_20260622160115.tif,"자동매칭(고신뢰,account_name,1.00): (덕양)옥빛12신덕_아파트 / 옥빛마을12단지(8888동102호)"
BPS010202025,별빛마을8단지 부영아파트,,0319718367,1,2026-06-08,2026-06-08,0319718367_20260608144135.tif,"자동매칭(고신뢰,site_name,1.00): (덕양)별빛마을8단지부영_아파트 / 별빛마을8단지부영아파트 (상가번영회 따로있음)"
BPS010202026,별빛9단지,0107755690999,0319718580,1,2026-06-22,2026-06-22,0319718580_20260622131244.tif,"자동매칭(고신뢰,account_name,1.00): (덕양)별빛9한일벽산_아파트 / 별빛9단지(999동107호)"
BPN021027743,서정센텀퍼스티지,0101-48229-0999,0319721322,1,2026-06-24,2026-06-24,0319721322_20260624095954.tif,"자동매칭(고신뢰,account_name,1.00): (덕양)서정마을4단지_아파트 / 서정센텀퍼스티지(999동101호) [사업장번호:BPN021027743] (기존 'BPN' placeholder를 엑셀 수정 반영해 확정)"
BPD110106811,능곡대림,0004756007777,0319725857,1,2026-06-22,2026-06-22,0319725857_20260622093913.tif,"자동매칭(고신뢰,account_name,1.00): (덕양)능곡대림1차_아파트 / 능곡대림(7777동4호)"
BPS010202113,행신윤창아파트,0101-76419-0999,0319733203,1,2026-06-22,2026-06-22,0319733203_20260622155736.tif,"매칭후보(확인필요,site_name,0.86): (덕양)행신 윤창_아파트 / 행신윤창(999동101호) [사업장번호:BPS010202113]"
BPS010202062,햇빛마을18-1단지,0006-70375-6660,0319734464,1,2026-06-24,2026-06-24,0319734464_20260624091232.tif,"자동매칭(고신뢰,account_name,1.00): (덕양)햇빛18-1단지_아파트 / 햇빛마을18-1단지(6660동6호)"
BPS010202010,동양트레벨2차,0101063540999,0319736665,1,2026-06-24,2026-06-24,0319736665_20260624095750.tif,엑셀 매칭 실패 - 수동 확인 필요 | Claude교차확인 추가후보(0.72): BPS010202010 (덕양)동양트레빌II_아파트(계좌명:동양트레벨II 999동101호) 추정지역:덕양
BPN021026785,요진타워,,0319737891,1,2026-06-05,2026-06-05,0319737891_20260605154445.tif,"자동매칭(고신뢰,account_name,0.95): [덕양]요진타워_빌딩(128-81-18729) / ㈜와이제이코퍼레이션 1288118729 [사업장번호:BPN021026785] (기존 'BPN' placeholder를 엑셀 수정 반영해 확정)"
BPS010202018,무원마을6단지 두산아파트,,0319742070,1,2026-06-18,2026-06-18,0319742070_20260618115437.tif,"자동매칭(고신뢰,site_name,1.00): (덕양)무원마을6단지두산_아파트 / 무원마을두산아파트(888동101호)"
BPS010202044,행신 SK VIEW,0101853410999,0319742320,1,2026-06-22,2026-06-22,0319742320_20260622131620.tif,"자동매칭(고신뢰,account_name,1.00): (덕양)행신동 SK아파트 9999동_VIEW / 행신SKVIEW(999동101호)"
BPS010202063,햇빛18-2단지,,0319745995,1,2026-06-25,2026-06-25,0319745995_20260625162315.tif,"자동매칭(고신뢰,site_name,0.96): (덕양)햇빛18-2단지_아파트 / 햇빛마을18-2단지아파트"
BPD110106323,SK뷰3차,0103-79810-0999,0319746508,1,2026-06-15,2026-06-15,0319746508_20260615102829.tif,"자동매칭(고신뢰,account_name,1.00): (덕양)행신동SK VIEW3차_아파트 / SK뷰3차(999동103호)"
BPD110189149,중산마을5단지 건영동부아파트,0004-76602-9999,0319751806,1,2026-06-01,2026-06-01,0319751806_20260601162759.tif,"자동매칭(고신뢰,account_name,1.00): (일산)중산5단지건영동부9999동4호 / 중산마을5단지건영동부아파트(9999동4호)"
BPS010206036,중산9,0105756810999,0319755732,1,2026-06-18,2026-06-18,0319755732_20260618092056.tif,"자동매칭(Claude비전확인+엑셀대조,고신뢰): 중산9 / 엑셀사업장명:(일산)중산9단지두산한성_아파트 / 계좌명:중산9 (999동 106호, 105호) [사업장번호:BPS010206036]"
BPD110106316,일산역이안,,0319759214,1,2026-06-23,2026-06-23,0319759214_20260623143811.tif,"자동매칭(고신뢰,account_name,1.00): (일산)일산역 대우이안아파트_ / 일산역이안(1동9911호,9921호)"
BPS010206017,일산 월드메르디앙,0101853380999,0319763977,1,2026-06-24,2026-06-24,0319763977_20260624104659.tif,"자동매칭(고신뢰,account_name,1.00): (일산)월드메르디앙_아파트 / 일산월드메르디앙(999동101호)"
BPS010206038,청원네이처빌,0101853400108,0319771643,1,2026-06-20,2026-06-20,0319771643_20260620162953.tif,"자동매칭(고신뢰,account_name,1.00): (일산)청원네이처빌_아파트 / 청원네이처빌(108동101호)"
BPD110106214,하늘마을5단지,,0319773320,1,2026-06-15,2026-06-15,0319773320_20260615141437.tif,"자동매칭(고신뢰,account_name,1.00): (일산)하늘마을주공5 999동102호 / 하늘마을5단지"
BPS010206015,일산에이스9차아파트,,0319773547,1,2026-06-22,2026-06-22,0319773547_20260622162132.tif,"자동매칭(고신뢰,account_name,1.00): (일산)에이스9차_아파트 / 일산에이스9차아파트"
BPS010202029,샘터2단지,,0319781205,2,2026-06-24,2026-06-24,0319781205_20260624142121.tif; 0319781205_20260624172133.tif,"자동매칭(고신뢰,account_name,1.00): (덕양)샘터2단지(분양)_아파트 / 샘터2단지(888동108호)"
BPS010202040,풍림상가,,0319781261,1,2026-06-17,2026-06-17,0319781261_20260617135637.tif,"매칭후보(확인필요,account_name,0.90): (덕양)소만8단지(풍림)상가_BB-H / 7호 / 지하KT(B02호)/풍림상가 ….(고장) -> [사업장번호:BPS010202040]"
BPD110108518,행신프라자,,0319784190,1,2026-06-15,2026-06-15,0319784190_20260615133131.tif,"자동매칭(Claude비전확인+엑셀대조,고신뢰): 행신프라자 / 엑셀사업장명:(덕양)행신프라자 / 계좌명:행신프라자(KT-A,B,C) [사업장번호:BPD110108518]"
BPS010202039,소만마을풍림,0005-05385-8888,0319785821,2,2026-05-29,2026-06-23,0319785821_20260529131202.tif; 0319785821_20260623151940.tif,"자동매칭(고신뢰,account_name,1.00): (덕양)소만8단지_풍림아파트 / 소만마을풍림(8888동5호)"
BPN021028883,고양행신서정1단지 LH주거행복지원센터,,0319787088,2,2026-05-29,2026-06-22,0319787088_20260529112001.tif; 0319787088_20260622151632.tif,"자동매칭(고신뢰,site_name,0.9x): (덕양)서정마을1단지_아파트(108-81-38338) / 고양행신서정1단지납기30일... [사업장번호:BPN021028883] ('서정마을1단지'와 '행신서정1단지' 일치, 'BPN' placeholder를 엑셀 수정 반영해 확정)"
BPS010202053,우경싸이트빌,,0319788504,1,2026-06-18,2026-06-18,0319788504_20260618105317.tif,"자동매칭(고신뢰,site_name,0.95): (덕양)우경싸이트빌_아파트 / 우경싸이트빌 선입금"
BPD110106799,예일프라자,,0319790239,1,2026-06-12,2026-06-12,0319790239_20260612152007.tif,"매칭후보(확인필요,site_name,0.80): 일산프라자 / 분기납. 종량제 [사업장번호:BPD110106159]"
BPS010202077,능곡2차현대홈타운,0103920619999,0319792140,1,2026-06-22,2026-06-22,0319792140_20260622100544.tif,"자동매칭(고신뢰,account_name,1.00): (덕양)능곡2차현대홈타운_아파트 / 능곡2차현대홈타운(9999동103호)"
BPN021028150,서정마을3단지,,0319794054,1,2026-06-19,2026-06-19,0319794054_20260619131518.tif,"매칭후보(확인필요,site_name,0.86): 정발마을3단지 / 월정액 (당월에 입금하기. 미리입금X. 중순~월말에 입금) [사업장번호:BPD110112202] | Claude교차확인 추가후보(1.01): BPN (덕양)서정마을4단지_아파트(계좌명:서정센텀퍼스티지(999동101호)) 추정지역:덕양"
BPS010202052,옥빛마을17단지,0103-78539-1715,0319798852,1,2026-06-22,2026-06-22,0319798852_20260622133326.tif,"자동매칭(고신뢰,account_name,1.00): (덕양)옥빛17주공_아파트 / 옥빛마을17단지(1715동103호)"
BPS010201046,동문굿모닝타워1차,,0319947871,1,2026-06-16,2026-06-16,0319947871_20260616105458.tif,"자동매칭(고신뢰,account_name,1.00): [일산]동문굿모닝타워1차(128-82-81 63 / 동문굿모닝타워1차(7777동 102호)"
BPD110106788,신영프라자,,0319973451,1,2026-06-19,2026-06-19,0319973451_20260619134454.tif,"자동매칭(Claude비전확인+엑셀대조,고신뢰): 신영프라자 / 엑셀사업장명:(덕양)신영프라자 / 계좌명:신영프라자(하절기에어컨비용참고) [사업장번호:BPD110106788]"
BPD110106512,케이티 구리지사,,05050414202,1,2026-06-23,2026-06-23,05050414202_20260623133206.tif,엑셀 매칭 실패 - 수동 확인 필요 | Claude교차확인 추가후보(0.43): BPD110106436 구리인창주공6단지아파트999동101호(계좌명:구리인창6단지아파트) 추정지역:불명
,,,05080880230,1,2026-06-19,2026-06-19,05080880230_20260619105502.tif,제외대상(전기료 고지서 아님) - 중소기업 법정의무교육 안내 광고 팩스 오수신.
,,,05080891124,1,2026-06-08,2026-06-08,05080891124_20260608115824.tif,제외대상(전기료 고지서 아님) - 법정의무교육 무상지원 안내 광고 팩스 오수신.
,,,05080893777,1,2026-06-12,2026-06-12,05080893777_20260612102753.tif,제외대상(전기료 고지서 아님) - 산업용 냉풍기 무상지원 안내 광고 팩스 오수신.
,,,05080895490,1,2026-06-23,2026-06-23,05080895490_20260623135110.tif,제외대상(전기료 고지서 아님) - 산업용 청소기 무상지원 안내 광고 팩스 오수신.
BPS010207171,문촌13단지 대우유토피아,0002780937777,07075891400,1,2026-06-19,2026-06-19,07075891400_20260619091812.tif,"자동매칭(고신뢰,account_name,0.92): (일산)문촌13단지대우_아파트(대우유토피아) / 대우유토피아(7777동2호)"
BPS010201034,로스텔오피스텔,,"(파일명 기반, 팩스번호 미확인)",,,,6월_로스텔오피스텔.tif,"자동매칭(Claude비전확인+엑셀대조,고신뢰,파일명 기반): 엑셀사업장명:(일산)로스텔_오피스텔(128-80-14463) [사업장번호:BPS010201034]"
BPD110116455,크리스탈빌딩,,"(파일명 기반, 팩스번호 미확인)",,,,6월_크리스탈빌딩.tif,"자동매칭(고신뢰,account_name,1.00): (일산)크리스탈빌딩_128-80-17932종이 / 크리스탈빌딩(1008호)"
BPD110106530,흥화오피스텔,,"(파일명 기반, 팩스번호 미확인)",,,,6월_흥화오피스텔.tif,"매칭후보(확인필요,account_name,0.89): (구리)흥화브라운오피스텔 / 흥화오피스텔(999동101호) 종이세금계산서 1328011655 [사업장번호:BPD110106530]"
BPS010201034,로스텔오피스텔,,"(파일명 기반, 팩스번호 미확인)",,,,로스텔오피스텔.tif,"자동매칭(Claude비전확인+엑셀대조,고신뢰,파일명 기반): 엑셀사업장명:(일산)로스텔_오피스텔(128-80-14463) [사업장번호:BPS010201034]"
BPD110116455,크리스탈빌딩,1008039290001,"(파일명 기반, 팩스번호 미확인)",,,,크리스탈빌딩.tif,"자동매칭(고신뢰,account_name,1.00): (일산)크리스탈빌딩_128-80-17932종이 / 크리스탈빌딩(1008호)"
,,,,,,,,
--- 아래는 경기북부 엑셀양식.xlsx 참고용 전체 사업장 목록입니다 (위 자동매칭에 사용됨) ---,,,,,,,,
사업장번호,사업장명,계좌명,,,,,,
BPS010203046,(덕양)신원당6태영_아파트,어울림마을6단지태영아파트,,,,,,
BPS010207090,양지마을4단지건영빌라,3/6/9/12월 2만원 인상,,,,,,
BPS010206009,(일산)산들6단지베르빌_아파트,"산들마을6단지(9999동 101호),모자분리",,,,,,
BPS010404063,(구리-남양주)V004_평내대명_아파트,평내대명아파트,,,,,,
BPD110106650,[의정부]금강프라자(131-81-43689),㈜청송안전씨스템 1318143689,,,,,,
BPS010203035,화정씨네마플러스9999호,민들레개발㈜,,,,,,
BPS010409053,(양평)삼익아파트,양수삼익(999동101호),,,,,,
BPD110106290,(일산)문촌주공7단지(분양),문촌마을7단지(8888동6호),,,,,,
BPS010201017,(일산)남정골드프라자_빌딩,남정골드프라자9차,,,,,,
BPD110115565,(구리)리버뷰오피스텔,리버뷰오피스텔,,,,,,
BPS010208020,(파주)대방아파트,"파주대방노블랜드 / 대방아파트(납기는5일이나7,8일까지괜춘) /. 5월 선금 처리",,,,,,
BPD110106417,(구리)구리두산아파트[ ],구리두산아파트. 360원 빼고 지출,,,,,,
BPD110106764,(의정부)궁전오피스텔,(의정부)궁전오피스텔_격월. 팩스 미전송(26 776 번호 없음,,,,,,
BPD110106281,(일산)양지마을1단지건영빌라,양지마을1단지,,,,,,
BPD110106415,(구리)고덕프라자[ ],고덕프라자(2동9901호),,,,,,
BPS010207087,(일산)양우로데오랜드_빌딩,"양우로데오랜드(A,B,C동)",,,,,,
BPS010203011,(덕양)관산동신성_아파트,관산동신성아파트,,,,,,
BPD110106521,(구리)유현아파트,사업장철거예정(2021.08.31),,,,,,
BPD110106195,(덕양)서정마을10단지_신동아타운,서정마을10단지신동아타운하우스 생활문화지원실,,,,,,
BPS010201102,(일산)현대밀라트1차,현대밀라트1차,,,,,,
BPS010403084,(구리)V026LG아름마을,아름마을LG아파트9999동1호,,,,,,
BPS010202019,무원신우아파트705동101호,무원신우아파트. 사무실팩스,,,,,,
BPS010201056,(일산)백송7임광_아파트,백송마을7단지임광아파트,,,,,,
BPS010203045,(덕양)신원당5단지_대명아파트,신원당5단지 대명아파트,,,,,,
BPS010201097,(일산)하이베라스,"반기납,케이투산업개발",,,,,,
BPS010207131,(일산)탄현 일산동문1차_아파트,일산동문1차아파트,,,,,,
BPS010207055,(일산)문촌02라이프_아파트,문촌마을라이프아파트,,,,,,
BPD110106523,(의정부)호원미도,호원미도아파트,,,,,,
BPD110106179,(덕양)푸른마을_동익미라벨1단지,푸른마을1단지동익미라벨아파트,,,,,,
BPS010201088,(일산)중앙하이츠빌_(주)엠피에스(128-82-83829),"중앙하이츠(7777동102호). 팩스번호도 같고, 이름도 같은 다른 A유형 사업장이 있네",,,,,,
BPS010402026,(의정부)금오거성,금오거성아파트,,,,,,
BPD110112141,(일산)밤가시9단지,밤가시9단지,,,,,,
BPD110189489,(일산)정발건영1단지,정발마을1단지,,,,,,
BPD110112144,(일산)정발건영2단지,정발마을2단지,,,,,,
BPD110205445,경중앙(제일시장BBC),사단법인의정부제일시장,,,,,,
BPD110116831,(덕양)동화빌딩,동화빌딩. 동화비엠,,,,,,
BPS010201030,장항라페스타관리사무소(128-82-70246),라페스타쇼핑몰관리단,,,,,,
BPS010201030,장항라페스타관리사무소(128-82-70246) 1288270246,"라페스타쇼핑몰관리단,880kw 이수미",,,,,,
BPD110106158,(일산)백송10단지건영,백송10단지건영빌라아파트,,,,,,
BPS010207083,[일산]신동아노블타워,㈜구성컴퍼니 5628502158,,,,,,
BPD110106222,(일산)하늘빌딩,다드림한마음㈜,,,,,,
BPD110106423,(구리-남양주)창현대주피오레아파트,창현대주피오레아파트,,,,,,
BPS010201141,(일산)플로스타위너스21-II,신풍플로스타(901호),,,,,,
BPS010201065,[일산]삼성마이다스오피스텔(176-82-71375),삼성마이다스오피스텔관리단,,,,,,
BPS010203088,(덕양)달빛3단지 신안상가지하_BB-H,신안상가번영회 29-40만원짜리 지급하는게 맞음!(*관리비69000원은 운용팀에서지급처리),,,,,,
BPS010208114,노을빛마을2단지225동102호,노을빛마을2단지225동102호,,,,,,
BPS010201095,(일산)풍동에이스12차아파트 무응3/26,에이스12차아파트,,,,,,
BPD110106144,(일산)장항이스턴시티,이스턴시티관리단,,,,,,
BPN021026785,[덕양]요진타워_빌딩(128-81-18729),㈜와이제이코퍼레이션 1288118729,,,,,,
BPD110106311,[일산]일산현해프라자1동801호(128-86-25851) 1288625851,㈜건웅종합관리,,,,,,
BPD110106311,[일산]일산현해프라자1동801호(128-86-25851) 본사,㈜건웅종합관리,,,,,,
BPS010207067,(일산)문촌15부영_아파트,문촌15부영아파트,,,,,,
BPS010404074,(구리-남양주)창현두산1차_아파트,창현두산1차아파트,,,,,,
BPD110108518,(덕양)행신프라자,"행신프라자(KT-A,B,C)* 합산. 전화번호/팩스번호 오류…..; 어디녜자꾸. KT라고 10번말해도 관리사무소라고 못알아들으심",,,,,,
BPS010208074,(파주)새꽃마을금촌주공3단지,새꽃마을3단지,,,,,,
BPD110106684,(파주)봉일천동문1차아파트,격월,,,,,,
BPS010207149,(일산)후곡07동성_아파트,모자분리20190815,,,,,,
BPS010203048,(덕양)어울림마을삼보아파트_신원당8단지,신원당8단지삼보아파트,,,,,,
BPS010202038,(덕양)소만7대명_아파트,소만7단지대명아파트,,,,,,
BPD110114092,(파주)문산선유5단지휴먼시아,문산선유5단지휴먼시아,,,,,,
BPD110114086,(일산)호선오피스텔,호선파크빌오피스텔,,,,,,
BPD110115464,(일산)유진스웰1차아파트,1/4/7/10월,,,,,,
BPS010203096,(덕양)고양우방유쉘_아파트,(덕양)고양우방유쉘_아파트,,,,,,
BPS010201008,(일산)강촌7단지(코오롱)아파트,(일산)강촌7단지아파트,,,,,,
BPS010202040,(덕양)소만8단지(풍림)상가_BB-H / 7호,지하KT(B02호)/풍림상가 ….(고장) ->,,,,,,
BPN021028305,(덕양)글로리아프라자_빌딩,글로리아프라자,,,,,,
BPD110128138,[양평]오리온 양평연수원부대시설709-81-00727,오리온연수원 (연수원부대시설),,,,,,
BPD110128075,[양평]오리온 양평연수원,오리온연수원 (연수원),,,,,,
BPD110119071,(덕양)능곡 세신훼미리타운212호(128-82-78817),세신훼밀리타운관리단,,,,,,
BPD110106654,[의정부]신곡세명프라자302호(127-47-49074=>851-88-01633),신우비엠(851-88-01633) 8518801633,,,,,,
BPS010207143,(일산)후곡1단지대우벽산_아파트,광인산업㈜후곡대우벽산아파트,,,,,,
BPD110106201,(덕양)무원마을2단지_삼보8888동102호,무원삼보아파트,,,,,,
BPS010201025,(일산)동양메이저타워,동양메이저타워(9901호),,,,,,
BPS010203077,(덕양)대동피렌체_아파트,대동피렌체주상복합아파트,,,,,,
BPS010201116,(일산)효성레제스,효성레제스오피스텔,,,,,,
BPS010201034,(일산)로스텔_오피스텔(128-80-14463),종이세금계산서 로스텔오피스텔(1동9991호),,,,,,
BPD110106461,(의정부)호원한승,호원한승아파트(종이팩스),,,,,,
BPS010206036,(일산)중산9단지두산한성_아파트,"중산9 (999동 106호, 105호)",,,,,,
BPS010206031,(일산)중산12단지현대_아파트,모자분리20200219,,,,,,
BPS010207103,(일산)장성04대명_아파트,장성마을4단지대명아파트,,,,,,
BPS010207108,(일산)청원레이크빌2_빌딩,청원레이크빌2 (1동 202호),,,,,,
BPD110137533,(의정부)우미쁘띠린1차,의정부우미쁘띠린1차 / -> 없는번호,,,,,,
BPD110214304,(의정부)우미쁘띠린2차,의정부우미쁘띠린2차 / -> 없는번호,,,,,,
BPS010402059,(의정부)신곡신성벽산,(의정부)신곡신성벽산,,,,,,
BPS010208010,"(파주)금촌두보1,2차아파트","(파주)두보1,2차아파트",,,,,,
BPS010207156,(일산)후곡15건영_아파트,후곡마을15단지건영아파트(2장),,,,,,
BPS010405027,(구리-덕소)벽산_아파트,덕소벽산아파트,,,,,,
BPS010208080,(파주)금촌후곡마을6단지,(파주)금촌후곡마을6단지_모분_에어컨_,,,,,,
BPS010207144,(일산)후곡02동양대창_아파트,후곡2단지동양대창아파트,,,,,,
BPD110106402,(의정부)녹양현대9999동101호,의정부녹양현대,,,,,,
BPS010402103,(의정부)용현금용,용현금용아파트,,,,,,
BPD110106602,(의정부)호원롯데,호원동롯데아파트,,,,,,
BPD110191300,구리_삼성생명,"제이제이로빈(삼성생명구리빌딩),.. 2/1~28, 4/1~30 각각 청구서 발견해서 입금함. 3/1~31 청구서 발견 못함",,,,,,
BPD110107222,(파주)금촌1단지주공아파트,금촌1단지주공아파트,,,,,,
BPS010203041,(덕양)신원당2단지_태영아파트,신원당2단지태영아파트,,,,,,
BPD110108511,(덕양)행신동 골드프라자,㈜다드림한마음,,,,,,
BPD110106324,(덕양)행신동_GL프라자,㈜다드림한마음,,,,,,
BPS010201110,(일산)대우로얄마트_아파트,대우로얄마트상가번영회,,,,,,
BPD110106234,(일산)성저건영5단지,성저건영5단지,,,,,,
BPD110106233,(일산)성저건영6단지,성저건영6단지,,,,,,
BPS010201079,(일산)영림브레아-II(212-82-72103) 2128272103,영림브레아II오피스텔,,,,,,
BPD110106327,(덕양)행신동_탑프라자,다드림한마음,,,,,,
BPD110112905,[일산]서륭빌딩(110-81-62511),"서륭프라자,148kw",,,,,,
BPD110106412,(의정부)탑석드림캐슬,송산주공4단지999동101호,,,,,,
BPD110106145,[일산]동양생명빌딩,지에스컴퍼니 일산 5488503054,,,,,,
BPD110106145,[일산]동양생명빌딩(128-85-26964),동양생명 일산,,,,,,
BPN021024451,(덕양)고양서정2단지 주공아파트(108-81-38338),서림주택관리㈜_서정마을2,,,,,,
BPS010201059,[일산]비잔티움오피스텔99동9901호(128-82-81,비잔티움일산 1288281078,,,,,,
BPN021028150,(덕양)고양행신3단지_아파트(108-81-38338) 1088138338,서림주택관리㈜_서정마을3,,,,,,
BPN021024171,(파주)봉일천성원아파트,봉일천성원아파트,,,,,,
BPD110116455,(일산)크리스탈빌딩_128-80-17932종이,크리스탈빌딩(1008호),,,,,,
BPS010202046,(덕양)행신동 예일센스빌2차_아파트,예일센스빌2차,,,,,,
BPD110106317,(일산)예일센스빌3차,다드림한마음㈜,,,,,,
BPS010207125,(일산)탄현15효성_아파트,탄현15단지효성(9999동101호),,,,,,
BPS010208011,(파주)두보3차 아파트,두보3차아파트,,,,,,
BPD110109618,(의정부)아크라티움,아크라티움(999동105호),,,,,,
BPS010201108,"(일산)현대타운빌_아파트,1",현대타운빌 1동 1603호,,,,,,
BPS010207199,(일산)탄현01경남진로_아파트,모자분리완료(2023.9),,,,,,
BPD110106653,[의정부]비콘드림시티,비콘드림씨티오피스텔(301동101호),,,,,,
BPD110208062,파주출판문화 LH1단지999동103호,파주출판문화LH1단지아파트,,,,,,
BPD110106323,(덕양)행신동SK VIEW3차_아파트,SK뷰3차(999동103호),,,,,,
BPN021024361,(덕양)GL리치빌_빌딩,㈜다드림한마음,,,,,,
BPS010202025,(덕양)별빛마을8단지부영_아파트,별빛마을8단지부영아파트 (상가번영회 따로있음),,,,,,
BPS010208110,(파주)광탄동신라메르,광탄동신라메르(999동101호),,,,,,
BPS010201053,(일산)백송3단지우성_아파트,백송마을우성(888동104호) (정선희),,,,,,
BPS010403040,(구리)E018삼성래미안_아파트,구리토평삼성래미안(999동3호),,,,,,
BPS010207139,[일산]한강세이프빌(220-87-88348),대륙상사 2208788348,,,,,,
BPS010406066,(동두천)_에이스5차_아파트(V021),에이스5차아파트,,,,,,
BPS010409071,(양평)SK뷰아파트,양평SK뷰아파트,,,,,,
BPS010207158,(일산)후곡17태영_아파트,후곡마을태영17단지(9999동103호),,,,,,
BPS010406042,(동두천)_생연건영_아파트(V008),동두천건영아파트(999동102호),,,,,,
BPS010403086,(구리)토평SK신일_아파트,토평SK신일(999동2호),,,,,,
BPD110106428,(구리)수택성원상떼빌,수택성원상떼빌(8888동1호),,,,,,
BPS010206023,(일산)중산3단지 일신건영_아파트,중산마을3단지일신건영아파트,,,,,,
BPS010411046,(의정부)백석동화3차,동화3차아파트,,,,,,
BPS010206043,(일산)현대홈타운3차_아파트,일산3차현대홈타운아파트(888동101호),,,,,,
BPS010206038,(일산)청원네이처빌_아파트,청원네이처빌(108동101호),,,,,,
BPD110106430,(의정부)신도브래뉴2차3차,신도브래뉴2.3차아파트,,,,,,
BPS010404068,(구리-남양주)V009_세종_아파트,평내세종아파트/평내세종리젠시빌(999동102호),,,,,,
BPN021028517,(일산)킨텍스존_빌딩128-86-27859,하나종합관리(전자발행) 1288627859,,,,,,
BPS010402068,(의정부)신곡신일2차,신일2차아파트,,,,,,
BPD110106374,(양평_가평)가평파란채아파트,가평파란채(999동101호),,,,,,
BPS010403088,(구리)한가람E034_아파트,구리한가람아파트(999동106호),,,,,,
BPD110106425,(구리-남양주)금곡명지 해뜨는터,금곡명지해드는터(7777동1호),,,,,,
BPD110113133,(구리-남양주)호평두산위브,호평두산위브파크(999동103호),,,,,,
BPD110106277,(일산)일산일송노블레스,일산일송노블레스(1동9-991호),,,,,,
BPS010203057,(덕양)장원프라자_BB-H,장원매니지먼트주식회사,,,,,,
BPS010201032,[일산]고양로데오탑(112-81-39490신),아산종합관리(주) 1128139490,,,,,,
BPS010207049,(일산)중앙하이츠빌II_관리사무소,덕이동중앙하이츠빌Ⅱ_일산 서구 덕이로,,,,,,
BPD110106288,(일산)한라밀라트3,한라밀라트III(999동101호),,,,,,
BPD110111294,(덕양)행신윤창2차,"행신윤창2차(200동 103호,104호),51kww",,,,,,
BPD110189148,(일산)백송3단지(한신),백송3단지한신아파트(9999동104호),,,,,,
BPD110222108,구리(남양주)호평오네뜨센트럴아파트9999동109호,구리(남양주)호평오네뜨센트럴아파트,,,,,,
BPD110106626,(의정부)청학주공1단지,청학1단지주공아파트,,,,,,
BPD110106237,(일산)가좌1단지양우아파트,가좌양우내안애아파트,,,,,,
BPS010206042,(일산)현대홈타운2차_아파트,일산2차현대홈타운(999동201호),,,,,,
BPS010201047,[일산]백석역동문굿모닝힐1차,백석역동문굿모닝힐1 999동102호 fax)0663 (128-80-09989) (610-82-89884) (646-15-01852) => 모자분리 완료,,,,,,
BPS010207221,(일산)문촌19신우_아파트,문촌신우아파트(1913동9호),,,,,,
BPD110106400,(동두천)-송우-세창선단마을아파트,세창선단마을,,,,,,
BPS010202047,(덕양)옥빛12신덕_아파트,옥빛마을12단지(8888동102호),,,,,,
BPD110108082,산내들우미린아파트생활지원센터,양주고읍우미린(9999동1호),,,,,,
BPS010201111,(일산)호수2현대,일산호수마을2단지(888동102호),,,,,,
BPS010201115,(일산)호수그린_아파트,호수그린오피스텔,,,,,,
BPS010201137,[일산]백석동문타워2차7777동101호(128-82-80953) 1288280953,동문굿모닝타워2차관리단 fax) 031- 49160,,,,,,
BPD110106791,(일산)강선10단지한양,강선한양(9999동3호),,,,,,
BPS010203012,(덕양)관산유승_아파트,관산동 유승아파트,,,,,,
BPD110188829,(동의정부)민락폴리프라자 (고지서),폴리프라자(1001호),,,,,,
BPS010411081,(의정부)송추푸른마을,송추푸른마을(8888동102호),,,,,,
BPS010201048,(일산)백석우림보보카운티,백석우림보보카운티(9901호),,,,,,
BPS010207024,(일산)킨텍스자이,킨텍스자이(999동101호),,,,,,
BPD110106497,(구리-퇴계원)오남두산1차아파트,오남리두산1차(9999동4호),,,,,,
BPS010208012,(파주)성원포레스타운,성원포레스타운,,,,,,
BPS010208116,(파주)교하진흥효자,교하진흥효자(7777동1호),,,,,,
BPS010207005,(일산)강선01대우벽산_아파트,강선마을대우벽산(8888동3호),,,,,,
BPS010201049,(일산)백석윈스턴파크 1차,윈스턴1차(3동102호),,,,,,
BPD110106518,(의정부)호원신도5차,신도5차(9999동1호),,,,,,
BPD110106605,(의정부)광사나래아파트,나래(999동102호),,,,,,
BPD110106530,(구리)흥화브라운오피스텔,흥화오피스텔(999동101호) 종이세금계산서 1328011655,,,,,,
BPN021029981,(덕양)동익미라벨4단지_아파트,푸른마을4단지동익미라벨4차(999동101호),,,,,,
BPS010203039,(덕양)식사동은행마을SK_아파트,일산은행마을SK뷰(7777동1호),,,,,,
BPD110162090,(구리-남양주)신성푸른솔아파트,신성푸른솔(9999동6호)(2023.12.01 모자분리),,,,,,
BPS010202060,"(덕양)능곡 풍림아이원1,2차_아파트",능곡풍림아이원(999동2호),,,,,,
BPD110106468,(의정부)호원신일엘리시움,호원신일엘리시움(7777동2호),,,,,,
BPD110106142,[일산]남정씨티프라자1차(128-24-86281),남정씨티프라자1차(세금계산서에서 다계좌변경_202403월부터),,,,,,
BPS010414061,(구리-퇴계원)양지청구9999동4호,남양주양지리청구아파트,,,,,,
BPS010201080,(일산)우림보보카운티1차,일산우림보보카운티I,,,,,,
BPD110106225,(일산)중산1단지두산,중산1단지두산(113동108호),,,,,,
BPD110106442,(구리-남양주)금곡신도브레뉴,금곡신도브래뉴(999동102호),,,,,,
BPS010202073,(덕양)행신벽산_아파트,행신벽산(9999동105호),,,,,,
BPD110106149,(일산)건영빌라밤가시7단지7777동3호,밤가시마을건영7단지,,,,,,
BPS010207025,(일산)대화02한라비발디,대화한라비발디(9999동2호),,,,,,
BPD110106788,(덕양)신영프라자,신영프라자(하절기에어컨비용참고),,,,,,
BPS010207089,(일산)양우로데오시티플러스_빌딩,양우로데오시티플러스(7777동2호),,,,,,
BPS010207078,(일산)성저03풍림_아파트,성저마을3풍림(9999동106호),,,,,,
BPS010202042,(덕양)소만9단지부영아파트(999-7),소만마을9단지부영아파트(999동7호),,,,,,
BPS010202054,(덕양)장미7차_BB-H,장미7차(999동1호),,,,,,
BPD110106384,(동두천)-송우-대방샤인빌아파트,포천대방노블랜드1차아파트9999동1호,,,,,,
BPS010404080,(구리-남양주)V021_삼창_아파트,무응답,,,,,,
BPS010207236,(일산)성저마을13단지건영_아파트,일산성저건영빌라13단지999동101호 fax) ???,,,,,,
BPS010201143,(일산)백석대우이안,대우이안오피스텔(9999동 101호),,,,,,
BPS010201138,(일산)백석브라운스톤,브라운스톤일산(999동101호),,,,,,
BPS010201151,(일산)숲속마을4단지,풍동숲속마을주공4단지(888동1호),,,,,,
BPS010207038,(일산)영림브레아_빌딩,영림브레아1집합건물(8888동102호),,,,,,
BPD110106187,(덕양)푸른마을6단지_풍림아이원아파트,푸른마을6단지풍림아이원(999동103호),,,,,,
BPS010201078,(일산)양우드라마시티,양우드라마시티(7777동1호),,,,,,
BPS010207154,(일산)후곡13태영_아파트,후곡13태영(9999동4호),,,,,,
BPS010202077,(덕양)능곡2차현대홈타운_아파트,능곡2차현대홈타운(9999동103호),,,,,,
BPS010206017,(일산)월드메르디앙_아파트,일산월드메르디앙(999동101호),,,,,,
BPS010403081,(구리)E011_토평한일,토평한일(999동102호),,,,,,
BPD110106811,(덕양)능곡대림1차_아파트,능곡대림(7777동4호),,,,,,
BPS010208145,(파주)교하우남퍼스트빌9999동105호,책향기마을 14단지우남퍼스트빌,,,,,,
BPS010207116,(일산)탄현07부영_아파트,탄현마을7단지부영9999동 2호,,,,,,
BPS010202005,(덕양)토당동 고양대림2차_아파트,고양대림 999동 104호,,,,,,
BPD110109928,(의정부)LH고읍6단지,양주고읍6단지999동 101호,,,,,,
BPD110207302,별사랑마을 2-5단지,별사랑마을2-5단지(9999동104호),,,,,,
BPS010201021,(일산)동문굿모닝힐2차_아파트,굿모닝힐2차(7777동1호),,,,,,
BPS010201156,(일산)숲속마을6단지 두산위브,숲속마을두산위브(999동101호),,,,,,
BPS010403044,(구리)인창성원2차_아파트,구리인창2차성원(999동101호),,,,,,
BPS010207209,(일산)성저01동익_아파트,성저마을동익999동101호_아파트,,,,,,
BPS010207088,(일산)양우로데오시티_오피스텔,양우로데오시티관리위원회 / 사무실,,,,,,
BPD110106390,(동두천)-포천-극동2차스타클래스,극동2차아파트(999동102호),,,,,,
BPS010202043,(덕양)송악모노빌_아파트,송악모노빌관리단 (없는번호),,,,,,
BPD110106502,(구리-남양주)마석삼신16차아파트,삼신(9999동101호). 1월분 전기료 31800원인데 35990원 입금했네? 일단 냅두자구,,,,,,
BPS010201139,(일산)성우아뜨리움,성우아뜨리움(8888동1호),,,,,,
BPD110106621,(의정부)금오주공3단지,금오주공3단지,,,,,,
BPS010203044,(덕양)신원당3단지 동신2차_아파트,신원당동신2차(888동106호) fax) 0833,,,,,,
BPS010207147,(일산)후곡05영풍한진_아파트,후곡마을5단지507동101호,,,,,,
BPS010203037,(덕양)식사동 은행마을2단지동문_아파트,은행2동문(888동103호),,,,,,
BPS010207051,(일산)동아넥서스_빌딩(동하넥서스),다드림한마음㈜ 동하넥서스,,,,,,
BPS010201005,(일산)강촌5-1라이프_아파트,강촌라이프1차(6661동104호),,,,,,
BPS010201009,(일산)강촌8우방_아파트,일산강촌8단지우방(7777동4호),,,,,,
BPS010207155,(일산)후곡14청구_아파트,후곡14단지청구(1409동3호),,,,,,
BPS010202021,(덕양)백산오피스텔_아파트141-81-04548,다드림한마음㈜(전자발행),,,,,,
BPD110115823,글로벌테마프라자,하나관리,,,,,,
BPS010207168,(일산)월드메르디앙,월드메르디앙관리운영회(9901호) (99층 1호),,,,,,
BPS010409047,(양평)그린1차_아파트,양평그린1차아파트,,,,,,
BPD110189149,(일산)중산5단지건영동부9999동4호,중산마을5단지건영동부아파트(9999동4호),,,,,,
BPD110106230,(일산)한솔빌딩(한솔코아),한솔코아빌딩. 모자분리 사업장(26년 02월),,,,,,
BPS010207012,(일산)강선08럭키롯데_아파트,강선8단지LG롯데아파트(999동102호),,,,,,
BPS010203016,(덕양)달빛2단지라이프_아파트,달빛2단지라이프(888동103호),,,,,,
BPS010202062,(덕양)햇빛18-1단지_아파트,햇빛마을18-1단지(6660동6호),,,,,,
BPS010202039,(덕양)소만8단지_풍림아파트,소만마을풍림(8888동5호),,,,,,
BPD110106800,(구리)경기도 구리시 건원대로 76번길,구리인창주공4단지(999동103호) 건원대로76번길,,,,,,
BPD110106395,(동두천)-포천-대방2차노블랜드아파트(9999-101),포천2차대방노블랜드(9999동101호),,,,,,
BPS010207010,(일산)강선06금호한양_아파트,강선마을6단지(888동102호) fax)9551. 선입금(4월~),,,,,,
BPD110156517,(일산)두산위브더제니스,일산두산위브더제니스(999동107호),,,,,,
BPD110106522,(구리-남양주)다남프라자(132-82-64272),다남프라자(1동B101호) 1328264272,,,,,,
BPD110106522,(구리-남양주)다남프라자,다남프라자(1동B101호)132-82-64272,,,,,,
BPS010207047,(일산)덕이동문3차_아파트,덕이동문3차(8888동2호),,,,,,
BPS010207115,탄현마을6단지(888동102호),탄현마을6단지(888동102호),,,,,,
BPS010201046,[일산]동문굿모닝타워1차(128-82-81 63,동문굿모닝타워1차(7777동 102호),,,,,,
BPS010202016,무원마을행신동신아파트999동104호,무원마을행신동신아파트999동104호,,,,,,
BPS010201016,(일산)낙원프라자1101호137-82-85888,일산낙원프라자(전자발행) 1378285888,,,,,,
BPS010404145,(구리-남양주)창현두산2차_아파트,"남양주창현두산2차(8888동106호), 창현두산2차아파트 fax)2664",,,,,,
BPS010208067,(파주)유승앙브와즈2단지,유승앙브와즈2단지(9999동201호),,,,,,
BPS010207152,(일산)후곡마을10임광서안_아파트,후곡10단지(8888동5호),,,,,,
BPD110119771,(구리-남양주)마석장미아파트,마석장미아파트,,,,,,
BPD110106155,[일산]일산재능빌딩(128-85-12515),㈜재능교육일산사업장 1288512515,,,,,,
BPD110110495,(양평)코아루리버펠리스999동201호,양평코아루리버팰리스,,,,,,
BPS010201038,(일산)백마1단지삼성_아파트,백마1단지삼성(999동104호),,,,,,
BPD110106203,(덕양)무원마을9단지_기산,무원마을9단지(999동103호),,,,,,
BPS010414049,(구리-퇴계원)V009-E031_오남성도,남양주오남성도아파트,,,,,,
BPS010206015,(일산)에이스9차_아파트,일산에이스9차아파트,,,,,,
BPS010202044,(덕양)행신동 SK아파트 9999동_VIEW,행신SKVIEW(999동101호),,,,,,
BPS010202049,(덕양)옥빛13일신건영_아파트,옥빛마을13단지 / -> 모자분리,,,,,,
BPS010207079,(일산)성저4단지삼익_아파트(삼익샤인빌),성저4단지삼익아파트(999동106호),,,,,,
BPS010201107,(일산)현대에뜨레보_아파트,현대에뜨레보오피스텔(7777동102호),,,,,,
BPD110108026,(덕양)고양동풍림10단지(푸른마을),푸른마을10단지(9999동104호),,,,,,
BPD110137122,(의정부)양주프라자1차127-80-29828,양주자이프라자1차(1동9902호) 1278029828,,,,,,
BPD110209716,동의정부(폴리프라자4),낙양폴리프라자4(1001호),,,,,,
BPS010208095,(파주)한빛마을3단지 자유로I_park(999-1,자유로I'Park(999동102호),,,,,,
BPD110112975,(파주)가람마을남양휴튼,가람마을남양휴튼(9999동103호),,,,,,
BPD110106375,(동두천)_양주패션칼라산업단지,양주패션칼라산업단지,,,,,,
BPD110106601,(의정부)호원월드한아름,월드한아름아파트9999동1호,,,,,,
BPD110106481,(구리-남양주)금곡미라보,금곡미라보아파트(999동105호),,,,,,
BPS010208064,(파주)교하1차 월드메르디앙,해솔마을2단지월드메르디앙(8888동101호),,,,,,
BPS010403007,구리금호1(999동2호),구리금호1차(999동2호),,,,,,
BPS010207123,(일산)탄현13삼환_아파트,탄현13단지삼환(999동103호),,,,,,
BPD110106625,(의정부)녹양휴먼시아3단지,녹양휴먼시아3(9999동2호),,,,,,
BPD110111559,(구리-퇴계원)진접센트레빌시티 1단지,진접센트레빌시티1단지(9999동104호),,,,,,
BPS010201057,(일산)백송8단지(선경)_아파트,백송마을8단지,,,,,,
BPS010201113,(일산)호수4단지,호수마을4단지럭키롯데아파트,,,,,,
BPS010407030,(의정부)용현그랜드,용현그랜드아파트(6666동1호),,,,,,
BPS010403082,(구리)E014_한진그랑빌_,구리한진그랑빌아파트(999동102호) 인창해모로아파트,,,,,,
BPS010208122,(파주)교하신동아파밀리에,교하신동아파밀리에(9999동2호),,,,,,
BPD110106493,(구리-퇴계원)진건세아,진건세아(103동101호),,,,,,
BPD110106823,(덕양)능곡장미8차_아파트,능곡장미8차(888동103호),,,,,,
BPS010203001,(덕양)푸른마을_동익미라빌3단지_아파트,동익3단지아파트(9999동102호),,,,,,
BPS010201120,(일산)흰돌5단지 서안_아파트,흰돌서안(9999동102호),,,,,,
BPD110106247,(일산) 성저건영빌라14단지,성저마을건영14단지(9999동102호),,,,,,
BPD110106452,경기구리시인창동동문굿모닝힐2차9999동101호,인창동동문굿모닝힐관리사무소,,,,,,
BPD110106673,(일산)SK MCITY 드라마파크(상가),SK MCITY드라마파크(903호) sk엠시티드라마파크상가,,,,,,
BPS010208171,(파주)교하15단지상록데시앙,교하15단지상록데시앙(9999동102호),,,,,,
BPS010202050,(덕양)옥빛14단지_부영아파트,옥빛14단지(9999동104호),,,,,,
BPS010202065,(덕양)햇빛20단지_아파트,햇빛마을20단지(8888동6호),,,,,,
BPD110106276,(일산)성저마을15단지건영빌라,성저건영15단지(9999동1호),,,,,,
BPS010207029,(일산)대화07양우파크_아파트,킨텍스양우내안애(8888동1호),,,,,,
BPS010208118,(파주)책향기마을10단지동문굿모닝힐,GTX운정 동문 디 이스트 아파트(9999동2호),,,,,,
BPD110106214,(일산)하늘마을주공5 999동102호,하늘마을5단지,,,,,,
BPS010402045,(의정부)신곡삼환,신곡삼환아파트,,,,,,
BPS010207059,(일산)문촌06기산_아파트,문촌마을6단지(9999동105호),,,,,,
BPS010207145,(일산)후곡03현대_아파트,후곡마을3단지현대(888동3호),,,,,,
BPS010202053,(덕양)우경싸이트빌_아파트,우경싸이트빌 선입금,,,,,,
BPS010409046,(구리-덕소)V001-덕소현대_아파트,덕소현대(999동5호),,,,,,
BPS010201042,(일산)백마5쌍용한성_아파트,백마마을한성쌍용APT(9999동4호),,,,,,
BPS010207171,(일산)문촌13단지대우_아파트(대우유토피아),대우유토피아(7777동2호),,,,,,
BPS010411050,(의정부)백석가야5차(써니빌),백석가야5차(999동1호),,,,,,
BPS010201075,(일산)풍동쌍용스위트닷홈apt_아파트,풍동쌍용아파트,,,,,,
BPD110106316,(일산)일산역 대우이안아파트_,"일산역이안(1동9911호,9921호)",,,,,,
BPS010405011,(구리-덕소)_쌍용스윗닷홈Ntopia,덕소쌍용스윗닷홈리버9999동103호,,,,,,
BPS010414039,(구리-퇴계원)오남신우아이딜2차,남양주오남신우아이딜2차8888동1호,,,,,,
BPD110118302,(일산)문촌9단지 분양,일산문촌9단 9999동102호,,,,,,
BPS010403037,(구리)우방아파트,구리우방아이유쉘(999동2호),,,,,,
BPD110106218,(일산)일산2차휴먼빌,일산2차휴먼빌(999동102호),,,,,,
BPD110106457,(구리-덕소)우림루미아트,덕소우림루미아트(9999동1호),,,,,,
BPD110106151,(일산)로데오메탈릭타워,로데오메탈릭타워,,,,,,
BPS010402094,(의정부)신곡은하수,은하수아파트,,,,,,
BPS010411082,(의정부)백석희망,양주시희망아파트,,,,,,
BPD110117238,(구리-퇴계원)별내포스코,별내더샵(9999동103호),,,,,,
BPD110112045,(파주)벽산우남연리지,벽산우남연리지(9999동106호),,,,,,
BPD110106185,(덕양)세창짜임주상복합아파트,세창짜임주상복합아파트,,,,,,
BPS010414030,(구리-퇴계원)오남유호,유호N플러스빌(999동102호),,,,,,
BPS010202009,(덕양)동도센트리움_아파트,동도센트리움(999동101호),,,,,,
BPS010201096,(일산)백마중앙하이츠_아파트,백마역중앙하이츠빌1(7777동1호),,,,,,
BPS010402052,(의정부)신곡현대,신곡현대(9999동103호),,,,,,
BPD110110416,(의정부)고읍주공8단지,양주고읍8단지(999동101호),,,,,,
BPS010207061,(일산)문촌08동아_아파트(관리과장오류),문촌동아(660동103호),,,,,,
BPD110106515,(구리)다산리버펠리체999동3호_,남양아이좋은집(999동3호),,,,,,
BPS010201066,(일산)삼성메르헨하우스,삼성메르헨하우스,,,,,,
BPD110132697,(일산)일산대우푸르지오,일산푸르지오(9999동3호),,,,,,
BPS010201068,(일산)성우레이크하임,레이크하임(999동101호),,,,,,
BPD110106495,(의정부)신곡대우,신곡대우(8888동104호),,,,,,
BPS010404059,(구리-남양주)평내중흥3단지아파트[ ],평내중흥S-클래스3단지9999동1호,,,,,,
BPD110110566,(의정부)고읍휴먼시아5단지(900-2),양주고읍휴먼시아5단지(900동2호),,,,,,
BPD110113353,(파주)가람마을11단지,가람마을11단지(9999동 101호),,,,,,
BPN021027743,(덕양)서정마을4단지_아파트,서정센텀퍼스티지(999동101호),,,,,,
BPD110111742,(구리-퇴계원)진접신도브래뉴아파트 (999-101),진접신도브래뉴아파트(9999동101호),,,,,,
BPD110112483,(양평)현대성우3단지아파트(9999-101),양평현대성우3차(9999동101호),,,,,,
BPS010414052,(구리-퇴계원)V012_E050_오남한국_,오남1차한국(999동102호),,,,,,
BPS010207018,(일산)일산동문아파트_9999동101호,일산동문아파트(9999동101호),,,,,,
BPD110106501,(의정부)장암현대2차(9999-3),장암현대2차(9999동3호),,,,,,
BPS010201150,(일산)풍동숲속마을8단지 주공_아파트,풍동숲속마을주공8단지(999동102호),,,,,,
BPD110110562,(의정부)호원신도101아파트,신도101(999동102호) sk꺼와 착각,,,,,,
BPD110106451,(의정부)금오주공그린빌1단지,금오주공그린빌1단지(9999동101호),,,,,,
BPS010207027,대화마을일신건영휴먼빌(9999동102호),킨텍스휴먼빌(9999동102호),,,,,,
BPD110106534,(구리)인창이편한세상아파트,구리인창e-편한세상(999동101호),,,,,,
BPD110107373,(구리-퇴계원)장현주공3단지,장현휴먼시아3단지9999동1호,,,,,,
BPD110106341,(동두천)-옥정세창-아파트(E005,세창리베하우스(9999동1호),,,,,,
BPS010207113,(일산)탄현마을1차 건영_아파트,탄현마을1차건영(8888동3호),,,,,,
BPD110109165,(덕양)행신중흥S클래스타운하우스9999동101호,서정11단지중흥에스클래스,,,,,,
BPS010207052,(일산)코오롱레이크폴리스2_7777동103호,모자분리완료,,,,,,
BPS010201031,(일산)코오롱 레이크폴리스1차,코오롱레이크폴리스1차(C동101호),,,,,,
BPD110111552,(일산)하늘마을6단지,센트럴더포레(611동1호),,,,,,
BPD110107192,(일산)포리치몰,포리치몰,,,,,,
BPS010403080,(구리-남양주)도농 한신,다산한신휴플러스(9999동1호),,,,,,
BPD110106803,(구리-남양주)호평쌍용스윗닷홈,호평쌍용스윗닷홈(9999동101호),,,,,,
BPD110106490,(구리-퇴계원)진건한신3차아파트,한신그린3차아파트999동101호,,,,,,
BPS010208005,(파주)산내마을11단지 현대(888-101),산내마을11단지현대아파트(888동101호),,,,,,
BPD110108730,(의정부)호원우남2차,호원우남2차(999동1호),,,,,,
BPS010207150,(일산)후곡08동신_아파트,후곡마을동신(9999동1호),,,,,,
BPS010207172,(일산)삼라마이다스2_빌딩(103-101),삼라마이다스빌II(303-82-77189) 3038277189,,,,,,
BPD110112150,(구리-퇴계원)반도유보라 메이플타운,반도유보라메이플타운(9999동601호),,,,,,
BPD110106302,(일산)우경드림빌(탄현동),B01호KT,,,,,,
BPS010201026,(일산)백석 두산위브 무응,백석두산위브(9999동103호),,,,,,
BPD110186658,동두천-지행주공2차,동두천뜨란채지행주공2단지(9999동2호),,,,,,
BPS010207101,(일산)장성02대명_아파트,장성2단지대명아파트9999동01호,,,,,,
BPD110106634,(의정부)금오우암센스뷰,우암센스뷰(999동102호),,,,,,
BPD110109160,(구리-퇴계원)진접원일플로라,원일플로라(9999동101호),,,,,,
BPS010202034,(덕양)소만3단지_늘푸른아파트,(덕양)소만3단지_아파트,,,,,,
BPS010201147,(일산)백석윈스턴파크2차,윈스턴2차(3동101호)/윈스턴파크II,,,,,,
BPS010201002,(일산)강촌1동아_아파트,강촌1단지동아아파트,,,,,,
BPS010207073,(일산)삼성스위트,삼성스위트(7777동1호),,,,,,
BPS010201051,(일산)백송2단지 대림_아파트,백송대림아파트(999동7호),,,,,,
BPD110106235,(일산)성저건영빌라7단지,일산성저건영7단지(9999동102호) f,,,,,,
BPS010207046,(일산)덕이동문2차_아파트,덕이동문2차(8888동1호),,,,,,
BPS010404113,(구리-남양주)E030_호평한화꿈에그린_,한화꿈에그린아파트(9999동101호). (***** 8888동 101호 따로있음!!!),,,,,,
BPD110106143,[일산]성암빌딩(128-25-10959),"성암,61kw",,,,,,
BPS010207074,[일산]성우사카르타워(128-81-02853),㈜동아상사 1288102853,,,,,,
BPS010207026,(일산)대화03동문1차_아파트,대화마을3단지동문(999동1호) 킨텍스굿모닝힐,,,,,,
BPS010201058,(일산)백송두산 9999동105호,백송9단지두산아파트,,,,,,
BPS010403042,(구리)토평 상록,구리토평상록(9999동6호),,,,,,
BPD110106623,(의정부)의정부에스케이-뷰,의정부에스케이-뷰(9999동1호)  의정부가능sk뷰,,,,,,
BPD110106359,(동두천)_양주현진에버빌2단지(덕계),양주현진에버빌2단지(8888동1호),,,,,,
BPD110106474,(구리-퇴계원)성원아파트,남양주퇴계원성원(8888동4호),,,,,,
BPD110106494,(구리-퇴계원)진건현대 (105-2),진건현대(105동2호),,,,,,
BPD110112462,(덕양)고양동풍림아이원7단지,푸른마을7단지풍림APT(999동104호),,,,,,
BPN021028304,(덕양)우정프라자_빌딩,우정프라자(999호),,,,,,
BPD110106768,(구리-덕소)세양청마루아파트,덕소세양청마루(999동101호),,,,,,
BPD110111748,(구리-퇴계원)진접휴먼시아24단지 (9999-103),진접24단지휴먼시아(9999동103호),,,,,,
BPD110106138,(일산)강촌한양6단지,강촌한양(603동106호),,,,,,
BPS010207077,(일산)성저02세경_아파트,성저2단지세경(8888동102호). 성저마을2단지아파트,,,,,,
BPS010202063,(덕양)햇빛18-2단지_아파트,햇빛마을18-2단지아파트,,,,,,
BPD110132079,(일산)삼정프라자,㈜청송안전씨스템,,,,,,
BPD110128727,(일산)현해프라자(탄현동),㈜청송안전씨스템 F:,,,,,,
BPD110107339,(구리-퇴계원)진접롯데캐슬아파트[ ],진접롯데캐슬(9999동103호),,,,,,
BPD110113855,(일산)라이저빌딩,라이저오피스텔(9904호)전자212-81-55882. 24일발급. 27일까지 지출해달래,,,,,,
BPD110111998,(동두천)-전곡_예일쎄띠앙(9999-101),전곡예일세띠앙(9999동101호),,,,,,
BPD110106734,(의정부)건영캐스빌아파트,용현동건영캐스빌(8888동1호) / 두달분아닌데 두달분으로 날짜입력했네???,,,,,,
BPS010404060,(구리)E022_평내상록_,남양주상록데시앙(9999동101호) 평내상록데시앙,,,,,,
BPN021028883,(덕양)서정마을1단지_아파트(108-81-38338),고양행신서정1단지납기30일. 7월 가산금 있음. 1088138338,,,,,,
BPD110106480,연합드림관리_평내메인프라자(8801호) (622-82-64101),메인프라자 상가번경회(연합드림에서 변경) 6228264101,,,,,,
BPS010202018,(덕양)무원마을6단지두산_아파트,무원마을두산아파트(888동101호),,,,,,
BPD110106292,(일산)그린월드(9999-1,그린월드빌딩(9999동102호),,,,,,
BPS010406040,(동두천)_상패주공_아파트(V023),동두천상패주공아파트,,,,,,
BPS010208172,(파주)교하13단지상록경남아너스아파트(9999-4),상록경남아너스빌(9999동4호),,,,,,
BPS010207036,[일산]삼운트루아오피스텔_99동 04호(107-82-74944),삼운트루아오피스텔관리단,,,,,,
BPS010414037,(구리-퇴계원)오남신동아_아파트,오남신동아파밀리에(9999동103호),,,,,,
BPS010202051,(덕양)옥빛16단지_아파트,옥빛마을16단지(9999동103호),,,,,,
BPS010414038,(구리-퇴계원)E013_오남파라다이스빌- (9999-1),오남파라다이스빌(9999동1호),,,,,,
BPS010207065,(일산)문촌12유승_아파트,문촌12단지유승(9999동103호),,,,,,
BPD110106466,(구리-남양주)신창현두산위브아파트,신창현두산위브(999동101호),,,,,,
BPS010207070,(일산)문촌18대원_아파트,문촌18단지대원(9999동103호),,,,,,
BPS010201003,(일산)강촌2단지한신_아파트,강촌마을한신(8888동2호),,,,,,
BPS010208120,(파주)숲속길마을3단지동문굿모닝힐,숲속길마을3단지동문굿모닝힐(999동102호),,,,,,
BPS010404049,(구리-남양주)E011_평내효성타운,평내효성타운(999동1호),,,,,,
BPS010403077,(구리)토평 주공,구리토평주공아파트(999동101호),,,,,,
BPD110106189,(덕양) 명지캐럿86주상복합상가(격월),격월,,,,,,
BPD110107011,(일산)풍동숲속마을9단지(999-1,숲속마을9단지(999동102호)/숲속마을9단지성원상떼빌,,,,,,
BPD110106280,(일산)양지3단지건영빌라,양지3단지 9999동101호 4월 고지서 -> 없음,,,,,,
BPD110106463,(의정부)호원신도4차,호원신도4차아파트,,,,,,
BPS010207122,(일산)탄현12서광_아파트,탄현서광(6661동103호),,,,,,
BPD110111291,(구리-퇴계원)진접휴먼시아17단지,진접휴먼시아17단지(9999동105호),,,,,,
BPS010207069,(일산)문촌마을17신안_아파트(9999-102),문촌마을신안(9999동102호),,,,,,
BPD110106483,(의정부)금오풍림아이원(8888-101),,,,,,,
BPD110112069,(구리-퇴계원)진접금강펜테리움,진접금강펜테리움(9999동101호),,,,,,
BPS010208161,(파주)그린시티동문,그린시티동문(8888동2호),,,,,,
BPS010407013,(의정부)송산한라비발디아파트,송산한라비발디(9999동109호),,,,,,
BPD110106503,(의정부)장암동신현대,장암동신현대아파트(7777동5호),,,,,,
BPS010404054,(구리-남양주)E016_평내중흥S클래스2단지 (888-1),평내마을중흥S클래스2단지(888동1호),,,,,,
BPS010402043,(의정부)신곡서해,신곡서해아파트(112동124호),,,,,,
BPD110118436,(의정부)신한헤스티아1(9-101),신한헤스티아1(9동101호),,,,,,
BPS010201155,(일산)풍동숲속7단지주공(888-1),풍동숲속마을7단지(888동1호),,,,,,
BPS010403025,(구리)인창동원베네스트,구리인창동원베네스트(9999동2호),,,,,,
BPD110106439,(구리-남양주)임광그대가아파트,임광그대가아파트,,,,,,
BPS010203094,(덕양)푸른마을5단지_풍림아이원아파트,푸른마을5단지풍림아이원(999동103호),,,,,,
BPD110106183,(덕양)사리현3단지동문굿모닝힐f:,사리현3단지동문굿모닝힐(999동101호),,,,,,
BPD110106484,(구리-덕소)아이파크,덕소아이파크(999동102호),,,,,,
BPD110106472,(구리-퇴계원)강남1차아파트,퇴계원강남(9999동101호),,,,,,
BPD110106278,(일산)양지마을2단지건영빌라(999-102),양지마을2단지건영빌라(999동102호),,,,,,
BPS010201006,(일산)강촌5-2라이프_아파트,강촌마을라이프2차아파트9999동101호,,,,,,
BPD110107341,(진접)신영지웰생활지원센터,신영지웰생활지원센터,,,,,,
BPS010202010,(덕양)동양트레빌II_아파트,동양트레벨II 999동101호,,,,,,
BPD110173440,(구리)도농동부센트레빌아파트,다산센트레빌(999동101호),,,,,,
BPS010202026,(덕양)별빛9한일벽산_아파트,별빛9단지(999동107호),,,,,,
BPS010202029,(덕양)샘터2단지(분양)_아파트,샘터2단지(888동108호),,,,,,
BPD110106346,(동두천)_덕계윤중후레시빌_아파트,윤중아파트(999동101호),,,,,,
BPD110117579,(덕양) 성사동 어울림오피스텔9901호,㈜어울림엘에스,,,,,,
BPD110106802,(구리-남양주)차산리풍림아이원1차,신창현풍림아이원1차(999동101호),,,,,,
BPS010405017,(구리-덕소)V002_우성-V011_아파트,한강우성아파트(9999동6호),,,,,,
BPD110106635,(의정부)호원한국개나리,호원한국개나리아파트(9999동1호),,,,,,
BPD110106574,양주한승9999동4호,양주한승아파트,,,,,,
BPS010202052,(덕양)옥빛17주공_아파트,옥빛마을17단지(1715동103호),,,,,,
BPS010406046,(동두천)_생연상우_아파트(V014),상우아파트,,,,,,
BPS010207063,(일산)문촌10동부_아파트(동부썬프라자),동부썬프라자(999동101호),,,,,,
BPS010203017,(덕양)달빛2단지부영_아파트,달빛2단지부영(888동103호),,,,,,
BPS010207120,(일산)탄현10동문_아파트,탄현마을10단지동문(1088동103호),,,,,,
BPS010206041,(일산)현대홈타운1차_아파트,"일산1차현대홈타운(999동101호),모자분리완료(202402)",,,,,,
BPD110128229,[구리]세경프라자1동1001호(132-82-90483),세경프라자관리단 세금발행,,,,,,
BPD110106469,(구리)부영프라자(132-82-90315),부영프라자관리단,,,,,,
BPS010203075,(덕양)은빛마을6단지상가_BB-H,화정은빛6단지 부영1상가,,,,,,
BPS010405014,(구리-덕소)E004_덕소한솔강변- (9999-1),덕소한솔강변(9999동1호),,,,,,
BPD110111558,(구리-퇴계원)진접센트레빌시티 3단지 (9999-101),진접동부센트레빌시티3단지(9999동101호),,,,,,
BPD110115827,(구리-퇴계원)진건주공2차,진건주공2단지(999동103호),,,,,,
BPS010202033,(덕양)소만1단지_아파트,소만1단지 부영아파트,,,,,,
BPD110106520,(의정부)호원가든2차(999-102),호원가든2차(999동102호),,,,,,
BPD110106512,"[구리]농수산물도매시장 82005호(132-82-03988),세금발행 1328203988","구리농수산물공사 회계과,1151kw (26년 1월29일까지 12월분 입금. 2월2일까지 1월분 입금.)",,,,,,
BPD110106593,(의정부)호원신도7차,"신도7차(999동 105호,106호)",,,,,,
BPD110106616,(의정부)금오현대아이파크,금오현대Ipark(9999동1호),,,,,,
BPD110111364,(구리-퇴계원)예당마을신안인스빌,예당마을신안인스빌(8888동103호),,,,,,
BPS010407031,(의정부)민락산들마을4단지(999-104),모자분리(20년6월),,,,,,
BPS010404119,(구리-남양주)경성큰마을2단지아파트(999-103),경성큰마을2단지(999동103호),,,,,,
BPS010202088,(덕양)행신 SKVIEW2차_아파트,행신2차SKVIEW(9999동102호),,,,,,
BPS010207011,(일산)강선07유원삼환_아파트,강선7단지(9999동4호) 메일/사무실fax로만 보냄,,,,,,
BPD110106475,(구리-퇴계원)엘리시아[ ](9999-101),엘리시아(9999동101호),,,,,,
BPS010404043,(구리-남양주)E005_마석정도그랜드힐- (999-102),마석그랜드힐(999동102호),,,,,,
BPS010207157,(일산)후곡16코오롱_아파트,일산후곡16단지(8888동102호),,,,,,
BPD110106377,(양평_청평)경남아너스빌,청평경남아너스빌(8888동1호),,,,,,
BPD110110546,(의정부)고읍주공4단지,양주고읍4단지,,,,,,
BPD110111556,(구리-퇴계원)진접동부센트레빌시티2단지(9999-105),진접동부센트레빌시티2단지(9999동105호),,,,,,
BPS010207146,(일산)후곡04금호한양_아파트,후곡4단지아파트 / 5월 63180원 요청해야하네,,,,,,
BPD110111551,(구리-퇴계원)해밀마을신안인스빌,해밀마을 신안인스빌(9999동110호),,,,,,
BPS010411066,(의정부)장암동아(999-108),장암동아(999동108호),,,,,,
BPD110111743,(구리-남양주)호평6단지,대승종합관리㈜,,,,,,
BPS010207064,(일산) 문촌11건영_아파트,문촌11단지(8888동102호),,,,,,
BPS010411072,(의정부)백석가야2차,양주가야2차(9999동6호),,,,,,
BPS010207053,(일산)레이크폴리스3_빌딩 (135-82-88496),코오롱레이크폴리스3차(999동102호)전자발행 1358288496,,,,,,
BPS010203047,(덕양)신원당7단지_동신1차_아파트,신원당동신1차(706동101호),,,,,,
BPD110210770,용현애디안주상복합9999동101호,㈜덕우,,,,,,
BPS010208132,(파주)노을빛마을1단지(110-101),노을빛마을1단지(110동101호),,,,,,
BPD110106607,(의정부)호원흥화브라운빌(999-1),의정부호원흥화브라운빌(999동1호),,,,,,
BPD110106620,(의정부)금오주공그린빌4단지999동5호,금오주공그린빌4단지,,,,,,
BPS010402054,(의정부)신곡성원1차,"신곡성원1차(9999동5호,9호)",,,,,,
BPS010208078,(파주)금촌쇠재마을5단지(999-102),금촌쇠재5단지(999동102호),,,,,,
BPD110107036,(일산)숲속1단지주공,풍동숲속마을1단지(999동102호),,,,,,
BPS010404045,(구리-남양주)E007_평내예다움주공,평내마을주공아파트(9999동3호),,,,,,
BPD110106410,(구리)노블하임오피스텔,구리노블하임오피스텔(9999동101호),,,,,,
BPD110106606,(의정부)삼숭성우아침에 미소,양주성우아침의미소(9999동1호),,,,,,
BPS010202076,(덕양)능곡1차현대홈타운(888-101),능곡1차현대홈타운(888동101호),,,,,,
BPS010203061,(덕양)한성리츠빌_아파트,한성리츠빌,,,,,,
BPD110106458,(의정부)가능가재울일신건영휴먼빌,가재울일신건영휴먼빌(8888동1호),,,,,,
BPS010202028,(덕양)샘터1단지효성_아파트(113-7),샘터마을1단지(113동7호),,,,,,
BPS010406063,(동두천)_에이스2차_아파트,에이스2차아파트(9999동1000호),,,,,,
BPD110106675,(의정부)금오플러스,금오플러스(귀찮다고 돈을 안받겠다고함),,,,,,
BPD110106647,(의정부)금오대송프라자,대송프라자(귀찮다고 돈을 안받겠다고함),,,,,,
BPS010202006,(덕양)화정동_대우마이빌,대우마이빌 오피스텔,,,,,,
BPD110135100,제1보병사단,육군 제1570부대,,,,,,
BPS010407024,(의정부)민락뜨란채(민락주공2),민락주공2단지(212동106호),,,,,,
BPD110106516,(의정부)호원신도6(6-1)차_,"의정부신도6(6-1)차 (103,104,111호)아파트",,,,,,
BPS010414065,(구리-퇴계원)V025_오남두산2차,오남두산2차아파트,,,,,,
BPS010405019,(구리-덕소)V004_덕소주공2차- (999-3),덕소주공2단지(999동3호),,,,,,
BPD110111100,(의정부)고읍주공7단지,양주고읍7단지/고읍휴먼시아7단지(999동102호) 양주고읍휴먼시아7단지,,,,,,
BPS010411138,[의정부]센트럴타워(127-82-76121),센트럴타워관리단 1278276121,,,,,,
BPS010405015,(구리-덕소)두산위브아파트,덕소두산위브아파트,,,,,,
BPD110107727,(구리-퇴계원)오남양지e편한세상2단지,양지e-편한세상2단지(9999동102호),,,,,,
BPD110115167,(파주)한빛마을6단지,파주운정한빛마을6단지999동101호,,,,,,
BPD110117239,(구리-퇴계원)별내하우스토리,별내하우스토리(9100동3호),,,,,,
BPD110162347,(일산)드림월드_901-2호601-82-72619,드림월드관리단운영위원회(전자) 6018272619,,,,,,
BPD110106498,(의정부)장암현대1차,장암현대1차아파트,,,,,,
BPD110106206,[덕양]행신동 예일센스빌1차_아파트(141-81-04548) 1418104548,"다드림한마음주식회사,20kw",,,,,,
BPD110106206,[덕양]행신동 예일센스빌1차_아파트(141-81-04548),"다드림한마음주식회사,198kw",,,,,,
BPS010208007,(파주)경신아파트관리사무소,경신아파트,,,,,,
BPD110118885,(일산)Y-HAUS(Y하우스),풍동Y-haus(7777동1호,,,,,,
BPD110107284,(파주)봉일천 성호아파트,봉일천성호아파트,,,,,,
BPD110140389,(덕양)관산더퍼스트프라임(999-101),관산더퍼스트프라임(아파트)999동101호,,,,,,
BPD110108067,(의정부)만송한내들6단지,은빛마을유승한내들6단지(999동2호),,,,,,
BPS010411164,(의정부)가능신동아파라디움,가능신동아(9999동101호),,,,,,
BPD110106664,[의정부]양주프라자 3차(0101호)(516-86-02152) 김미영,"양주프라자3,4차관리단(금호환경산업) / 4508703426",,,,,,
BPD110106663,[의정부]양주프라자2차(127-80-28663),양주프라자2차관리단 1278028663,,,,,,
BPS010402070,(의정부)신곡부용,신곡부용아파트,,,,,,
BPD110106612,(의정부)녹양힐스테이트,녹양힐스테이트아파트(999동101호),,,,,,
BPD110107195,(동두천)_월드메르디앙,동두천월드메르디앙(999동101호),,,,,,
BPD110106544,(의정부)용현11차신도브래뉴플러스,용현동신도브래뉴PLUS,,,,,,
BPD110109934,(구리-퇴계원)진접남양휴튼 (999-101),진접남양휴튼(9999동101호),,,,,,
BPD110106628,(의정부)민락이편한세상,민락e-편한세상아파트,,,,,,
BPS010404040,(구리-남양주)묵현삼익파크,삼익파크힐스(999동101호),,,,,,
BPD110106658,(의정부)대정프라자,의정부대정프라자1112호,,,,,,
BPS010201100,"[장항]메트로골드(128-81-14567),세금","율산개발㈜,236kw 1288114567",,,,,,
BPS010201100,[장항]메트로골드(128-81-14567),율산개발㈜,,,,,,
BPS010404088,(구리-남양주)창현청구 (999-102),창현청구(999동102호),,,,,,
BPS010201089,(일산)지평빌딩_3/6/9/12월,(일산)지평프라자_3/6/9/12월,,,,,,
BPS010201094,(일산)풍동성원2차_아파트,풍동성원아파트입자대표회의 청구년월을 202606부터 해야함!,,,,,,
BPS010201093,(일산)풍동성원1차_아파트,풍동성원아파트입자대표회의,,,,,,
BPD110106445,(구리)지금동 부영아파트,남양주지금동부영(888동101호),,,,,,
BPD110106470,(의정부)호원한주5차,한주5차아파트(연체료없음),,,,,,
BPD110147991,(동두천)-E326-어나더월드(아이다빌),아이다빌(999호),,,,,,
BPD110106657,"(의정부)제일퍼스트빌3, 234-82-72501 2348272501",제일퍼스트빌III(9999동101호) 2348272501,,,,,,
BPS010207015,(일산)레이크타운_C동101호(503-82-81570) 5038281570,레이크타운관리단,,,,,,
BPD110106651,[의정부]금오센타프라자(851-88-01633) / 8518801633,㈜신우비엠 1동01호 031-853,,,,,,
BPS010201035,(일산)로얄프라자3(128-82-83590),로얄프라자상가관리단(장항로얄프라자3),,,,,,
BPD110106232,(일산)성저마을건영빌라9단지,성저마을건영빌라9단지(999동105호) / 성저마을 건영빌라 9단지 관리사무소,,,,,,
BPD110106525,(의정부)호원쌍용스윗닷홈(999-1),호원쌍용스윗닷홈(999동1호),,,,,,
BPD110106422,(구리)세신훼밀리상가번영회,세신훼미리상가(111호). 연정액. 347000,,,,,,
BPD110113360,(구리-퇴계원)강남건영2차APT,퇴계원강남2차아파트,,,,,,
BPS010201135,[일산]고양교보생명보험일산사옥(102-81-11097) 1,교보생명보험㈜ 1,,,,,,
BPS010203040,(덕양)성사어울림마을1단지888동102호_아파트,신원당1단지동문아파트,,,,,,
BPD110106818,(의정부)호원푸른마을,3/6/9/12,,,,,,
BPD110106496,(구리-퇴계원)정광산호아파트,정광산호아파트,,,,,,
BPD110106432,(구리-퇴계원)오남리신우아이딜1차아파트,신우아이딜1차아파트(999동102호),,,,,,
BPD110106182,(덕양)한화엘르빌_꿈의그린,한화꿈에그린(8888동101호),,,,,,
BPD110106204,(덕양)SM마이다스아파트,SM마이다스아파트1동9901호,,,,,,
BPS010201144,(일산)쌍용한성상가[백마5단지상가_BB-H](청구액),백마5단지쌍용한성상가(청구액),,,,,,
BPD110108865,(구리-퇴계원)진접 자연앤어울림,남양주자연앤어울림(999동101호),,,,,,
BPD110120756,(덕양)능곡 남정시티프라자5차,격월,,,,,,
BPD110106482,(구리-덕소)선플렉스(1-9901호),크린개발132-81-99264전자. SAP에서 2월26일 발급한 세금계산서 조회가 안됨.,,,,,,
BPS010202113,(덕양)행신 윤창_아파트,행신윤창(999동101호),,,,,,
BPS010202081,(덕양)능곡 센트럴빌딩(고객번호 815),다드림한마음㈜,,,,,,
BPD110106373,(동두천)-지행 성지S&B-E017(130-81-95641),"주식회사 세움(1동9909호,성지에스앤비타워)",,,,,,
BPS010406094,(동두천)-지행 개림프라자-E509(130-81-95641),주식회사 세움(9999동101호),,,,,,
BPS010406049,(동두천)-지행 생연프라자-E018(130-81-95641),"주식회사 세움(9999동199호,생연프라자) / 1월22일 발행한 세금계산서랑 청구서 금액이 다름. 세금계산서 금액으로 입금함",,,,,,
BPD110106575,(구리)한성1차아파트,3/6/9/12,,,,,,
BPD110109332,[일산]시대프라자(101동104호)128-82-70488 1288270488,3/6/9/12_,,,,,,
BPD110109332,[일산]시대프라자(2동220호)128-82-70488 1288270488,3/6/9/12_,,,,,,
BPD110118077,(덕양)별빛8단지상가,별빛마을8단지상가번영회(월정액 아님!!!),,,,,,
BPD110192504,구리(퇴계원)별내효성해링턴아파트,별내효성해링턴코트(9999동107호),,,,,,
BPD110108802,행신주공프라자_992호,3/6/9/12,,,,,,
BPD110226785,(삼송)보림프라자,연정액 79200원 / 2027년엔 자동이체로(6-7월 확인전화 후 입금),,,,,,
BPD110225505,(남양주)한림미소가,연정액 280800원,,,,,,
BPD110116156,(구리-남양주)별나라타워,"연납 - 자동이체, => 연납 맞음",,,,,,
BPD110130458,(은평)_챌라넥스빌,연정액 30000원,,,,,,
BPS010207007,(일산)강선03한신_아파트,강선마을3단지한신아파트 월정액(15일청구),,,,,,
BPD110183486,소미빌빌딩,"월정액 2,413원",,,,,,
BPD110229332,(덕양) 향동동 43-8 다세대주택,"월정액 2,848원. 월초에 빨리 달라고 하는 진상 사업장.",,,,,,
BPS010207112,(일산)탄현03부영_아파트,월정액 35588원. 탄현마을3단지 8888동 2호 -> 유선전기료 아님. 8888동 3호 -> 35588원 정액제.,,,,,,
BPD110230311,(파주) 동패동1947-2 다세대주택,월정액 2796원,,,,,,
BPD110190157,(일산)플라리스105동,월정액,,,,,,
BPD110190187,(일산)플라리스106동,월정액,,,,,,
BPD110186776,(일산)플라리스107동,월정액,,,,,,
BPD110118193,(덕양) 공군명성아파트,월정액,,,,,,
BPD110134851,(동두천)-포천-일동승진-E002,월정액,,,,,,
BPD110114073,(의정부)가능신도1차,월정액,,,,,,
BPN021025982,(일산)우신프라자(장항동),월정액,,,,,,
BPD110137289,(덕양)밀레니엄타워,월정액,,,,,,
BPD110114722,(덕양)대경프라자-빌딩,월정액,,,,,,
BPD110118969,(덕양) 대경프라자 1,월정액,,,,,,
BPD110119926,(덕양)능곡 삼성프라자,월정액,,,,,,
BPD110106367,(양평)꽃여울아파트,월정액,,,,,,
BPD110106369,(양평)미르젠아파트,월정액,,,,,,
BPD110106462,(구리-남양주)엠투프라자,월정액,,,,,,
BPD110109936,(구리-남양주)호평ACE프라자,월정액,,,,,,
BPD110106550,(구리-남양주)평내 다모아프라자,월정액,,,,,,
BPD110205263,와동동 1625-4,월정액,,,,,,
BPD110208986,자연애가3차(20년10월부터 장비추가로 인상),월정액,,,,,,
BPD110219336,"산호프라자(월5,400원)",월정액,,,,,,
BPD110126810,(의정부)부곡리청운빌딩,월정액,,,,,,
BPD110111618,(의정부)장암골드프라자,월정액,,,,,,
BPD110133079,(의정부)용현대양빌나동,"9월부터 지급 월 18kwh, 4400원",,,,,,
BPD110118965,(동두천)-지행 드림하우스-E368,매월 4400원 - 2025년3월까지 미입금할것(과납),,,,,,
BPD110118964,(동두천)-지행 선진하우스-E369,매월 4400원 - 2025년6월까지 미입금할것(과납),,,,,,
BPD110225918,(덕양)원흥동 645-4,"매월 3,168원",,,,,,
BPD110225969,(동두천)옥정라피네트더테라스(월드메르디앙),"월정액109,125원 436.5kwh",,,,,,
BPD110225564,(의정부)의정부역센트럴자이앤위브캐슬,"입주자 대표 회의 후 모자분리 결정되면 협약예정 그 전까지 월 1,283,370원 지급",,,,,,
BPD110226339,(양주)옥정동1062-4,"월정액 15kwh, 36,000원",,,,,,
BPD110112202,정발마을3단지,월정액 (당월에 입금하기. 미리입금X. 중순~월말에 입금),,,,,,
BPD110153760,(의정부)광사673-1상가주택,"월납/14kwh, 3,525원",,,,,,
BPD110106615,(의정부)호원가든1차,"호원가든1차(999동104호) 월납/468kwh, 120,000원/ 월정액으로 변경",,,,,,
BPD110164058,(파주) 국제빌딩,"연납->월납 변경 10월부터 지급 월 12.5kwh, 2,506원",,,,,,
BPD110114042,(구리)다우스케어,다우스퀘어(9901호)_17500 - 선fax 후지출,,,,,,
BPS010411103,(의정부)녹양동원2차,"녹양동원2차(9999동2호,3호)",,,,,,
BPD110213829,의정부(도봉산아르쥬),아르쥬(이유나),,,,,,
BPN021029286,일산두성코아,두성코아,,,,,,
BPD110107426,백송프라자(덕이동),분기납,,,,,,
BPD110106436,구리인창주공6단지아파트999동101호,구리인창6단지아파트,,,,,,
BPD110114075,(덕양)위시티4단지,일산자이4단지(9999동109호),,,,,,
BPD110114539,(덕양)식사위시티주상복합,일산자이주상복합,,,,,,
BPD110215431,킨텍스꿈에그린한화아파트,모자,,,,,,
BPD110215772,"STATION615 1동9991호, 9992호","동의정부(스테이션615)1동9991호, 9992호",,,,,,
BPD110108464,(파주)한울마을4단지휴먼시아,"하절기에어컨f:9479113,미래에이비엠",,,,,,
BPD110218247,양주 옥정주공16단지,,,,,,,
BPD110219190,남양주더프라미스(상가),더프라미스운영위원회,,,,,,
BPS010201089,지평프라자,"3,6,9,12",,,,,,
BPD110155242,(덕양)육군제2573부대_1포병여단,,,,,,,
BPD110107427,남수프라자,반기납,,,,,,
BPD110220448,구리(퇴계원)금곡리 삼부르네상스더테라스,,,,,,,
BPS010414103,구리(퇴계원)퇴계원쌍용예가아파트,,,,,,,
BPD110144471,서울프라자,3/6/9/12,,,,,,
BPD110221843,삼성캐슬104동(풍동),,,,,,,
BPD110221845,삼성캐슬105동(풍동),"월정액2,401원(연납으로변경지출)",,,,,,
BPD110222402,(양평)까뮤이스테이트(전원주택단지),신규월납,,,,,,
BPD110177438,(일산)일산아이파크1단지,연납,,,,,,
BPD110222986,제2167부대(605수송대대(7176부대))_이동면 노곡리888-3(이동면 성장로818-85),반기납,,,,,,
BPD110106413,구리(남양주)금곡프라자,수차례 전화했으나 무답변,,,,,,
BPD110210151,구리(남양주)창현리728 대광프라자,,,,,,,
BPD110225932,(LH)남양주권역,"분기정액366,448원, 1,075kwh",,,,,,
BPD110226014,(LH)고양권,,,,,,,
BPS010204034,문산중앙상가2동902호,문산중앙시장,,,,,,
BPD110137090,(동두천)_전곡_가람채,,,,,,,
BPD110226086,(LH)LH 의정부권역,,,,,,,
BPD110225659,(의정부)고산수자인,,,,,,,
BPD110225002,(의정부)JS 홈타운,,,,,,,
BPD110118052,(의정부)광사657 메가시티프라자,,,,,,,
BPD110106159,일산프라자,분기납. 종량제,,,,,,
BPD110227118,(양주)이편한세상 덕정역 스카이,,,,,,,
BPD110227109,(일산)까뮤이스테이트,,,,,,,
BPD110227108,(양주)회천베네스트,,,,,,,
BPD110227120,(파주)LH 파주권,"분기납 / 260,186원 / 24년 9월까지 완료",,,,,,
BPD110223210,구리(퇴계원) 갈매동 W타워,,,,,,,
BPD110227154,(의정부)고산수자인디에스티지 2단지,,,,,,,
BPD110119667,(파주) 청원센트럴타워,,,,,,,
BPD110123703,(의정부)호원빌딩,,,,,,,
BPD110227205,(덕계)v프라자,,,,,,,
BPD110126416,(일산)성일빌딩,,,,,,,
BPD110106584,(구리)신아월드코아,,,,,,,
BPD110211197,의정부(삼성에코빌2차),,,,,,,
BPD110122624,태형미림,,,,,,,
BPD110139802,대성빌딩,,,,,,,
BPD110227245,(양주)송추역 북한산 경남 아너스빌,,,,,,,
BPD110227244,(덕양)대곡역 두산위브 1단지,,,,,,,
BPD110227242,(신곡)고산수자인디에스티지1단지,,,,,,,
BPD110227230,(고양)어반스카이 상가,,,,,,,
BPD110227229,(고양)어반스카이 아파트,,,,,,,
BPD110118244,(구리)부영중앙상가,,,,,,,
BPD110226550,(남양주)힐스테이트지금디포레,,,,,,,
BPD110111132,하늘마을7단지(일산)중흥s클래스,하늘마을7단지(일산)중흥s클래스,,,,,,
BPD110106869,(의정부)신곡시티메디타운,,,,,,,
BPD110223289,의정부(삼숭동 545-1),,,,,,,
BPD110117145,(덕양)능곡 토당동 성원상떼빌2차APT 상가,,,,,,,
BPD110226945,(양주)양주회천 10단지,,,,,,,
BPD110137794,(구리-퇴계원)별내 오션타워1,,,,,,,
BPD110227290,(덕양)고양삼송한강듀클래스,174-82-79560,,,,,,
BPD110227302,(덕양)힐스테이트라피아노 삼송 1단지,,,,,,,
BPD110227303,(덕양)힐스테이트라피아노 삼송 3단지,,,,,,,
BPD110217488,[파주]목동동797-5,,,,,,,
BPD110217490,[파주]목동동 706-1,,,,,,,
BPD110217492,[파주]다율동 992-6,,,,,,,
BPD110214050,(파주)산내마을9단지 힐스테이트(상가),,,,,,,
BPD110206054,(파주)목동동770-1(가재울로94번길48-0),,,,,,,
BPD110206742,동의정부(민락동788-1),,,,,,,
BPD110206053,(파주)목동동840-3(가재울로30-0),,,,,,,
BPD110192587,동의정부 폴리프라자3,,,,,,,
BPD110206622,구리_토평동977-10,,,,,,,
BPD110106598,(구리)세신인창종합상가,,,,,,,
BPD110191553,동두천_동두천_스타프라자,,,,,,,
BPD110223180,의정부(대상센트럴 아파트),,,,,,,
BPD110135918,(덕양)성사동 성원코아,,,,,,,
BPD110225034,삼우빌라(일산동구중산동),,,,,,,
BPD110211431,(덕양)몽벨리에빌라(식사동),,,,,,,
BPD110217350,동두천_행복마을,,,,,,,
BPD110129839,(의정부)낙양부용마을3단지(403-82-84049),,,,,,,
BPD110112060,(원효)효창파크푸르지오,효창파크푸르지오 9999동 102호,,,,,,
BPD110227614,(고양)에벤에셀,,,,,,,
